id_interno,id_contacto,edad,ciudad,tipo_documento,rango_salarial,tipo_vivienda,tiene_dependientes,num_dependientes,estado_civil,usa_drogueria,usa_hoteles,usa_agencias,tiene_mascota,tipo_mascota,tipo_vehiculo,producto_comprado
3d426b0f-91f9-4a4c-9ae1-026dd8edb308,3967204186,28,Funza,CC,2.5_3,propia,true,1,viudo,false,false,false,false,,moto,MOTO-01
54a252f2-2df0-4537-b9e0-397591ec9500,ana.torres62@outlook.com,36,Bogotá,CC,3_4,propia,true,1,viudo,false,false,false,false,,moto,DEUDOR-VIDA-01
39f09fd7-df23-4d2c-8d6c-d7a05b549077,paula.garcia7@outlook.com,39,Bogotá,CC,3_4,propia,true,3,union_libre,false,false,false,true,perro,ninguno,ARRENDA-01
06af395f-26e5-42e0-b9a7-3f36cdbb71bb,3485896549,33,Bogotá,CC,1_1.5,familiar,false,0,union_libre,false,true,false,true,perro,bici,BICI-01
52b85ecf-a1c2-44af-986c-bcfac4c7dfab,laura.ortiz31@hotmail.com,26,Bogotá,CE,1.5_2,arrendada,false,0,union_libre,false,false,false,true,gato,ninguno,BICI-01
2286a07c-771e-4216-879f-74bd1869bc39,valentina.torres79@gmail.com,22,Bogotá,CC,1_1.5,propia,false,0,casado,false,false,false,true,gato,carro,BICI-01
69c4a485-0cb7-4774-a88f-f7471579c6a2,3282613624,32,Bucaramanga,CC,20_30,arrendada,false,0,soltero,false,false,false,true,gato,carro,PET-PREP-01
17ec6a2b-2fc8-4a5e-8299-bb641bae1309,3170805310,66,Soacha,CC,3_4,propia,false,0,casado,false,false,false,false,,carro,MOTO-01
3a313689-9544-45c2-b25d-d694b1e7a763,3730334160,37,Bogotá,PA,4_6,propia,false,0,viudo,true,false,false,true,gato,bici,VIDA-01
7229b9a5-43cc-465e-ab1e-e38b8526f570,3270548748,48,Bucaramanga,CC,menor_smlv,arrendada,true,4,divorciado,true,true,false,true,perro,ninguno,ASMED-01
ebf327c7-cb20-40c6-a210-7d597cde2c9a,3940777809,74,Barranquilla,CC,6_8,propia,true,2,viudo,false,false,false,true,gato,ninguno,PET-ASIS-01
1ccc284f-45cb-46c5-9df7-98cb535290af,3601692364,67,Zipaquirá,CC,mayor_30,arrendada,false,0,viudo,true,false,false,true,perro,carro,ASMED-01
6557cca3-9a66-4acc-8e4a-8aecbde177c9,3491361657,44,Bogotá,CC,3_4,propia,true,2,casado,false,false,false,true,perro,carro,PET-ASIS-01
5f0a0b71-29b2-4a74-8b1b-430dd9b11d6e,carlos.lopez58@gmail.com,64,Cali,PA,2_2.5,familiar,true,3,viudo,false,false,true,false,,carro,VIDA-01
3435b790-2329-4eb0-b773-154c186b4c3d,,53,Bogotá,CC,menor_smlv,propia,false,0,casado,false,false,false,true,gato,moto,APEXEQ-PAL-01
feb4df54-c8ea-4214-aa16-a9908ef3dc16,3229468976,58,Bogotá,CC,1_1.5,arrendada,false,0,divorciado,false,false,false,false,,ninguno,DEUDOR-VIDA-01
c4d975ff-1673-421f-b52c-c1efc9115850,diana.rodriguez62@yahoo.com,28,Bogotá,CC,4_6,familiar,true,2,union_libre,true,false,false,true,gato,ninguno,PET-SEG-01
5d6d5663-c4ad-4d3a-9fbb-1c793258d402,3281122314,34,Bogotá,CC,8_10,familiar,true,4,casado,false,false,false,true,gato,ninguno,HOGAR-01
66ffe4e0-091d-4d14-98cb-1b035e0c86e9,3202948747,64,Mosquera,CC,1_1.5,propia,true,2,viudo,true,false,false,false,,moto,EXEQ-01
aa7341b0-bb01-4874-9dc1-fdfdb75c96a2,3380617799,50,Bogotá,CC,10_20,propia,true,3,casado,false,false,false,true,otro,ninguno,BICI-01
3584ca72-ad8a-4a52-a439-66418565ca12,,73,Bogotá,CC,1.5_2,propia,true,2,divorciado,false,false,false,false,,moto,VIDA-01
a12889cb-cd58-4001-8493-c61885cd7fda,3109518885,66,Barranquilla,CC,6_8,familiar,true,4,viudo,true,false,false,true,otro,ninguno,ASMED-01
a6e06d8d-230b-46b7-a8da-ae227b25a8b6,3821549630,50,Bogotá,CC,2_2.5,familiar,false,0,divorciado,false,false,false,true,gato,carro,DEUDOR-VIDA-01
ad21ea9c-af9e-459e-924e-0267cf0dd2fa,sebastian.suarez4@yahoo.com,65,Medellín,CC,3_4,familiar,false,0,union_libre,false,false,false,true,perro,moto,PET-SEG-01
10755287-5ac6-4e15-b5da-b9e862c85838,3957485913,31,Bogotá,CC,6_8,arrendada,false,0,viudo,false,false,false,true,gato,ninguno,PET-SEG-01
01ca1aab-1ad0-4f5a-a024-8fb6cd327b4d,3349339650,37,Bogotá,CC,1_1.5,familiar,true,4,casado,false,false,false,false,,moto,APEXEQ-PAL-01
3c4a0adf-8f56-479c-a2e0-f96a8fe9d8f9,juan.gomez7@gmail.com,58,Cali,CC,1.5_2,familiar,false,0,divorciado,false,false,false,true,perro,ninguno,HOGAR-01
0051d4f6-98a7-4a1d-9489-cacf67d6a07b,3339187851,54,Bogotá,PA,1_1.5,propia,false,0,viudo,false,false,false,true,perro,moto,APEXEQ-PAL-01
812bda89-85ea-435c-a106-801b3e6088e8,3529517122,27,Bogotá,CC,6_8,arrendada,false,0,union_libre,true,false,false,true,perro,bici,ASMED-01
229e192f-5220-4316-be20-9a7b74ee2543,3330913891,58,Medellín,CC,20_30,familiar,false,0,viudo,false,false,false,true,otro,carro,DEUDOR-VIDA-01
3293579c-1239-45f1-8e22-8d1983e07d14,3794336447,21,Barranquilla,CE,20_30,arrendada,true,2,casado,false,false,false,true,otro,moto,HOGAR-01
945ffbcd-1aad-4131-b7e1-cac4eabcd594,,46,Bogotá,CC,2_2.5,propia,true,3,soltero,false,false,false,false,,ninguno,ARRENDA-01
98cde40e-088a-4155-8476-8305911751c2,3492627350,59,Barranquilla,CC,3_4,propia,true,1,soltero,true,false,false,true,gato,moto,ARRENDA-01
36bf0a02-2ad0-448b-9fe5-49dea67fd933,3181398909,51,Cali,CC,menor_smlv,arrendada,false,0,viudo,false,false,false,false,,ninguno,APEXEQ-PAL-01
763473a8-b4e3-4323-ae9c-6a6448d286cb,3376018325,48,Manizales,CE,20_30,familiar,false,0,viudo,false,false,false,true,perro,ninguno,HOGAR-01
f28533c2-50af-4c7e-9481-cd4f227598cd,sebastian.lopez57@gmail.com,52,Bogotá,CC,4_6,propia,false,0,soltero,false,false,false,true,perro,bici,VIDAAH-01
5d09b98f-5901-49b2-9f3f-ba8ab16134ed,3277457502,24,Mosquera,CC,2.5_3,familiar,false,0,viudo,false,false,false,true,perro,moto,ASMULT-01
1d4c65db-5b83-410c-b1e5-3635abc37581,julian.torres28@hotmail.com,48,Bogotá,CC,8_10,propia,true,4,divorciado,true,false,false,true,perro,ninguno,HOGAR-01
42b4947b-7115-4c57-8724-3e95f8a53fdc,3485708620,57,Bogotá,CC,1_1.5,familiar,true,2,union_libre,false,false,false,true,gato,moto,ARRENDA-01
af7e9011-38c8-4aa2-9d6a-86bc5d93204e,,70,Mosquera,CC,6_8,propia,false,0,casado,false,false,false,true,gato,ninguno,VIDAAH-01
b829ae45-0c85-4af6-b77f-b2310269c1b9,maria.castro42@outlook.com,26,Funza,CC,1.5_2,arrendada,false,0,viudo,true,false,false,true,gato,carro,MOTO-01
bd61d16e-2a89-4326-989a-148746ddfc66,3158799684,74,Barranquilla,CC,4_6,propia,false,0,viudo,true,false,false,false,,carro,SALUD-01
db5e10db-8af6-48ea-9b2c-c01d8f225262,,34,Soacha,CC,2_2.5,propia,false,0,viudo,false,false,false,true,perro,carro,MOTO-01
8a22ba2d-1c2d-4da0-9183-d0a035628351,david.torres35@outlook.com,26,Bogotá,CC,1.5_2,familiar,true,2,casado,false,false,false,false,,ninguno,BICI-01
adb02007-7eb9-4204-840b-d7eba9479bc7,3042863231,21,Zipaquirá,CC,1.5_2,arrendada,false,0,union_libre,false,false,false,true,gato,ninguno,MOTO-01
955e1802-b9c8-4663-8ee4-b46421966e82,3534624751,18,Medellín,CE,1_1.5,familiar,false,0,viudo,false,false,false,false,,carro,ASMULT-01
4345c830-274c-4f32-b176-0e2e4dbd7e5c,3877629746,46,Bogotá,CC,10_20,propia,true,1,divorciado,true,false,false,true,gato,ninguno,BICI-01
40fc3c2f-ae50-4849-a623-5b2a46af8869,3773651884,67,Bogotá,CC,1_1.5,propia,true,4,divorciado,true,false,false,true,perro,carro,ARRENDA-01
af821b4e-db30-46bd-ad00-9d57b015448e,3914321172,35,Medellín,CC,3_4,arrendada,true,1,union_libre,true,false,false,false,,carro,DEUDOR-VIDA-01
49d85f2a-4c56-4b16-8b34-6434a7839060,sofia.rodriguez54@outlook.com,65,Medellín,CC,3_4,propia,true,3,casado,true,false,false,true,perro,moto,HOGAR-01
cbb6bb6d-c2b7-4398-aa58-98eeaac44035,julian.rodriguez27@outlook.com,58,Cali,CC,menor_smlv,propia,true,2,divorciado,false,false,false,true,otro,bici,DEUDOR-VIDA-01
b459d1f2-388d-4117-9991-2b2edc258ff9,carlos.perez38@outlook.com,67,Bogotá,CC,8_10,arrendada,false,0,casado,false,false,false,true,otro,moto,PET-SEG-01
ab7860b5-6597-4d12-86de-3738bff3d9e3,3050198575,37,Bucaramanga,CC,menor_smlv,propia,true,1,viudo,false,false,false,false,,carro,APEXEQ-PAL-01
5ec01b5f-92af-4c3a-897b-0983e0ad722e,3537657692,49,Barranquilla,CC,6_8,familiar,true,3,casado,true,false,true,true,perro,carro,SALUD-01
5146618f-2ab5-4c98-9284-34a07adeda82,diego.rodriguez31@yahoo.com,23,Barranquilla,CC,2_2.5,propia,true,1,casado,false,false,false,true,perro,carro,SALUD-01
e8a141db-de5e-459c-aae6-3512eff2a1de,3886758755,61,Cali,CE,4_6,arrendada,false,0,soltero,false,false,false,false,,carro,HOGAR-01
1ea05814-28fa-49ef-9f05-3be7059aa8a2,3105185079,48,Cali,CC,1.5_2,propia,false,0,viudo,false,false,false,false,,moto,ARRENDA-01
292e9edb-dc34-407d-90d6-3ff29af2cafd,natalia.martinez48@gmail.com,44,Manizales,CC,6_8,familiar,true,2,soltero,true,false,false,false,,ninguno,VIDAAH-01
64a82214-ba77-4bca-bb2f-cad226a63efc,valentina.suarez42@gmail.com,44,Bogotá,CC,20_30,familiar,false,0,casado,false,false,false,true,perro,carro,PET-SEG-01
ca5a86fb-cd52-406a-b577-258124f97064,,18,Bogotá,CC,2.5_3,propia,false,0,soltero,true,false,false,true,gato,moto,HOGAR-01
56700ff4-a8db-4938-ba55-edce57e3b786,,26,Bogotá,CC,4_6,propia,true,3,casado,false,false,false,false,,bici,DEUDOR-VIDA-01
4832edce-7cfb-4d76-9d9d-30145610c13b,,33,Bogotá,CC,2.5_3,propia,false,0,soltero,false,false,false,true,otro,ninguno,PET-ASIS-01
47b89d3d-b924-4ba2-8c0c-a8e3f0c955a5,carlos.florez14@yahoo.com,61,Medellín,CC,menor_smlv,arrendada,false,0,viudo,true,false,false,false,,moto,APEXEQ-PAL-01
7f48f6cb-0a4f-41b7-bdad-5c341d307df5,ana.lopez65@hotmail.com,66,Medellín,CC,2.5_3,arrendada,false,0,divorciado,false,false,false,false,,ninguno,DEUDOR-VIDA-01
1e19f699-689d-40bb-a2fa-59f7b205fd77,maria.rodriguez38@gmail.com,64,Bogotá,CC,1.5_2,familiar,true,3,divorciado,true,true,false,true,otro,moto,VIDA-01
4dad9b28-d6d6-45fe-96c1-74088eca8c42,3559428249,25,Medellín,CC,1_1.5,familiar,false,0,divorciado,true,true,false,true,perro,carro,SALUD-01
28e59e37-361e-455a-a643-3988695de0ad,3112379281,34,Cali,CC,mayor_30,familiar,true,1,casado,true,false,false,true,gato,ninguno,PET-SEG-01
f6a9ae8d-ffb5-4b5c-9e21-b4fb73e8d490,ana.gonzalez53@yahoo.com,45,Bogotá,CC,6_8,arrendada,true,2,soltero,false,false,false,true,gato,ninguno,VIDAAH-01
3d8fc2cb-1fa6-422d-bb0e-a8e0dde9da5a,3919062315,65,Bucaramanga,CC,2_2.5,propia,false,0,union_libre,false,false,false,true,gato,ninguno,ASMULT-01
91031f56-e3a0-441d-9b65-b988528e820c,camila.moreno43@hotmail.com,57,Zipaquirá,CC,10_20,familiar,false,0,divorciado,false,false,false,true,perro,ninguno,EXEQ-01
b911fee7-089f-423c-996c-53c5a7fba1e6,laura.rodriguez18@yahoo.com,34,Bogotá,CC,4_6,arrendada,true,2,viudo,false,false,false,true,perro,moto,PET-SEG-01
5bf23283-77f2-4cf3-bfe7-4e854902fa88,3889743540,72,Barranquilla,CC,8_10,arrendada,false,0,viudo,false,false,false,false,,carro,HOGAR-01
739e35ac-a98f-4051-8267-bf9d1b4c2a00,3898305748,49,Bogotá,CC,6_8,familiar,false,0,viudo,false,false,false,false,,carro,VIDAAH-01
fcd10388-a911-404e-bcba-7dc2f73424f9,3030564415,53,Bogotá,CC,10_20,arrendada,false,0,viudo,false,false,false,false,,ninguno,MOTO-01
73fd8991-d418-4047-ba0c-a4655da17fba,3049474214,29,Medellín,CC,3_4,arrendada,true,2,divorciado,true,false,false,true,perro,ninguno,BICI-01
6d261954-b46a-46b0-8e2a-988f220e4dda,juan.suarez81@outlook.com,37,Bogotá,CC,2.5_3,propia,true,1,casado,false,false,false,true,perro,moto,PET-PREP-01
f8d7351e-8ab7-4036-b194-7896d3a333ef,,62,Zipaquirá,CC,1_1.5,familiar,true,3,viudo,false,false,false,false,,ninguno,PET-SEG-01
fbf7d509-8513-4aa1-b43c-a8ce356ce2b4,3511639714,41,Medellín,CC,6_8,propia,false,0,divorciado,false,false,false,true,perro,carro,VIDAAH-01
47efa51d-5739-41c4-a6f6-4386c006c08a,felipe.sanchez22@hotmail.com,30,Medellín,CC,4_6,propia,true,1,viudo,false,false,false,true,perro,carro,DEUDOR-VIDA-01
ee98863c-5aed-49f1-9248-2c50736e65c6,3682288542,47,Bogotá,CC,2_2.5,familiar,false,0,union_libre,false,false,false,true,perro,moto,PET-SEG-01
6caca03f-7abc-463b-9eef-7663fb0c41d5,3477866032,35,Soacha,CC,menor_smlv,propia,true,3,union_libre,false,false,false,true,perro,carro,MOTO-01
ba41e7c0-9d44-45d3-b7a5-a7258e856bb1,3035608970,42,Bogotá,CE,2_2.5,familiar,false,0,casado,false,false,true,false,,ninguno,ASMULT-01
7ad32f73-5b9b-4a44-91cd-7ede414afb34,paula.jimenez84@gmail.com,44,Bogotá,CC,3_4,propia,false,0,casado,false,false,false,true,perro,moto,ASMULT-01
dcae0eca-cbd0-4d1e-af76-e99e301026a2,luis.lopez39@gmail.com,33,Mosquera,CC,2.5_3,propia,true,4,divorciado,false,false,false,true,perro,bici,MOTO-01
eb48de43-ffd2-4e98-afc4-45f3fc86058d,3432183024,29,Soacha,CC,2_2.5,familiar,false,0,union_libre,false,false,false,true,perro,carro,DEUDOR-VIDA-01
e76b5fb8-2d15-4680-a69a-f0f1cc20c345,3609626265,51,Bogotá,CC,1.5_2,arrendada,true,2,soltero,false,false,false,true,perro,carro,PET-PREP-01
4565edb4-83cd-4b00-9470-c1b56daaf0ca,3472587844,34,Mosquera,CC,menor_smlv,propia,false,0,union_libre,false,false,false,true,perro,carro,MOTO-01
2aea3261-d744-452e-9f2f-1c247973c5e9,laura.torres51@gmail.com,55,Cali,CC,mayor_30,arrendada,false,0,soltero,true,false,false,false,,ninguno,DEUDOR-VIDA-01
4e7581be-42d1-46d1-a02a-0505d0bef529,3569659171,62,Barranquilla,CC,20_30,propia,true,3,divorciado,false,false,false,true,gato,moto,PET-PREP-01
3f16fc49-64af-42ee-affb-03bba7ac05e1,3474697851,31,Bogotá,CC,4_6,familiar,true,1,viudo,false,false,false,true,otro,ninguno,HOGAR-01
504ec12f-c3f0-41b9-9de7-1fc084fa0023,3850116880,55,Bogotá,CE,mayor_30,propia,false,0,union_libre,false,false,false,true,gato,ninguno,EXEQ-01
de146b32-0d0d-4c7a-8e61-69ad6b5e2bd4,3449179216,39,Bogotá,CC,1_1.5,arrendada,true,1,soltero,true,false,false,true,perro,moto,BICI-01
5490cffe-74bd-47e9-aecb-b2b427812ef4,3342583230,42,Bogotá,CC,6_8,propia,false,0,soltero,false,false,false,true,otro,ninguno,VIDAAH-01
0f5e11e8-e710-4bbc-91ec-25faabcea8ae,sebastian.florez43@gmail.com,24,Bogotá,CC,2.5_3,familiar,true,4,soltero,false,true,false,true,otro,moto,BICI-01
b655e6d4-06b3-49dd-b873-89068af5264c,3547887287,35,Medellín,CC,2_2.5,propia,true,3,casado,true,false,false,true,otro,moto,ASMED-01
727f8079-bfc0-4926-8d0d-cc01ccdcef76,3238595129,58,Bogotá,CC,mayor_30,propia,true,4,casado,true,false,false,true,perro,ninguno,HOGAR-01
f142576f-b2f0-4c28-b67f-59925c985909,3246155224,59,Medellín,CE,mayor_30,propia,true,1,casado,false,false,false,true,gato,ninguno,DEUDOR-VIDA-01
da117171-e28a-469b-b9e3-0941dd7bf837,3329544055,35,Bogotá,CC,20_30,arrendada,true,2,casado,true,false,false,false,,bici,VIDA-01
4c6c11ec-92a2-42fc-a8ea-e59035e6a899,3480985448,47,Mosquera,CC,1.5_2,familiar,true,1,union_libre,false,false,false,true,perro,carro,ARRENDA-01
1980908d-c679-4917-a982-9d968a3a04ca,3265496330,62,Soacha,CC,8_10,propia,false,0,casado,true,false,false,true,perro,ninguno,ASMED-01
267bfdbf-7e09-4c18-984e-a95598c97c06,3677473510,21,Mosquera,CC,4_6,arrendada,true,3,union_libre,false,false,false,true,perro,ninguno,BICI-01
66aac472-3b2f-43e6-b26f-e3b892723ba7,,60,Bogotá,CC,1.5_2,arrendada,false,0,viudo,false,false,false,false,,ninguno,EXEQ-01
3c115c91-6c42-4e59-add1-ef12c496a8fd,daniela.torres83@hotmail.com,40,Soacha,CE,10_20,propia,true,2,soltero,true,false,false,true,perro,ninguno,HOGAR-01
5a55854e-64b7-42d9-8c20-5b59347bdab2,3316421963,67,Bogotá,CC,2.5_3,arrendada,true,1,soltero,false,false,false,true,otro,bici,PET-PREP-01
8da9713d-5f10-4beb-a01c-0677aa49628d,3182118148,75,Medellín,CC,3_4,propia,false,0,divorciado,true,false,false,false,,bici,EXEQ-01
dd41b989-5ba1-476a-a09a-8e37ccf7c858,jorge.ortiz8@hotmail.com,34,Zipaquirá,CC,2_2.5,propia,false,0,casado,false,false,false,false,,ninguno,MOTO-01
1c40cc3a-d6fe-4c58-8fba-745cfc440668,3931365651,61,Zipaquirá,CC,10_20,familiar,false,0,casado,true,false,false,true,perro,ninguno,SALUD-01
32ea40fe-4ad6-457c-a335-9ccff54afa43,3886865629,75,Funza,CC,1.5_2,arrendada,true,2,casado,true,false,false,true,perro,ninguno,SALUD-01
b224f880-e767-4ed8-8cae-dfb2dfda2e5d,sebastian.lopez48@gmail.com,34,Medellín,CC,2.5_3,familiar,true,3,soltero,true,false,false,false,,moto,ASMULT-01
0ea4c655-eaca-484b-85f1-429b83ff16a3,3214210611,72,Funza,CC,2.5_3,propia,true,1,divorciado,false,false,false,false,,moto,VIDA-01
a04c5471-5c62-473a-91ad-ccb904e5cc60,3153644316,28,Bogotá,CC,2_2.5,propia,false,0,soltero,false,true,false,true,gato,moto,DEUDOR-VIDA-01
07cdf509-cbb6-47ee-86a6-603761bf4b00,daniela.ramirez52@yahoo.com,62,Bogotá,CC,10_20,arrendada,true,1,viudo,true,false,false,true,perro,carro,PET-ASIS-01
9a2d3cec-554b-4899-bbd0-b00707cfc093,3627135896,54,Zipaquirá,CC,2_2.5,propia,false,0,union_libre,true,false,false,true,otro,ninguno,DEUDOR-VIDA-01
5e81af50-f319-4af2-babe-248ce20c9ed3,3833826561,54,Medellín,CC,2_2.5,familiar,false,0,viudo,false,false,false,true,perro,moto,ARRENDA-01
9c369b9e-827e-4692-8697-98106f784b7f,3022149161,21,Bogotá,CC,mayor_30,propia,true,3,casado,false,false,true,true,perro,ninguno,PET-SEG-01
e969a8c9-a4fe-4916-9650-e1a2fb1c39f9,3801526074,52,Cali,CC,4_6,familiar,true,2,union_libre,false,false,false,true,gato,bici,PET-SEG-01
875f289a-9bc8-4973-ba7e-e5738c87ae1f,carolina.suarez22@outlook.com,58,Medellín,CC,4_6,propia,false,0,viudo,false,false,false,true,perro,ninguno,BICI-01
0b72c235-3ca8-470d-a4f2-1e52ad03eae2,laura.garcia53@hotmail.com,49,Bogotá,CC,4_6,familiar,false,0,casado,false,false,false,true,perro,ninguno,VIDAAH-01
0b32bab0-8b00-4458-85d0-85a55f954f06,3092335174,43,Medellín,CC,6_8,arrendada,true,4,union_libre,true,false,false,true,otro,carro,VIDAAH-01
91b86b1c-c27d-4ece-971c-135f137d80d8,3201901134,52,Cali,CC,1_1.5,propia,true,2,viudo,true,false,false,true,perro,ninguno,APEXEQ-PAL-01
ede2302d-3336-49e0-b758-793b683a5a7a,3318939749,18,Medellín,PA,10_20,arrendada,true,1,divorciado,false,false,false,true,gato,carro,PET-PREP-01
0eb8b658-ba71-4e5b-b792-636dc17f53a1,diego.florez15@gmail.com,39,Cali,CC,menor_smlv,propia,true,4,divorciado,false,false,false,false,,ninguno,ARRENDA-01
00339d1e-6998-4b1a-8bf7-dcc342027c42,3723125242,29,Bogotá,CC,3_4,propia,true,3,divorciado,false,true,false,true,gato,moto,BICI-01
3cf72e52-9a49-4963-a909-a7e381bed4cb,,68,Bogotá,CC,1_1.5,arrendada,false,0,viudo,false,false,false,true,perro,bici,DEUDOR-VIDA-01
63454ac0-409f-468e-a9ec-eb761867d928,felipe.lopez62@gmail.com,66,Bogotá,CC,2_2.5,familiar,false,0,casado,false,false,false,true,perro,carro,ARRENDA-01
ae764cc2-be9d-4934-b215-aa2e5621ef84,3890906609,37,Bogotá,CC,1.5_2,familiar,false,0,casado,false,false,false,true,otro,ninguno,ARRENDA-01
7190c201-a93b-4857-8adb-b5ad83d56a37,3971775170,24,Medellín,CC,4_6,arrendada,true,1,viudo,false,false,false,true,perro,ninguno,PET-ASIS-01
89730fe0-330b-4b63-a2fa-ca69bb4f2160,3296782866,23,Medellín,CC,10_20,familiar,true,2,viudo,false,true,false,false,,ninguno,ASMED-01
bf654311-72f6-4cd0-910c-0d90e1108510,3019743575,61,Barranquilla,CE,mayor_30,familiar,false,0,viudo,true,false,false,true,perro,bici,HOGAR-01
086dbd10-b6b6-4a49-90da-2fb35c9aa3c5,carlos.vargas88@hotmail.com,47,Barranquilla,CE,8_10,arrendada,true,2,soltero,false,false,false,true,perro,moto,HOGAR-01
04a6bc54-bb18-4477-bca3-f845fc8691c7,3227504465,68,Bucaramanga,CC,mayor_30,arrendada,false,0,divorciado,true,false,false,false,,ninguno,PET-PREP-01
eb46879c-235a-4938-a4e9-d851d375cf47,3040446463,52,Cali,CC,10_20,familiar,true,2,casado,false,false,false,false,,carro,BICI-01
c4b38ce4-94a2-43dd-86ad-9dcaabd79d14,felipe.martinez52@gmail.com,59,Medellín,CC,mayor_30,familiar,false,0,soltero,false,false,false,false,,ninguno,EXEQ-01
a32b0d48-e190-4381-b99a-d7a51c99347e,3138522359,19,Bucaramanga,CC,menor_smlv,propia,false,0,divorciado,false,false,false,false,,ninguno,ASMULT-01
f3534e4e-d8f0-4bae-b178-e74224770ed2,,18,Barranquilla,CC,2.5_3,propia,true,3,viudo,false,false,false,true,perro,carro,BICI-01
863f8a7c-5ca3-4b55-b1a8-c98b4d42a775,3558391115,62,Cali,CC,2_2.5,propia,false,0,soltero,true,false,false,true,otro,carro,EXEQ-01
b5e60443-cd80-4208-b7a2-1808ee1f408c,,23,Bogotá,CC,20_30,propia,false,0,union_libre,true,false,false,true,otro,moto,SALUD-01
ea51968c-4677-4beb-a468-82473001d72d,3746453316,66,Cali,CC,menor_smlv,familiar,true,3,soltero,false,false,false,true,gato,ninguno,ASMULT-01
61a9a632-c9b0-4986-b74c-a33c4ea37de2,3584419866,70,Zipaquirá,CE,3_4,propia,true,3,soltero,false,false,false,false,,ninguno,MOTO-01
c258c522-c3b4-44b1-833b-1297033a3ffc,andres.ortiz11@outlook.com,26,Medellín,CC,3_4,familiar,true,2,soltero,false,false,false,true,perro,ninguno,BICI-01
0ccf8456-0819-4540-adf0-43d5e4ea8117,3400672466,30,Bogotá,CC,10_20,propia,false,0,casado,true,false,false,true,gato,ninguno,SALUD-01
8b4fe2df-73d6-4492-a0e1-d52d5b977560,3547435537,56,Cali,CC,3_4,propia,false,0,casado,true,true,false,false,,carro,SALUD-01
00d3339e-3e7d-4c25-95ae-fec9d3d5d004,paula.moreno22@yahoo.com,43,Soacha,CC,4_6,propia,false,0,union_libre,false,false,false,false,,ninguno,VIDAAH-01
e19a5e0a-861c-410d-8cb1-4079162d834d,3093781460,28,Bogotá,CE,6_8,familiar,true,4,soltero,false,false,false,true,perro,ninguno,BICI-01
e14a3815-50e4-48b5-9ad5-2d2b06865e2d,3938841368,64,Soacha,CC,mayor_30,propia,false,0,viudo,false,true,false,true,otro,ninguno,HOGAR-01
573170fc-30eb-4500-b33e-7b7b484c1800,ana.gonzalez23@yahoo.com,47,Bogotá,CC,6_8,familiar,true,4,viudo,true,false,false,true,perro,moto,ASMED-01
68eaefd8-0bac-41dc-b42e-5794a3d89d58,3508159590,44,Bogotá,CC,6_8,propia,false,0,union_libre,false,false,false,true,perro,carro,VIDAAH-01
244ab532-5d1b-40e0-9f79-dae17549582e,3495370575,35,Bogotá,CC,10_20,arrendada,false,0,soltero,false,false,false,true,perro,ninguno,ARRENDA-01
a5c367f9-12ab-4cca-93a5-d2f4c2118903,carlos.rodriguez64@gmail.com,56,Medellín,CC,1.5_2,arrendada,true,1,soltero,false,false,false,true,otro,bici,EXEQ-01
9846019f-f811-489a-99bf-da5ede41b281,3412528669,26,Soacha,CC,menor_smlv,arrendada,true,4,casado,false,false,false,true,perro,carro,APEXEQ-PAL-01
41460ff5-c1c9-475a-8937-3a2127849799,3706324241,59,Bogotá,CC,2_2.5,arrendada,true,1,union_libre,false,false,false,false,,carro,DEUDOR-VIDA-01
03a2f3e2-be26-44b0-9b84-d3df8ad2ffc6,3829694541,60,Medellín,CC,2.5_3,familiar,true,1,casado,false,false,false,true,perro,ninguno,ASMULT-01
2a6fe8e6-7386-4524-8bb3-2514f4fd2911,,48,Mosquera,CC,3_4,familiar,false,0,soltero,false,false,false,true,gato,carro,MOTO-01
90432c55-4444-476a-b378-1ec00ca1093f,3245248816,73,Cali,CC,8_10,familiar,true,2,union_libre,false,false,false,true,perro,bici,HOGAR-01
e21d7e26-2dcc-4a26-8cde-d61bb96cac2c,juan.moreno8@yahoo.com,57,Zipaquirá,CC,menor_smlv,propia,true,2,viudo,false,false,false,true,otro,ninguno,MOTO-01
5ea196b8-5a5e-44ff-81e7-7122d5459311,3616222772,45,Mosquera,CC,1_1.5,propia,true,3,union_libre,false,false,false,false,,carro,APEXEQ-PAL-01
9dec6220-ce0e-4135-bad7-172c3386e504,,42,Bogotá,PA,3_4,arrendada,true,2,viudo,false,false,false,true,perro,moto,PET-SEG-01
efac3533-d816-41f0-8535-4706138868c7,3371107068,44,Mosquera,CC,2_2.5,familiar,true,4,union_libre,false,false,false,true,gato,moto,ASMULT-01
1403c81b-c6c1-44cd-9577-e769d7827788,camila.lopez10@hotmail.com,40,Mosquera,CC,menor_smlv,familiar,false,0,union_libre,true,false,false,true,perro,carro,MOTO-01
8383e65a-68b4-42f5-9a04-e389032b7999,juan.rodriguez66@hotmail.com,33,Funza,CC,20_30,propia,false,0,casado,true,false,false,false,,ninguno,VIDAAH-01
ce50c8fa-91e4-4d10-9c64-55bfa4e899b2,,32,Bogotá,CC,menor_smlv,arrendada,false,0,casado,false,false,false,true,perro,moto,APEXEQ-PAL-01
801d9e06-85f3-4f74-b57d-a60849e99330,3969579457,75,Barranquilla,CC,10_20,arrendada,true,3,union_libre,true,false,false,true,otro,carro,EXEQ-01
e3dd9cea-2c8d-4454-b049-6f3a1afc490f,valentina.lopez44@hotmail.com,20,Funza,CC,2.5_3,propia,false,0,soltero,true,false,false,true,perro,moto,MOTO-01
3105ec20-115e-4602-ad31-8a800c2bdf9b,sofia.torres36@gmail.com,61,Bogotá,CC,1_1.5,propia,true,4,soltero,false,false,false,true,gato,ninguno,BICI-01
e17bcc0d-2dd2-432a-8b07-ab9ec3f0faef,3512896220,56,Mosquera,CC,8_10,familiar,true,2,union_libre,true,false,false,true,perro,ninguno,EXEQ-01
f352bd3a-33c3-4173-9d2c-de50af0114e1,,34,Bogotá,CC,6_8,arrendada,false,0,soltero,true,false,false,true,perro,ninguno,ASMED-01
99d800d1-523f-4380-a5bd-91aff64a76de,3148502759,58,Manizales,CC,mayor_30,propia,false,0,viudo,true,false,true,true,perro,ninguno,PET-SEG-01
0f3d7327-b0ed-4708-ab6c-8b41289529e8,3545447022,68,Bucaramanga,CC,1_1.5,arrendada,false,0,soltero,false,false,false,true,gato,carro,APEXEQ-PAL-01
9dfeb57e-c146-4d82-a4de-2d6d2ea328af,3609102764,54,Mosquera,CE,4_6,arrendada,false,0,casado,false,false,false,false,,carro,VIDAAH-01
f56a92ca-1f4a-4b86-b345-d21c140464ed,3805749875,51,Medellín,CE,mayor_30,arrendada,true,1,casado,false,false,false,true,perro,ninguno,DEUDOR-VIDA-01
594aa03d-ae52-445c-809c-c411c261f487,,53,Medellín,CC,menor_smlv,propia,true,4,divorciado,false,false,false,true,perro,moto,HOGAR-01
d9861571-8ccd-4124-9f13-0f0fb107fa07,diana.sanchez66@hotmail.com,65,Barranquilla,PA,mayor_30,familiar,false,0,casado,false,false,false,true,perro,moto,PET-PREP-01
be6be23b-f00c-4c86-9fa7-91270fa5c242,jorge.suarez59@yahoo.com,37,Mosquera,CC,menor_smlv,propia,true,3,casado,false,false,false,true,gato,ninguno,ASMULT-01
8289571a-c5c8-408b-8a33-04fbdfaf9fb9,3041257771,23,Bogotá,CC,1_1.5,familiar,false,0,casado,false,false,false,false,,ninguno,ASMULT-01
06ef1dc0-9229-4f94-8481-a5108be9a048,3307799751,36,Cali,CC,6_8,propia,true,1,divorciado,false,false,false,false,,ninguno,VIDAAH-01
2e17047b-1292-415b-a50b-40bee26c02ee,luis.vargas83@yahoo.com,31,Bogotá,CC,2.5_3,familiar,false,0,viudo,false,false,false,false,,ninguno,DEUDOR-VIDA-01
c5a1ffd2-21f8-428d-b117-dd58773fe3a0,3640165820,27,Bogotá,CC,10_20,familiar,true,4,soltero,true,false,false,false,,bici,HOGAR-01
dc936052-3647-41b3-9ee0-b0d5ae2b8e97,3778145647,64,Bogotá,CC,6_8,propia,false,0,divorciado,true,false,false,true,perro,moto,HOGAR-01
89ffbaec-198e-42ca-bb98-190fe297c821,sebastian.sanchez86@outlook.com,60,Bogotá,CC,menor_smlv,arrendada,true,2,viudo,true,false,false,false,,carro,ASMULT-01
7843a6fc-22db-4dd0-b4b8-3f9734deec09,3681032022,34,Cali,CC,menor_smlv,propia,false,0,divorciado,true,false,false,true,gato,moto,PET-SEG-01
baad1dd4-a292-4089-8a7a-50ba8be75f1a,3234282097,51,Soacha,CC,8_10,arrendada,true,2,casado,true,false,false,true,perro,moto,BICI-01
2c9d961f-bfac-4f98-9643-e7ea50991aac,3512070496,22,Bogotá,CC,1_1.5,familiar,true,1,viudo,true,false,false,true,otro,bici,PET-PREP-01
d26fc455-1f04-4eda-aed2-c9f7ffba9487,,32,Bucaramanga,CC,8_10,propia,false,0,union_libre,false,false,false,false,,moto,BICI-01
872e2cef-8a76-4b17-965c-cd0bd2975bb2,felipe.suarez32@yahoo.com,27,Medellín,CC,1_1.5,familiar,false,0,soltero,false,false,false,true,perro,carro,ARRENDA-01
78390dcb-083b-4a32-8eb7-be046fd4a887,,18,Medellín,CC,2_2.5,propia,false,0,soltero,false,false,false,true,perro,carro,DEUDOR-VIDA-01
32764b18-268e-433f-b1ad-cc66f530f61b,3951113997,66,Funza,CC,2.5_3,arrendada,false,0,casado,false,false,false,true,otro,carro,MOTO-01
5fbfcc97-c06b-4222-ae41-305501238428,valentina.ortiz76@hotmail.com,29,Bogotá,CC,1_1.5,arrendada,true,2,viudo,false,false,false,true,otro,carro,DEUDOR-VIDA-01
a6104d54-e61e-40fd-ac1d-e1b242f2b375,3075350246,54,Bogotá,CC,menor_smlv,familiar,true,3,soltero,true,false,false,true,perro,bici,APEXEQ-PAL-01
4d3c7e1d-aa9d-4387-88c8-6bddb4be05dd,3272720667,41,Cali,CC,2.5_3,familiar,false,0,soltero,false,false,false,true,perro,carro,DEUDOR-VIDA-01
251e4829-99ce-4edd-ab65-278a7b2ffacc,3429430003,47,Bogotá,CC,1.5_2,propia,true,2,casado,false,false,false,false,,ninguno,ARRENDA-01
2c24c090-42d2-4947-bc70-b4068736df37,3620555438,28,Bucaramanga,CC,menor_smlv,familiar,true,3,divorciado,false,false,false,true,perro,bici,BICI-01
b132e4c1-e6de-4cbb-8c70-2e14bb5e05be,3497992291,21,Medellín,CC,mayor_30,familiar,true,1,divorciado,false,false,false,true,perro,moto,PET-SEG-01
dff765ff-e6cd-4a6c-8a78-ea90096ccf73,3647107935,27,Cali,CC,6_8,arrendada,false,0,divorciado,false,false,false,false,,moto,BICI-01
6bfbff26-2084-4260-abb8-6303133771af,3773177427,52,Bogotá,CC,10_20,familiar,true,3,casado,false,false,false,true,perro,ninguno,HOGAR-01
1c0b356f-348c-4849-bb08-7a887111b653,3050969961,64,Mosquera,CE,menor_smlv,propia,false,0,soltero,false,false,false,true,perro,carro,APEXEQ-PAL-01
62eb870f-cd53-42e1-b7c8-88b94b5e8855,3785138544,66,Barranquilla,CC,20_30,arrendada,false,0,divorciado,true,false,false,true,perro,ninguno,HOGAR-01
018783d8-be4d-4f85-9aa9-451b250b8068,,73,Bogotá,CC,10_20,propia,false,0,divorciado,true,false,false,true,perro,carro,VIDA-01
8de72a73-ca2d-402b-b95a-6240a39e7867,3492785234,51,Funza,CC,6_8,familiar,true,1,union_libre,true,false,false,true,perro,carro,VIDAAH-01
3f8743e6-17cf-4102-96ed-12b4bd478517,3674978524,56,Medellín,CC,1_1.5,arrendada,false,0,soltero,true,false,false,false,,moto,SALUD-01
bce8b3d7-1277-4fbb-b2e3-4d535d6f0397,david.perez31@hotmail.com,22,Bogotá,CC,3_4,familiar,true,4,viudo,false,false,false,false,,bici,DEUDOR-VIDA-01
8689465c-6485-42a7-8661-cd73c7f563a9,3905270259,26,Bogotá,CC,4_6,propia,false,0,soltero,false,false,false,false,,moto,BICI-01
f7a75910-2eed-4dca-a08a-143c1af36431,3015083345,22,Medellín,CC,8_10,familiar,false,0,viudo,true,false,false,false,,carro,HOGAR-01
83d61045-5cc5-4ad5-bcb2-64389be6dfa7,3302515716,71,Bogotá,CC,1_1.5,familiar,false,0,union_libre,false,false,false,true,perro,moto,PET-SEG-01
3a8214cf-6719-4ebb-a055-073e883da599,3499987093,33,Soacha,CC,1_1.5,propia,true,2,divorciado,false,false,false,false,,carro,APEXEQ-PAL-01
f0663b30-3989-427a-8fe8-3a378405818e,luis.gonzalez65@outlook.com,73,Bogotá,CC,menor_smlv,familiar,false,0,viudo,false,false,false,true,perro,ninguno,EXEQ-01
319d6904-4e69-4333-8474-5c77f2fed65d,diego.vargas16@gmail.com,45,Bogotá,CC,menor_smlv,familiar,true,1,soltero,false,false,false,true,perro,ninguno,DEUDOR-VIDA-01
acf60289-4b59-4fae-b85e-955ba012ae17,camila.florez16@gmail.com,39,Bogotá,CC,1.5_2,arrendada,false,0,divorciado,false,false,false,true,perro,moto,DEUDOR-VIDA-01
b38df245-2170-468f-bbbf-074b7d90fb3b,3412865581,45,Funza,CC,4_6,arrendada,false,0,viudo,true,false,false,true,perro,carro,VIDAAH-01
040dbaf3-4fe8-4256-960a-31194592331c,3817576018,20,Cali,CC,8_10,arrendada,true,4,union_libre,false,false,false,true,gato,moto,PET-SEG-01
83a599bf-e178-4dcd-887f-8575b0964d55,3667885168,29,Bogotá,CC,menor_smlv,propia,true,3,casado,false,false,false,true,gato,carro,DEUDOR-VIDA-01
4bb3ae89-1fb6-47c1-ab98-41454144ee47,3705550133,30,Medellín,CC,2.5_3,propia,true,1,divorciado,false,false,false,true,perro,ninguno,HOGAR-01
74051ed0-a5b5-4399-9825-886b5ce79b37,paula.ortiz86@yahoo.com,34,Mosquera,CC,1_1.5,arrendada,false,0,viudo,true,false,false,true,perro,moto,SALUD-01
d03df19b-94ae-4d48-8817-b44e7c18cb7e,,58,Soacha,CC,20_30,arrendada,false,0,union_libre,false,false,false,false,,moto,HOGAR-01
85ee7a27-3dbc-476c-9e1b-3a43be8d9b51,3882691311,63,Bogotá,CC,10_20,familiar,false,0,divorciado,false,false,false,false,,ninguno,HOGAR-01
39e7aa61-a9c7-4658-82ac-89f05c4828bb,,26,Cali,CC,1_1.5,familiar,true,3,viudo,false,true,false,true,perro,moto,ASMULT-01
7ab6c34b-73fc-4840-a007-dea77e4d7ab4,3404705712,71,Zipaquirá,CC,menor_smlv,arrendada,false,0,divorciado,false,false,false,false,,carro,ASMULT-01
fc414c49-1f81-42d6-852b-417d05119ab6,,26,Zipaquirá,CC,2.5_3,arrendada,false,0,soltero,false,false,false,true,perro,moto,BICI-01
52dc87b3-d01f-4359-9a0a-83144e7706ca,3219569320,41,Bogotá,CC,1_1.5,propia,true,4,union_libre,true,false,false,true,otro,moto,DEUDOR-VIDA-01
e18cf9e3-375e-4293-8f35-ecc3e1a588a2,julian.moreno49@outlook.com,32,Medellín,CE,4_6,arrendada,true,1,viudo,true,false,false,false,,carro,BICI-01
7bcb2ead-bc1d-4982-8af7-e3e245c32f81,3116846038,69,Mosquera,CC,3_4,arrendada,false,0,soltero,false,false,false,false,,ninguno,ASMULT-01
807f0250-126f-407e-ab0e-5aa815668336,3328099970,26,Bucaramanga,CC,2.5_3,arrendada,false,0,soltero,false,false,false,true,perro,ninguno,PET-SEG-01
04726db1-1185-4bc0-b192-9018110806fd,3593358515,60,Bucaramanga,CC,1_1.5,familiar,false,0,union_libre,false,false,false,true,gato,carro,HOGAR-01
7502f3ec-d00d-421e-a21f-81f6c577f914,juan.martinez43@outlook.com,45,Medellín,CC,10_20,propia,true,1,viudo,false,false,false,true,perro,moto,HOGAR-01
7b2042ef-a4ee-4f12-ba74-4a0019490c53,3107476031,20,Bogotá,CC,6_8,arrendada,true,4,casado,false,false,false,true,gato,ninguno,HOGAR-01
4ea82d14-b066-41e6-a8a9-d5ba8a9602af,,26,Medellín,CC,3_4,arrendada,false,0,divorciado,false,false,false,false,,ninguno,DEUDOR-VIDA-01
b511df4c-763c-4c10-af86-99bea3c53051,3120339801,62,Soacha,CC,mayor_30,familiar,false,0,divorciado,true,false,false,true,perro,ninguno,EXEQ-01
031aaa65-0578-40e3-8675-f745fc5bdc82,daniela.torres83@hotmail.com,30,Medellín,PA,3_4,arrendada,false,0,soltero,true,false,false,true,perro,ninguno,BICI-01
c2feef99-1e59-4cfd-98f4-cc5e4517e816,3827305976,45,Bogotá,CC,1.5_2,propia,true,3,soltero,false,false,false,true,perro,carro,ARRENDA-01
9b94de42-9648-4a7a-9fbe-d9d1151d5338,santiago.sanchez36@outlook.com,44,Cali,CC,menor_smlv,propia,false,0,divorciado,false,false,false,true,perro,ninguno,BICI-01
e750bc16-5b23-492a-8e6d-9bb2f9195c22,3013267736,75,Funza,CC,1.5_2,propia,true,4,soltero,false,false,false,true,gato,moto,MOTO-01
c733c4d1-d850-46b9-b4ac-033f575400af,luis.rodriguez44@yahoo.com,73,Bogotá,CC,1_1.5,propia,false,0,soltero,false,false,false,true,perro,ninguno,DEUDOR-VIDA-01
e8f2a1a5-870b-4b99-9ba0-2afd98f2c9a7,,68,Barranquilla,CC,1_1.5,propia,false,0,soltero,false,false,false,false,,ninguno,DEUDOR-VIDA-01
8e1d3a47-37be-40d2-a351-cdc7a15e50a8,,52,Bucaramanga,CC,4_6,arrendada,true,3,casado,false,false,false,true,gato,moto,PET-ASIS-01
d94c9829-057d-4647-846e-aff1de292726,3251225846,47,Medellín,CC,menor_smlv,familiar,false,0,soltero,true,false,false,false,,moto,APEXEQ-PAL-01
a55c787d-aae0-45e6-95ad-d516ed392037,diego.gomez91@yahoo.com,20,Cali,PA,mayor_30,familiar,true,2,union_libre,false,false,false,true,otro,ninguno,PET-PREP-01
35a49c89-8258-4487-bd94-87a8ffeaa52a,3879060488,63,Manizales,CC,10_20,familiar,false,0,casado,true,false,false,true,perro,ninguno,EXEQ-01
4ab01e4f-a229-4b1d-be94-b47b8d7ffadd,santiago.moreno14@gmail.com,70,Barranquilla,CC,2.5_3,familiar,true,1,casado,false,false,false,false,,ninguno,EXEQ-01
6f64623e-a2e6-4f47-a47a-c3789352a681,3659980166,40,Barranquilla,CC,8_10,familiar,true,1,casado,false,false,false,false,,moto,VIDA-01
ebbf1d71-dfc5-4657-8893-8cd5de8fd4f0,natalia.rojas10@hotmail.com,74,Mosquera,CC,2_2.5,arrendada,true,3,soltero,false,false,false,true,perro,moto,MOTO-01
a8e9b165-7b0d-43c4-809f-e2e8be7b9347,diego.sanchez73@outlook.com,31,Barranquilla,CC,1.5_2,arrendada,false,0,divorciado,false,false,false,true,gato,ninguno,VIDA-01
9364ece6-5843-48ab-860a-46492916cb97,3793938124,19,Bogotá,CC,1_1.5,arrendada,false,0,divorciado,false,false,false,true,otro,bici,MOTO-01
4fdeba92-82e5-4dba-be77-e22b27dc5c09,3752949775,43,Cali,CC,3_4,arrendada,true,1,casado,false,false,false,true,perro,carro,PET-ASIS-01
7d9df8dc-e8c9-4423-a393-3c2dcf1cff44,david.lopez98@outlook.com,61,Bogotá,CC,2_2.5,arrendada,true,2,viudo,false,false,false,false,,moto,BICI-01
3bbe9ae8-269b-4765-bc64-62057d601810,3325868481,19,Bogotá,CC,2.5_3,propia,false,0,union_libre,false,false,false,true,otro,carro,ARRENDA-01
6f44d348-adbc-4bdb-86f0-e81e472edae3,santiago.garcia33@hotmail.com,26,Zipaquirá,CC,8_10,propia,false,0,casado,false,false,false,true,perro,carro,PET-ASIS-01
f7deef69-c4d3-4a63-81f7-a96c9bb7136e,3009740733,54,Barranquilla,CC,6_8,propia,true,3,soltero,false,false,true,false,,ninguno,VIDA-01
824b1107-8f9f-4ce3-a6d1-1019d39d1299,3712398891,31,Bogotá,CC,mayor_30,familiar,false,0,viudo,false,false,false,true,perro,moto,MOTO-01
12f1959f-1a74-4104-a72c-2d1558acf8b7,,52,Medellín,CC,2.5_3,propia,false,0,soltero,true,false,false,true,perro,ninguno,DEUDOR-VIDA-01
a987c5d6-5550-4f0d-9415-05b1d193e5db,3355462228,74,Bogotá,CC,mayor_30,arrendada,false,0,divorciado,false,false,false,true,otro,carro,PET-SEG-01
325143c3-9793-4c4b-8562-905926f73c8e,3037219304,73,Bucaramanga,CC,1_1.5,familiar,false,0,soltero,false,false,false,true,otro,moto,BICI-01
01843eaa-c15c-4827-a941-c4706cfc99de,,56,Zipaquirá,CC,3_4,propia,false,0,divorciado,false,false,false,true,perro,carro,MOTO-01
92a899e5-c557-44c8-bbbe-84775855029c,,71,Cali,CC,1_1.5,familiar,true,3,casado,true,false,false,true,otro,ninguno,APEXEQ-PAL-01
c8781c1d-985a-4111-bd98-f9b78936b5c2,3610237264,32,Mosquera,CC,1_1.5,propia,true,1,union_libre,false,false,false,true,perro,bici,APEXEQ-PAL-01
62b73094-c6b5-4ad7-90ff-fac7cdc26865,3273255382,47,Mosquera,CC,menor_smlv,arrendada,false,0,casado,false,false,false,false,,ninguno,APEXEQ-PAL-01
70cbea6a-c258-453b-b430-e35ef8b784e8,3655553566,57,Bogotá,CC,3_4,arrendada,false,0,union_libre,false,true,false,true,otro,carro,ARRENDA-01
91cf2e93-1848-4df9-9a4a-3c22d145dc2a,sebastian.gonzalez14@outlook.com,54,Medellín,CC,menor_smlv,arrendada,false,0,divorciado,true,false,false,false,,ninguno,SALUD-01
38a30dc3-887e-4508-965f-f1428f7b363b,3960896744,32,Zipaquirá,CC,20_30,arrendada,false,0,viudo,false,false,false,true,otro,moto,BICI-01
6794885e-c9c6-4b35-bc67-89212191eac7,julian.suarez65@yahoo.com,58,Medellín,CC,2.5_3,propia,false,0,union_libre,true,false,false,true,perro,ninguno,ASMULT-01
1da25df1-ac83-40fe-9169-29f72235e746,3065940139,34,Bogotá,CC,menor_smlv,familiar,false,0,union_libre,false,false,false,true,perro,bici,BICI-01
a77d3c6d-aebf-4a9b-8b3a-44b523ca4194,3238687007,71,Cali,CC,10_20,arrendada,false,0,casado,true,false,false,true,gato,ninguno,PET-PREP-01
85edceef-97bc-45c1-82c6-677eac5d8fd2,3510250666,74,Medellín,CC,2.5_3,familiar,false,0,viudo,false,false,false,true,gato,carro,DEUDOR-VIDA-01
5d3fb761-b148-4d80-8b03-b8e393961c28,3951763524,25,Mosquera,CC,2_2.5,familiar,true,1,casado,false,false,false,true,gato,carro,ARRENDA-01
a8d4147e-0c35-49e1-a840-f8cc21c46526,paula.gonzalez86@hotmail.com,60,Bogotá,CC,3_4,familiar,false,0,divorciado,false,false,false,false,,ninguno,EXEQ-01
c20e6726-0630-4072-98e7-4f2f146df72f,,65,Medellín,CC,10_20,familiar,true,2,union_libre,true,false,false,true,otro,carro,PET-PREP-01
cb56bf57-3819-40e2-b32f-5668e55008fa,,39,Cali,CC,2_2.5,propia,true,4,casado,false,false,false,false,,carro,ARRENDA-01
dc8c2946-c179-4c41-8f2c-cb7b95836705,3640976282,46,Bogotá,CC,1_1.5,familiar,false,0,casado,false,false,false,true,perro,moto,BICI-01
16ef96a5-f3a5-47e1-b83a-c2ee59792abd,3311175173,60,Bucaramanga,CC,2_2.5,arrendada,false,0,viudo,true,false,false,true,gato,ninguno,PET-ASIS-01
d542eba9-8089-4fa2-b1fb-06c62a807c35,3908470076,45,Zipaquirá,CE,20_30,propia,false,0,divorciado,false,false,false,true,perro,carro,HOGAR-01
e49eca36-4007-42e3-a6d5-a7bac2c23376,jorge.vargas18@gmail.com,53,Medellín,CE,3_4,arrendada,false,0,soltero,false,false,false,false,,carro,ARRENDA-01
11204006-fb6c-4f13-a025-d3f9334cc945,3198327315,72,Zipaquirá,CC,8_10,arrendada,true,1,union_libre,false,false,false,true,gato,carro,PET-ASIS-01
6a59f129-0d22-4d24-aa3d-11f825b66cf6,sebastian.lopez37@outlook.com,48,Barranquilla,CC,menor_smlv,arrendada,true,4,union_libre,false,false,false,true,perro,moto,APEXEQ-PAL-01
04e59024-956a-4061-8cf7-42b9614187ae,,66,Soacha,CC,menor_smlv,arrendada,false,0,divorciado,false,false,false,true,perro,carro,APEXEQ-PAL-01
021826bf-0746-4ce2-8c38-bf6a465f153f,3478596969,25,Barranquilla,CC,3_4,arrendada,true,4,viudo,true,false,false,true,perro,bici,PET-ASIS-01
e51f7b1f-99af-4498-b53a-d17bdd6b7436,3493881949,21,Barranquilla,CC,3_4,propia,true,1,union_libre,false,false,false,true,otro,ninguno,BICI-01
be68872a-62ae-40f1-bb82-4f9eba850684,3371059602,30,Bogotá,CC,2_2.5,familiar,false,0,viudo,false,false,false,true,perro,ninguno,VIDA-01
e8891179-276d-4c4d-8525-594e8f076db5,jorge.garcia13@gmail.com,53,Mosquera,CC,2.5_3,propia,true,4,viudo,true,false,false,true,otro,ninguno,MOTO-01
d0383481-2673-42de-85b8-766827723f5e,3420696942,23,Funza,CC,3_4,propia,true,1,soltero,false,false,false,true,perro,moto,MOTO-01
b55a09f0-3ccc-4290-a05e-4997c36c1c8d,3618028823,54,Bogotá,CC,8_10,familiar,true,3,casado,false,false,false,true,gato,bici,ARRENDA-01
d4679ba6-e979-4239-826d-661f827e71e9,carlos.gomez21@gmail.com,66,Medellín,CC,6_8,propia,true,4,casado,false,false,false,true,otro,carro,DEUDOR-VIDA-01
c8fbb0cf-df71-4024-9441-28c53f1527fa,valentina.vargas45@gmail.com,40,Bucaramanga,CC,menor_smlv,arrendada,false,0,soltero,false,false,false,false,,ninguno,ARRENDA-01
7da4ee68-c18e-41e4-82db-2f4b79b671db,paula.jimenez25@gmail.com,32,Bogotá,CC,3_4,familiar,false,0,divorciado,false,false,false,true,perro,bici,ARRENDA-01
3ecfdc2d-7637-4cab-9c98-dac4e54be1f8,3508257232,55,Medellín,CC,6_8,familiar,true,2,soltero,true,true,false,true,perro,moto,VIDAAH-01
27e9fcdb-a2d6-45c8-8226-377b4fac2c8f,andres.jimenez97@outlook.com,22,Medellín,CC,8_10,propia,true,1,viudo,true,false,false,false,,ninguno,BICI-01
1af17817-27b6-4a3c-b909-2f3001bc81c1,3460534657,36,Funza,CC,3_4,familiar,true,4,viudo,true,false,false,true,otro,carro,ARRENDA-01
79ca47b0-d04d-40ac-b341-43369ff5f60f,3875418156,31,Soacha,CC,4_6,arrendada,false,0,viudo,false,false,false,true,perro,ninguno,HOGAR-01
4044b26a-2e9a-4dff-b03b-64d2c8850c42,diego.ramirez46@yahoo.com,51,Zipaquirá,CC,6_8,familiar,true,4,divorciado,false,false,false,false,,moto,VIDAAH-01
33ea69c6-8c92-49c9-9311-0c9069cd8ac8,carolina.lopez11@yahoo.com,60,Soacha,CE,10_20,propia,true,3,union_libre,true,false,false,true,perro,carro,SALUD-01
2d9e3125-0422-43ec-86ad-74272db07578,3803166479,71,Medellín,CC,1_1.5,familiar,true,1,casado,false,false,false,false,,ninguno,APEXEQ-PAL-01
cbc7d2d2-3f2e-4f69-9634-34c900ac2f7c,sebastian.perez57@yahoo.com,41,Mosquera,CC,10_20,arrendada,true,4,viudo,true,false,false,true,perro,ninguno,DEUDOR-VIDA-01
c51faa77-292e-475b-9777-bdaacba5fccc,3343153293,71,Medellín,CC,1_1.5,arrendada,true,2,viudo,true,false,false,false,,carro,VIDA-01
b8d5e19c-2eb9-42ed-a83f-014e1958c2cf,camila.perez74@yahoo.com,62,Zipaquirá,CC,8_10,propia,false,0,viudo,false,false,false,false,,carro,HOGAR-01
ac311201-3268-48b2-831d-880450f0fa51,3423159637,67,Bogotá,CC,1_1.5,propia,true,1,viudo,true,false,false,false,,moto,EXEQ-01
9193b524-43b1-4d4f-85a0-ce4bed73017d,,61,Mosquera,CC,menor_smlv,propia,true,1,union_libre,true,false,false,false,,carro,MOTO-01
1e55c201-d121-42c3-a2ad-31216e28e3e9,3173702153,52,Funza,CC,2.5_3,arrendada,false,0,soltero,false,false,false,false,,moto,PET-SEG-01
9a8df509-e4c4-47ba-b536-b6a1ccb5e4f0,3815334533,52,Cali,CC,2.5_3,propia,true,1,viudo,false,false,false,true,perro,ninguno,PET-SEG-01
e7ddc994-43b9-4707-95a3-c5010969cd31,carlos.rojas44@outlook.com,60,Bucaramanga,CC,4_6,propia,false,0,union_libre,false,false,false,true,perro,bici,EXEQ-01
73eaad04-03fd-48c9-8f44-79eeb7146094,,51,Cali,CC,2.5_3,arrendada,false,0,union_libre,false,false,false,false,,ninguno,HOGAR-01
aeb17493-650c-4573-81e3-e89e4bcd2f0d,3061902231,61,Bucaramanga,CC,3_4,arrendada,false,0,divorciado,false,false,false,true,gato,moto,ARRENDA-01
953e952b-0117-4af5-a04d-6ae45312351b,3319807468,59,Zipaquirá,CC,1_1.5,propia,false,0,union_libre,false,false,false,true,gato,moto,DEUDOR-VIDA-01
bc02849a-9061-40b2-b4f8-a8e5190c5da8,3003814634,26,Cali,CC,20_30,familiar,false,0,casado,false,false,false,false,,carro,HOGAR-01
d1f0a014-eb40-4c2c-9c5d-64414ce63174,3166545122,75,Medellín,CC,menor_smlv,arrendada,false,0,union_libre,true,false,false,true,perro,carro,ASMULT-01
9269375a-4eec-4459-82b9-897df7d560a9,3093466730,50,Bogotá,CC,8_10,propia,true,3,viudo,false,false,false,true,gato,moto,HOGAR-01
9bcf464e-095a-4e59-a002-cacb9caae4a6,,51,Cali,CC,10_20,familiar,false,0,union_libre,true,false,false,true,perro,moto,ASMED-01
98789bbc-4c6e-464e-99a9-d594ad807518,felipe.ramirez26@gmail.com,72,Bogotá,CC,2_2.5,familiar,false,0,viudo,false,false,false,false,,moto,EXEQ-01
63a6f55d-7d3b-4a7c-88cb-0586f3684332,3102336286,36,Cali,CC,1_1.5,propia,false,0,divorciado,false,false,false,false,,ninguno,DEUDOR-VIDA-01
c2fe4738-e27a-4851-ba59-bc0f2814e0d8,3865852288,58,Bogotá,CC,6_8,arrendada,true,1,divorciado,true,false,false,false,,ninguno,DEUDOR-VIDA-01
dffe8061-9bf5-47d9-9664-dd24837947ba,3769559126,47,Cali,CC,4_6,propia,false,0,soltero,false,false,false,true,otro,moto,VIDAAH-01
7514e637-2a1a-42c9-bfe4-8ce943c15041,3101452971,47,Barranquilla,CC,20_30,propia,true,1,union_libre,true,false,false,true,perro,moto,VIDAAH-01
3c8dc9ac-237e-49b9-bbdb-3a19969ba100,carlos.florez23@hotmail.com,46,Medellín,CC,6_8,familiar,false,0,viudo,true,false,false,true,perro,moto,VIDAAH-01
a559c9b5-1c4f-4850-ac36-f8d808cd9f79,santiago.castro12@gmail.com,69,Bucaramanga,CC,6_8,arrendada,false,0,divorciado,false,false,false,true,perro,ninguno,HOGAR-01
ecac7575-2c64-4683-8a1d-fdd188c18a4b,3912975191,49,Medellín,CC,4_6,propia,false,0,casado,false,false,false,false,,ninguno,VIDAAH-01
229eeab3-309d-4e2a-9a72-7aa99474b3dd,3011375358,28,Soacha,CC,2.5_3,propia,false,0,soltero,false,false,false,true,gato,ninguno,MOTO-01
c265bffe-ba26-4d76-843c-0c94a0413e79,,63,Medellín,CC,10_20,arrendada,true,1,soltero,false,false,false,true,perro,carro,PET-SEG-01
c3284acd-2e97-43ab-ba07-3269ee9ad6fc,felipe.rodriguez51@hotmail.com,72,Bogotá,CC,2_2.5,propia,false,0,casado,false,false,false,false,,ninguno,ASMULT-01
4694e6f9-3276-4a8a-b5dc-1f09d57ceeab,3042387680,65,Cali,CC,10_20,propia,false,0,soltero,false,false,false,true,perro,carro,BICI-01
04591039-a911-4c5e-9365-8e0685ed2e30,3485678689,28,Bogotá,CC,4_6,familiar,false,0,viudo,false,false,false,true,perro,ninguno,DEUDOR-VIDA-01
7ecfd8b1-54e2-4144-935b-06c3c0043b76,david.ortiz49@outlook.com,56,Mosquera,CC,4_6,arrendada,true,4,viudo,false,false,false,true,otro,ninguno,DEUDOR-VIDA-01
69ab8930-07c4-4cde-9d5f-e48d5fc93ba9,ana.moreno87@gmail.com,30,Mosquera,CE,10_20,propia,false,0,divorciado,false,false,false,true,gato,ninguno,BICI-01
8fdf354b-6d0b-4e2e-81eb-e94fc8a6c2d5,,62,Medellín,CC,8_10,arrendada,false,0,casado,true,false,false,false,,ninguno,HOGAR-01
ef1488d0-4ae3-4dd1-ae0b-ca2532f25f9e,3983124412,74,Medellín,PA,10_20,propia,true,4,union_libre,false,false,false,true,perro,ninguno,PET-ASIS-01
dd2cf119-fc04-4ad5-a52d-5e8fc6e9d0ac,natalia.gomez13@yahoo.com,18,Soacha,CC,8_10,arrendada,false,0,casado,true,false,false,true,perro,bici,SALUD-01
ee3c15ce-be34-4fe4-87b8-e8759b4f4cef,3538088426,68,Soacha,CC,2_2.5,propia,false,0,casado,true,false,false,false,,moto,MOTO-01
07ae4ce1-6cd1-420e-9078-965f3126fce7,andres.martinez54@hotmail.com,29,Soacha,CE,3_4,arrendada,true,4,union_libre,true,false,false,false,,ninguno,BICI-01
8314723c-f89f-4ea1-90e3-66a7f6817801,carlos.suarez52@yahoo.com,61,Bogotá,CC,2.5_3,arrendada,true,4,soltero,false,false,false,true,perro,carro,ARRENDA-01
349845d7-20e5-4fb4-ba3e-a34e8881c3b8,carolina.gomez64@yahoo.com,41,Bogotá,CC,2_2.5,arrendada,true,1,viudo,false,false,false,true,gato,ninguno,ARRENDA-01
27369559-2c7c-4b30-8a4f-711c3fd9b60a,3157368507,42,Soacha,CE,4_6,familiar,false,0,soltero,false,false,false,false,,moto,VIDAAH-01
a2e67315-3a09-4f07-8057-4d3d364e9101,3360321124,38,Bogotá,CC,8_10,arrendada,false,0,soltero,false,false,false,true,perro,bici,PET-SEG-01
830e134a-d4c1-479d-ad84-d294c0d322a0,natalia.vargas69@outlook.com,47,Mosquera,CC,3_4,familiar,false,0,viudo,false,false,false,false,,ninguno,MOTO-01
c02f7713-6b1d-45aa-b0c2-bce10f193dd4,3576343399,67,Bogotá,CC,6_8,propia,false,0,casado,true,false,false,true,perro,bici,ARRENDA-01
e04f5b46-9fba-4ef1-9cf6-5944ca84f5ea,laura.castro47@yahoo.com,53,Bogotá,CE,2.5_3,arrendada,false,0,soltero,false,false,false,false,,bici,DEUDOR-VIDA-01
c08ed9d5-8952-4d6a-a28c-afff4278dea7,3425660098,68,Cali,CC,3_4,propia,false,0,union_libre,false,false,false,true,perro,moto,DEUDOR-VIDA-01
f12599aa-983c-45b3-bb41-484a3ea835e5,3486006498,50,Cali,CC,mayor_30,propia,false,0,union_libre,false,false,false,true,otro,bici,VIDA-01
d483f37a-ffd4-472c-8c6c-972dd7ceccc4,,65,Bogotá,CC,6_8,familiar,true,4,viudo,false,false,false,true,gato,ninguno,DEUDOR-VIDA-01
88c68613-011b-4426-9d3b-3d479050c25d,carolina.gonzalez86@yahoo.com,33,Bogotá,CC,1.5_2,familiar,true,4,casado,false,false,false,true,perro,ninguno,ASMULT-01
b4deff76-ca23-4521-b458-51b68fbedd2f,jorge.ortiz40@gmail.com,54,Cali,CC,20_30,arrendada,false,0,casado,false,false,false,false,,bici,VIDAAH-01
a250cad3-f6cf-48d2-b353-161c21e72c2c,juan.rojas85@outlook.com,52,Medellín,CC,10_20,familiar,true,4,casado,true,false,false,true,gato,moto,EXEQ-01
a62ad85a-3d15-4990-af13-a2abe479acbf,camila.torres77@yahoo.com,20,Medellín,CC,2.5_3,familiar,false,0,viudo,true,false,false,true,gato,bici,BICI-01
606c2aa7-6046-4cf9-8bc1-c1117519e0fb,3006067087,43,Cali,CC,1.5_2,arrendada,true,1,viudo,false,false,false,true,perro,ninguno,ASMULT-01
6f256335-19cc-4512-b450-867d1629d2cd,,56,Medellín,CC,6_8,propia,true,2,casado,false,false,false,true,perro,carro,EXEQ-01
a21bc452-fd03-4131-94d8-01c95def54c5,3542249224,33,Soacha,CC,menor_smlv,propia,false,0,casado,true,false,false,true,perro,ninguno,SALUD-01
fc2b6351-f90b-4034-83e1-3a0661bad35d,3521608340,28,Medellín,CC,3_4,familiar,false,0,divorciado,false,false,false,true,perro,moto,DEUDOR-VIDA-01
5c2bdfbd-f4fa-4706-a3a9-317689766021,3634549642,29,Bogotá,PA,20_30,arrendada,false,0,viudo,false,false,false,true,gato,moto,HOGAR-01
e02aca24-bd2f-4662-9739-573c45d9e159,3311828791,34,Medellín,CC,4_6,arrendada,false,0,viudo,true,false,false,true,gato,moto,SALUD-01
b80878c8-8338-4566-beea-e3926b86897e,3055532168,71,Medellín,CC,1.5_2,arrendada,false,0,union_libre,true,false,false,false,,ninguno,ASMULT-01
e6cee1ba-3e8c-4221-b1b1-7d4f752d7ef5,,25,Bogotá,CC,mayor_30,arrendada,true,1,viudo,false,false,false,false,,carro,BICI-01
8ba7291f-0db0-4cd1-bc97-2cea45802b7d,carolina.garcia93@outlook.com,49,Medellín,CC,4_6,familiar,false,0,viudo,true,false,false,true,perro,ninguno,SALUD-01
154cc2f8-f4ca-467e-b545-66caa53c9384,carolina.gomez23@hotmail.com,50,Bogotá,CC,4_6,arrendada,false,0,viudo,false,false,false,false,,bici,HOGAR-01
2b34fd5e-4f2a-4974-a7d5-8dc932c9cc75,3390618456,62,Bogotá,CC,mayor_30,arrendada,true,2,divorciado,false,false,false,true,otro,moto,VIDA-01
b09c7cd4-6ed0-4930-afdd-164ff11c5aea,3666610256,63,Medellín,CC,2.5_3,propia,true,1,casado,false,false,false,true,otro,ninguno,EXEQ-01
57679097-c4ca-492b-bbd9-076b368c3bd1,3523999636,54,Soacha,CC,1_1.5,familiar,true,3,union_libre,false,false,false,true,gato,carro,PET-ASIS-01
410864a1-e78e-4e7a-81b4-83873dbeaf4b,3917160333,21,Bogotá,CC,3_4,arrendada,false,0,union_libre,false,false,false,true,perro,ninguno,ARRENDA-01
babad316-6798-42c5-a756-fb192801c910,3600876848,43,Funza,CC,2_2.5,arrendada,false,0,viudo,false,false,false,true,gato,ninguno,MOTO-01
0436aa80-0707-447e-92d0-6ec91eca1341,3899126382,46,Medellín,CE,10_20,arrendada,false,0,soltero,false,false,false,true,gato,ninguno,DEUDOR-VIDA-01
ad974545-fc22-4710-bccb-038de18308a0,3302999663,32,Bogotá,CC,8_10,familiar,false,0,casado,false,false,false,true,perro,moto,HOGAR-01
157d8579-f43e-4ef4-8ee8-c07d49d57376,valentina.garcia96@yahoo.com,29,Bogotá,CC,menor_smlv,arrendada,false,0,viudo,true,false,false,true,otro,ninguno,BICI-01
c2044c7d-939f-4fa0-9234-bfddfe52b2d1,,45,Bogotá,CC,10_20,arrendada,true,4,soltero,false,false,false,false,,bici,HOGAR-01
ba904ef1-6332-491c-9c71-64dc15a9e77f,3874089757,63,Barranquilla,CC,1_1.5,familiar,true,3,casado,false,false,false,true,perro,bici,DEUDOR-VIDA-01
2742d9cd-2525-4919-90b2-a7d3b40c16fc,3140139887,62,Medellín,CE,8_10,arrendada,false,0,casado,false,false,false,true,perro,carro,VIDA-01
86fdf37b-8bd6-4bb5-9aaf-c0d57300fb76,3017337591,24,Bogotá,CC,20_30,propia,false,0,viudo,false,false,false,true,perro,bici,PET-SEG-01
2e2e6e39-3753-4427-9d4a-7c9c8dfa738e,3769055590,73,Barranquilla,CE,8_10,arrendada,true,2,soltero,true,false,false,true,perro,bici,PET-ASIS-01
8288e8e3-1fec-4c92-a2ab-134ca9602f15,3997968845,48,Bucaramanga,CC,8_10,propia,true,1,divorciado,true,false,false,false,,ninguno,SALUD-01
ebed0280-0309-47e3-8cf7-63c795e7ef65,3779612087,54,Medellín,CC,6_8,propia,true,3,divorciado,false,false,false,false,,bici,VIDAAH-01
f4e625ea-cec0-4239-9646-73d908afccf8,luis.vargas1@yahoo.com,46,Medellín,CC,6_8,arrendada,true,1,union_libre,false,false,false,true,perro,moto,VIDAAH-01
f5681ada-f12e-44a7-95b6-866adab44b5c,3806882850,73,Bucaramanga,CC,1_1.5,arrendada,true,2,casado,false,false,false,true,perro,moto,EXEQ-01
2f8161d9-82e4-49b0-ad4f-67fd08c231c6,3021098593,21,Soacha,CC,20_30,arrendada,false,0,soltero,false,false,false,true,perro,ninguno,ASMED-01
dae49d59-308c-4882-971f-633498396497,carolina.ramirez81@hotmail.com,24,Cali,CC,menor_smlv,familiar,false,0,soltero,false,false,false,true,gato,carro,APEXEQ-PAL-01
58aa64f9-5d2a-4a27-9314-9cd7e89b3c3f,3336664814,39,Bogotá,CC,4_6,propia,true,4,union_libre,true,false,true,true,gato,ninguno,VIDAAH-01
61857e77-b748-495a-9955-0fc81de4e580,david.vargas87@yahoo.com,33,Barranquilla,CC,6_8,familiar,false,0,divorciado,true,false,true,true,otro,carro,HOGAR-01
c89dc127-5496-4087-b6d1-deb3fa208c47,3404396848,36,Bogotá,CC,4_6,arrendada,false,0,viudo,false,false,true,true,perro,moto,VIDAAH-01
d26816fd-e52c-43db-9ef4-9494b8a875b4,3421254508,62,Medellín,CC,2.5_3,familiar,false,0,union_libre,false,false,false,true,perro,carro,ASMULT-01
a0f44223-fd72-4b44-82b1-05374e59b957,juan.gonzalez84@hotmail.com,21,Bogotá,CC,2_2.5,arrendada,true,2,casado,false,false,false,true,perro,moto,ARRENDA-01
a5cbf1b0-c096-46c9-97bb-950db69e69a9,laura.florez24@gmail.com,29,Bogotá,CC,2_2.5,arrendada,true,3,divorciado,false,true,false,true,gato,ninguno,ASMULT-01
f67b12ef-3bb2-4e27-bac0-b10358f80f55,sebastian.sanchez88@gmail.com,49,Bogotá,CC,2.5_3,arrendada,true,1,soltero,false,false,false,false,,carro,DEUDOR-VIDA-01
3eca952b-79fc-4480-9b0d-ee60671a60ea,sofia.rojas75@yahoo.com,63,Bucaramanga,CC,10_20,familiar,false,0,soltero,false,false,false,true,perro,bici,APEXEQ-PAL-01
2a16eceb-bc5b-4385-9213-9bd4796d4cf3,3247424684,48,Medellín,CC,menor_smlv,propia,true,3,union_libre,true,false,false,true,gato,moto,APEXEQ-PAL-01
a572e513-03d9-4876-b507-08fd3720a1e6,diego.gomez46@hotmail.com,50,Cali,CC,menor_smlv,propia,false,0,union_libre,false,false,false,true,gato,ninguno,APEXEQ-PAL-01
924413cd-6ed8-4053-8c0f-7951784306ce,valentina.rodriguez29@yahoo.com,69,Medellín,CC,mayor_30,arrendada,false,0,soltero,false,false,false,true,perro,moto,HOGAR-01
b82b1110-e317-4381-bd07-325722757732,3732761990,33,Manizales,CC,6_8,arrendada,false,0,divorciado,true,false,false,true,gato,ninguno,HOGAR-01
fe4d6acf-bde1-44e4-b181-d12273ffbb31,3162910873,50,Bogotá,CE,6_8,propia,false,0,casado,true,false,false,true,perro,ninguno,VIDAAH-01
d7806314-63aa-43aa-aa09-757e42300964,3523329704,54,Bogotá,CC,20_30,propia,true,4,viudo,false,false,false,true,gato,carro,HOGAR-01
cf46f9eb-c455-4862-88fe-153a650a6a4f,3568642961,63,Bogotá,CC,6_8,propia,false,0,union_libre,false,false,false,false,,moto,VIDA-01
1c57ee26-ba8a-4766-bb4a-50a401a0e52c,3292752437,29,Bogotá,CC,1_1.5,propia,false,0,union_libre,false,false,false,true,gato,moto,APEXEQ-PAL-01
1bdf0c1c-ea27-4502-a581-2bc7cafb4ee2,santiago.lopez4@yahoo.com,67,Medellín,CC,mayor_30,familiar,false,0,casado,false,false,false,true,otro,bici,EXEQ-01
af3eb566-ea87-42dd-838a-dc4850012ce9,3324096526,70,Bogotá,CC,2.5_3,propia,true,1,divorciado,false,false,false,false,,moto,ASMULT-01
760801c8-a863-4114-9027-47e3ce5bece2,valentina.garcia20@hotmail.com,40,Bogotá,CC,10_20,familiar,false,0,union_libre,true,false,false,false,,ninguno,DEUDOR-VIDA-01
8bbd406e-a5e7-415f-a445-0cc00ce594fa,jorge.castro16@yahoo.com,75,Bogotá,CC,2_2.5,arrendada,false,0,casado,true,false,false,true,perro,bici,ASMULT-01
70fed5e1-d770-447b-a280-13e032a56333,camila.rodriguez59@yahoo.com,25,Medellín,CC,2.5_3,propia,true,1,soltero,false,false,false,false,,moto,DEUDOR-VIDA-01
23c06cb4-a42f-4956-84c9-a0d6fcdee24b,3532931839,31,Bogotá,CC,menor_smlv,arrendada,false,0,casado,false,false,false,true,perro,carro,APEXEQ-PAL-01
99cb9e7e-4713-4a35-acca-db6ad7aa2713,3270267288,64,Bogotá,CC,menor_smlv,arrendada,true,3,union_libre,false,false,false,true,perro,moto,APEXEQ-PAL-01
09e8730a-57a8-45d2-b326-cd1ad7cec1f3,,44,Mosquera,CC,3_4,arrendada,true,2,union_libre,false,false,true,true,gato,moto,MOTO-01
835cb2d5-816b-421f-9714-bb41858664aa,3477146733,59,Cali,CC,10_20,familiar,false,0,soltero,false,false,false,true,gato,bici,DEUDOR-VIDA-01
79da28f7-9611-4b10-9a59-b76419daa2ca,3362644886,40,Medellín,CC,6_8,familiar,false,0,divorciado,false,false,false,false,,ninguno,VIDAAH-01
99d95d4f-6e2c-49c1-bde9-18e3296cfe58,3194238021,29,Medellín,CE,2.5_3,arrendada,false,0,viudo,true,false,false,false,,carro,SALUD-01
7111408c-f531-4e85-8a9e-8645429441c6,maria.martinez88@gmail.com,53,Bucaramanga,CC,1_1.5,familiar,false,0,soltero,false,false,false,true,otro,moto,APEXEQ-PAL-01
27b30fec-c90d-4378-a985-5764858a9b33,3995513103,58,Medellín,CC,10_20,familiar,false,0,divorciado,false,false,false,true,perro,ninguno,VIDA-01
0a4d3823-430d-4140-9582-bd3cfa576fcf,carolina.ortiz15@gmail.com,30,Bogotá,CC,mayor_30,familiar,false,0,divorciado,false,false,false,false,,bici,HOGAR-01
05c6563b-c884-4f8b-a193-d37a3f0560fa,julian.martinez66@hotmail.com,55,Bucaramanga,CC,20_30,familiar,false,0,casado,true,false,false,false,,moto,PET-SEG-01
4310cde6-09a6-45a8-b8ed-dc54bd979dd0,3926932657,33,Bucaramanga,CC,1_1.5,propia,true,4,union_libre,false,false,false,true,gato,ninguno,DEUDOR-VIDA-01
5261cdbc-29f0-4f45-b1c3-7782e148d957,natalia.perez3@hotmail.com,54,Medellín,CC,2_2.5,arrendada,false,0,viudo,false,false,false,true,gato,ninguno,DEUDOR-VIDA-01
0c78c846-e385-4136-9e5e-928df1628e6a,3388691866,73,Bogotá,CC,menor_smlv,arrendada,true,1,viudo,false,false,false,true,perro,ninguno,HOGAR-01
f6a6f45a-5d30-46b6-9688-8df8c2af6c6d,natalia.florez97@hotmail.com,21,Bogotá,CC,8_10,propia,true,2,divorciado,false,false,false,true,gato,carro,PET-PREP-01
37070d6b-5a53-4e47-b515-f4c941eda82b,,50,Mosquera,CC,menor_smlv,propia,true,3,viudo,false,false,false,true,perro,moto,MOTO-01
ebdbf4b2-ac70-4ae5-89a4-a43c190052a2,3897060446,27,Bucaramanga,CC,menor_smlv,propia,false,0,divorciado,false,false,false,false,,moto,DEUDOR-VIDA-01
d497b2b1-46fe-41da-ba10-490e7c622cf4,3362308172,63,Cali,CC,4_6,propia,false,0,divorciado,false,false,false,true,gato,ninguno,APEXEQ-PAL-01
ccdb3aec-ec6a-41ab-bcea-c5ae94191fc9,3181677848,75,Medellín,CC,2_2.5,arrendada,false,0,union_libre,false,false,false,false,,ninguno,DEUDOR-VIDA-01
8e9f1995-6e23-4659-9301-944be0c90815,santiago.garcia50@gmail.com,74,Cali,CC,2_2.5,familiar,false,0,divorciado,false,false,false,true,gato,moto,BICI-01
f5368afa-cca8-4eaa-9bac-c4e94564ca57,paula.gomez16@outlook.com,31,Medellín,CE,10_20,familiar,false,0,soltero,true,false,false,true,perro,bici,ASMED-01
a581fe70-8b13-4486-ab5f-2463c94df3e6,,63,Cali,CC,1.5_2,familiar,false,0,casado,true,false,false,false,,ninguno,DEUDOR-VIDA-01
fb89f5a3-e723-4f61-a586-626fc8ff3b83,3770153387,56,Manizales,CC,1.5_2,familiar,true,2,viudo,true,false,false,true,perro,carro,VIDA-01
9989f29d-acad-4f08-a123-452635ca5e25,3397815734,69,Manizales,CC,menor_smlv,arrendada,false,0,viudo,false,true,false,true,perro,ninguno,ARRENDA-01
4d4c5caf-affc-4203-b00b-22667e9a4cd3,3909863615,26,Medellín,CC,1.5_2,arrendada,false,0,viudo,false,false,false,true,perro,ninguno,ASMULT-01
ec085c58-bf7d-4742-8117-a2240790e496,3887282063,21,Bucaramanga,CC,1.5_2,familiar,true,1,soltero,false,false,false,true,perro,ninguno,BICI-01
c264644f-8856-4794-81fb-21a50f9030cb,3656637070,58,Cali,CC,2.5_3,familiar,false,0,casado,false,false,false,true,perro,moto,BICI-01
c3616381-7727-41c6-9152-d3b7e976737c,3530385677,74,Bogotá,CC,2.5_3,propia,true,3,soltero,false,false,false,true,perro,bici,ASMULT-01
21fe2fc6-a88e-41e6-b87b-701822a232b5,julian.gonzalez43@gmail.com,65,Medellín,CC,2.5_3,arrendada,true,1,viudo,true,false,false,false,,carro,PET-SEG-01
85d354ac-08d2-46ec-95f7-be24aa357f28,3551729488,63,Medellín,CC,10_20,familiar,true,2,casado,false,false,false,true,perro,ninguno,PET-ASIS-01
f84be6a5-7da6-4452-b089-560d226bcf56,,46,Bucaramanga,CC,mayor_30,familiar,false,0,casado,false,false,false,true,gato,ninguno,PET-SEG-01
f0847cef-9c23-4145-84f2-6b4a4567a3ac,3017703163,46,Medellín,CC,1_1.5,arrendada,false,0,soltero,false,false,false,true,perro,ninguno,APEXEQ-PAL-01
ca0928fb-689a-4fe9-bf95-70115246d620,3908574717,46,Medellín,CC,1_1.5,arrendada,false,0,union_libre,false,false,false,true,perro,carro,HOGAR-01
d3d5cdc4-1ece-4f87-ba69-ec64e98343d0,diego.gomez12@gmail.com,57,Bogotá,CC,8_10,familiar,false,0,viudo,true,false,false,true,perro,ninguno,EXEQ-01
7a786e13-653d-4378-a94c-ef558b90e5bc,3812971922,51,Medellín,CC,2.5_3,arrendada,false,0,union_libre,false,false,false,true,gato,carro,ASMULT-01
10c61a49-f9b6-47ea-a38e-9260de79f80f,3305577979,59,Bogotá,CC,1_1.5,propia,false,0,divorciado,false,true,false,true,perro,bici,DEUDOR-VIDA-01
364da62c-97fc-486e-a47f-e2152ea653f9,ana.torres64@hotmail.com,75,Barranquilla,CC,1_1.5,familiar,true,1,soltero,false,false,false,true,perro,carro,BICI-01
3a7f7a68-8218-4c61-9894-7734659c7e87,3633787472,63,Barranquilla,CC,4_6,arrendada,false,0,casado,true,false,false,true,otro,carro,VIDA-01
deb38f62-9b13-4636-9f43-62e338454128,,40,Medellín,PA,2.5_3,propia,false,0,divorciado,false,false,false,true,gato,moto,ASMULT-01
742adedc-f4b8-42d6-8fc2-2dfb7f8f44ed,santiago.ramirez73@yahoo.com,64,Bogotá,CC,2_2.5,propia,true,2,union_libre,false,false,false,false,,moto,ASMULT-01
c67936aa-538a-47eb-9ab7-82e1a6154370,3135779083,65,Medellín,CC,2.5_3,arrendada,true,1,divorciado,false,false,false,true,perro,bici,ASMULT-01
af0d3375-a65a-42fb-bf5d-82202e217332,carlos.ortiz63@gmail.com,57,Bogotá,CC,4_6,propia,true,1,soltero,false,false,false,false,,moto,DEUDOR-VIDA-01
547618f3-2ded-4dfa-afa2-184f8864ffbc,santiago.garcia68@outlook.com,65,Bucaramanga,CC,2_2.5,arrendada,false,0,casado,false,false,false,true,gato,moto,EXEQ-01
5639717a-7f7c-415e-8718-7cb95702144b,3077486025,66,Medellín,CC,4_6,propia,false,0,divorciado,false,false,false,true,perro,ninguno,BICI-01
e21907f6-7fe5-407a-b692-24eb7850914e,3494363270,41,Soacha,CC,1_1.5,propia,false,0,union_libre,false,false,false,true,perro,bici,ASMULT-01
02fb461c-b21d-4b50-aae2-03caefd53ae6,3485928206,54,Manizales,CC,4_6,arrendada,true,2,union_libre,false,false,false,true,perro,ninguno,VIDAAH-01
8b4f4106-1ed6-403f-a1eb-4fe27eafd67b,3184409002,39,Barranquilla,CC,3_4,familiar,false,0,divorciado,false,false,false,true,gato,moto,DEUDOR-VIDA-01
efc833bf-cd93-4132-b8c2-546803e64cf5,3817037613,38,Cali,CC,1.5_2,arrendada,false,0,casado,false,false,false,true,perro,moto,HOGAR-01
fb48da49-c1cf-4a81-a52e-da8ba6f3b8fb,valentina.ortiz47@gmail.com,62,Bucaramanga,PA,menor_smlv,familiar,false,0,soltero,true,false,false,false,,ninguno,APEXEQ-PAL-01
54bc749f-7ead-4503-95c0-f129810048ee,,63,Bucaramanga,CC,20_30,propia,false,0,divorciado,false,true,false,true,perro,moto,EXEQ-01
f3d58073-7dc2-47b6-82bf-c00541a547db,3183440496,35,Bucaramanga,CC,2_2.5,familiar,true,1,viudo,true,false,false,true,gato,moto,BICI-01
b5e0543f-ef17-4ef7-b838-07446427a646,3965685120,73,Bogotá,CC,mayor_30,propia,true,4,divorciado,false,false,false,true,perro,bici,HOGAR-01
f44b9ee1-dbe8-4721-a719-75107fccd12b,3690034324,27,Bucaramanga,CC,3_4,propia,false,0,soltero,false,false,false,true,otro,bici,BICI-01
9af8d505-1e2e-4bf4-9949-082ddced6b64,3636771775,29,Medellín,CC,3_4,arrendada,true,3,casado,false,false,false,false,,moto,ASMULT-01
1e4dedb3-7744-4bfd-939b-33220015efdb,natalia.torres85@outlook.com,54,Medellín,CC,3_4,familiar,false,0,divorciado,true,false,false,true,gato,ninguno,ARRENDA-01
9d248271-b5fb-4b4c-9ade-bf84a9b5d66c,3228920745,55,Bogotá,CC,2_2.5,propia,false,0,viudo,false,false,false,false,,bici,ARRENDA-01
83b14d9d-ee87-48a5-9e78-28480836d4e1,3729846858,69,Cali,CC,3_4,arrendada,false,0,divorciado,false,false,false,true,perro,carro,VIDA-01
e0ebafe5-ad5c-4681-a6c2-e3da3d2b99a8,3734784326,47,Medellín,CC,2.5_3,familiar,true,3,divorciado,true,false,false,false,,ninguno,SALUD-01
6aa5fcc3-148b-4752-88a8-c1f176181093,,48,Mosquera,CC,8_10,propia,true,1,divorciado,false,false,false,true,perro,moto,PET-SEG-01
a34e8e42-f14f-4e89-ba7e-299166adba2a,3964416033,66,Bucaramanga,CC,1_1.5,familiar,true,1,divorciado,true,false,false,false,,bici,APEXEQ-PAL-01
e4453c11-768f-43fd-934f-76acc5f0c6c6,3613500788,31,Medellín,CC,8_10,familiar,false,0,casado,true,false,false,false,,carro,HOGAR-01
bf3d8463-f339-4f92-b001-0399bd74670f,laura.ortiz40@outlook.com,20,Bogotá,CC,1.5_2,arrendada,false,0,soltero,true,false,false,true,gato,moto,BICI-01
e2eb2af8-6081-4410-a6d1-63c175f23755,3966645057,30,Cali,CC,menor_smlv,propia,false,0,divorciado,false,false,false,true,perro,ninguno,PET-ASIS-01
0581196f-ea01-4aad-82d1-b6da96b30e07,3107044964,70,Medellín,CC,2_2.5,propia,false,0,union_libre,false,false,true,true,gato,ninguno,ARRENDA-01
6ed220b6-8b58-479d-9089-190967a2ca08,3454069143,50,Cali,CC,2_2.5,arrendada,true,4,casado,false,false,false,true,otro,carro,DEUDOR-VIDA-01
937806b7-12d2-49c7-8c21-61df266aa35e,david.martinez71@yahoo.com,30,Bogotá,CC,3_4,familiar,false,0,divorciado,true,false,false,true,perro,moto,HOGAR-01
fb5f9d1b-0a05-491f-9120-59939481218b,3715711120,26,Barranquilla,CC,menor_smlv,propia,false,0,viudo,false,true,false,true,gato,moto,BICI-01
2f479d2b-64f8-425f-99b5-f3b8878fd48c,3169069685,72,Bogotá,CC,4_6,arrendada,true,4,divorciado,true,false,false,true,perro,ninguno,HOGAR-01
c9ab19f5-b1f6-49f1-8edd-429702aa3e8c,3454517330,22,Bogotá,CC,4_6,arrendada,false,0,union_libre,false,false,false,true,perro,moto,PET-SEG-01
0f440296-f582-4edd-acc4-19cf4cd5e4d2,3664969028,28,Bogotá,CC,1_1.5,familiar,false,0,viudo,true,false,false,false,,carro,APEXEQ-PAL-01
ef54b88f-dddc-4316-81c5-a339d3e9b47c,,43,Bogotá,CC,1_1.5,propia,false,0,divorciado,false,false,false,false,,moto,APEXEQ-PAL-01
569e5a17-eb40-435e-a7b0-3448778307da,3487368269,72,Cali,CC,1_1.5,propia,true,4,casado,true,false,false,false,,moto,APEXEQ-PAL-01
fb9f615f-a1f6-4a8b-91cf-2d803e56482a,diana.gomez90@hotmail.com,63,Soacha,CC,2_2.5,propia,true,2,soltero,true,false,false,false,,ninguno,ARRENDA-01
9b121af6-f5e8-4319-a6dd-f824ae33abb1,,58,Bogotá,CC,2.5_3,propia,false,0,casado,false,false,false,false,,ninguno,VIDA-01
64478486-961b-4689-9990-68c7b5c2a90c,3225517419,62,Medellín,CC,2_2.5,propia,false,0,union_libre,false,false,false,false,,carro,ASMULT-01
a5b77d7c-f5d0-47ea-98e6-aad63e2c6943,3491916369,39,Bogotá,CC,2.5_3,familiar,true,4,casado,false,false,false,true,gato,moto,ARRENDA-01
73834a9c-4330-42f3-9f4f-9fc935d61a04,3411065411,63,Cali,CC,2_2.5,arrendada,true,1,divorciado,false,false,false,true,perro,ninguno,PET-PREP-01
e34579a8-3b04-4430-889d-0a6e949703be,3099974192,25,Cali,CC,6_8,familiar,false,0,divorciado,false,false,false,true,perro,ninguno,BICI-01
8b079d0f-1d32-46eb-8ca6-45fae25b5bf1,ana.garcia59@gmail.com,19,Bogotá,CC,10_20,familiar,false,0,union_libre,false,false,false,false,,ninguno,MOTO-01
8bd349ff-0207-458c-a5ef-27c844563d4e,3325258885,59,Bogotá,CC,8_10,propia,true,1,casado,false,false,false,false,,ninguno,MOTO-01
d1a937d9-cdbc-41f2-a29f-0e80d6bbdbdd,3230253007,27,Medellín,CC,2_2.5,propia,false,0,union_libre,false,false,false,false,,carro,VIDAAH-01
d1be43ca-abae-4f1f-8406-7a73bbc904f2,3106076344,31,Bogotá,CC,1_1.5,arrendada,false,0,divorciado,true,false,false,false,,ninguno,ARRENDA-01
5fb75fe4-f134-4c44-a611-559518f512c5,valentina.vargas69@yahoo.com,49,Bogotá,CC,4_6,arrendada,false,0,divorciado,true,false,false,true,perro,bici,VIDAAH-01
bfa00ef5-b14b-47d9-b7cb-27bf39606b9f,julian.moreno25@gmail.com,42,Medellín,CC,1_1.5,arrendada,false,0,soltero,true,false,false,false,,carro,HOGAR-01
0b231440-8127-4ce5-9b22-c2781bb5f10c,3171352845,34,Zipaquirá,CC,1.5_2,arrendada,true,1,union_libre,true,true,false,true,perro,carro,MOTO-01
b4563cdc-141b-4158-86e6-d9d2ad34b6a8,paula.florez83@gmail.com,43,Bogotá,CC,menor_smlv,familiar,true,4,viudo,false,false,false,true,perro,carro,APEXEQ-PAL-01
4c5f4c74-c2f0-4795-b19b-ae211343c194,3860729430,44,Bogotá,CC,1.5_2,familiar,false,0,divorciado,true,false,false,true,gato,moto,PET-PREP-01
62cba73f-9371-4b3a-974f-d67c24569b83,maria.rodriguez21@outlook.com,33,Medellín,CC,1.5_2,arrendada,false,0,divorciado,true,false,false,true,gato,ninguno,HOGAR-01
d693a5fa-888c-4c22-acc3-5399e766dd5e,3519093757,66,Soacha,CC,2.5_3,propia,true,4,viudo,false,false,false,false,,carro,DEUDOR-VIDA-01
fac1021d-c886-478e-842f-662921f715f7,3978514120,71,Medellín,CC,1_1.5,propia,true,1,divorciado,false,false,false,false,,moto,PET-SEG-01
eeacc0d6-0c9b-4efc-9b2e-123a3f2dee6d,3940568459,72,Bucaramanga,CC,6_8,familiar,true,3,soltero,false,false,false,true,perro,carro,HOGAR-01
53f1ba3c-1da8-4c15-8ebd-707b378c0e45,3629591257,31,Cali,CC,4_6,familiar,true,2,union_libre,false,false,false,false,,carro,DEUDOR-VIDA-01
f700f17b-20af-4c9b-b6dd-b93bffe75635,,67,Medellín,CE,menor_smlv,propia,false,0,divorciado,false,true,false,false,,ninguno,ASMULT-01
9afe660e-d472-4315-88a2-94f3f271729c,3472020631,68,Barranquilla,CC,2.5_3,propia,true,1,viudo,true,false,false,true,perro,carro,HOGAR-01
8491f458-7c20-49d8-a5d2-b5f15b2bf832,3716039886,28,Bogotá,CC,4_6,arrendada,false,0,casado,false,false,false,true,otro,bici,BICI-01
80074275-d99f-4b20-a4fa-ebe5811fa0a4,3188220631,51,Bucaramanga,CC,4_6,arrendada,false,0,union_libre,true,false,false,true,otro,ninguno,DEUDOR-VIDA-01
c9789e8d-a628-4a5b-a4e6-870d3678c193,3800329633,75,Medellín,CC,6_8,propia,false,0,divorciado,false,false,false,false,,moto,EXEQ-01
2199ef7a-d6f3-4814-8357-cd96a1e91f31,diana.vargas39@gmail.com,28,Bucaramanga,PA,4_6,arrendada,true,2,union_libre,false,false,false,false,,bici,DEUDOR-VIDA-01
4c868433-835c-43f8-a6f0-0dcbfa2bd95a,,68,Medellín,CC,menor_smlv,familiar,false,0,viudo,false,false,false,true,otro,moto,EXEQ-01
e289d61b-c9b7-4431-9db0-8b09dd6a7669,carolina.vargas51@gmail.com,62,Bogotá,CC,1.5_2,arrendada,false,0,casado,false,false,false,true,perro,carro,PET-SEG-01
2b37ad5a-d756-4feb-85aa-56a698bad365,3595013367,22,Medellín,CE,1.5_2,familiar,true,1,soltero,false,false,false,true,gato,moto,BICI-01
74b1b2f9-a188-4686-9b87-fc6090824995,3286852897,40,Soacha,PA,20_30,familiar,false,0,union_libre,false,false,false,true,gato,moto,HOGAR-01
3ea2b19d-b441-4c21-9871-a00d02dbfab2,3088067821,65,Bogotá,CC,1_1.5,arrendada,false,0,union_libre,false,false,false,true,perro,ninguno,EXEQ-01
1f5595ec-e2e4-4637-b27d-d53ccc60cb16,3083172788,56,Mosquera,CC,1.5_2,arrendada,true,4,viudo,false,false,false,false,,ninguno,MOTO-01
adeaab7e-4489-4ab8-b1ef-371d5bba508a,3578137421,37,Manizales,CC,1_1.5,arrendada,true,4,soltero,false,false,false,true,gato,carro,APEXEQ-PAL-01
1224366b-b8b0-40fb-b583-d20e87c979f9,3867471520,33,Bucaramanga,CC,3_4,propia,true,1,viudo,true,false,false,true,perro,moto,ASMED-01
eee368cf-7f7a-4787-a2f5-767aeee937e5,luis.sanchez96@gmail.com,24,Manizales,CC,2_2.5,arrendada,true,3,viudo,true,false,false,true,otro,bici,DEUDOR-VIDA-01
46210572-f042-40ba-a3f3-3f36fa5807d9,3143269441,68,Bogotá,CC,menor_smlv,arrendada,false,0,casado,true,false,false,true,perro,moto,ASMED-01
6017b905-eaad-4953-98f4-9db1c563c612,,71,Soacha,CC,menor_smlv,familiar,true,1,divorciado,false,false,false,true,perro,moto,MOTO-01
d2fbebf0-c9c7-4acf-9dac-69f659229cfc,,21,Bogotá,CC,menor_smlv,familiar,true,4,soltero,true,false,false,true,perro,carro,DEUDOR-VIDA-01
8259b8c0-dcbe-4d70-9bd4-b85a9a2f50cd,3825212932,52,Bogotá,CC,2_2.5,arrendada,false,0,casado,false,false,false,true,gato,carro,ASMULT-01
de273af0-244d-420d-b662-62dfea1e146d,sebastian.martinez98@yahoo.com,66,Medellín,CC,2_2.5,familiar,true,3,viudo,true,false,false,true,gato,moto,ASMED-01
b4b6aa21-8f30-43f4-875a-d7da7ad037d3,sofia.florez74@hotmail.com,50,Bogotá,CC,menor_smlv,familiar,false,0,divorciado,true,false,false,true,perro,ninguno,ARRENDA-01
e40a0314-8ebb-40ad-990a-da0396ff6f56,santiago.garcia79@yahoo.com,30,Medellín,CC,4_6,propia,true,3,casado,false,false,false,true,perro,ninguno,BICI-01
f76e8a60-8a5a-46fc-a8d9-569fae00e3ac,camila.gomez63@outlook.com,23,Mosquera,CC,1.5_2,familiar,false,0,soltero,false,false,false,true,gato,moto,ASMULT-01
be5ae7e1-7995-4b9f-b19a-234f1ae2bfdc,,24,Bogotá,CC,3_4,arrendada,true,1,casado,true,false,false,true,gato,carro,SALUD-01
f0708fe8-68da-40e6-973e-df2b2c03e5b6,3691776829,34,Bucaramanga,CC,8_10,arrendada,true,3,soltero,true,false,false,true,perro,carro,BICI-01
29f52492-979e-404a-8b08-fac6332057ef,3099217790,52,Soacha,CC,6_8,propia,true,4,divorciado,false,false,false,false,,ninguno,VIDAAH-01
6faec1b3-f841-4853-b226-4b787da16822,3178275773,21,Cali,CC,2_2.5,propia,false,0,union_libre,false,false,false,true,gato,moto,DEUDOR-VIDA-01
8655f455-5b3d-49bd-922a-7ad026ee6b1c,3010896546,68,Medellín,PA,1_1.5,propia,false,0,union_libre,true,false,false,true,perro,carro,SALUD-01
2563b141-43c7-48f0-a444-b0108606c922,3793854609,24,Medellín,CC,mayor_30,propia,true,1,union_libre,true,false,false,true,perro,carro,HOGAR-01
98457db3-2093-4e46-9118-501875c8b98c,3021697972,57,Cali,CC,1_1.5,arrendada,false,0,viudo,true,false,false,true,otro,ninguno,APEXEQ-PAL-01
44b7fc44-2013-449f-a0ea-2cfb38bc229b,,46,Zipaquirá,CC,6_8,arrendada,false,0,divorciado,false,false,false,true,perro,moto,BICI-01
4ed67b21-9497-433c-b9be-04df3db33e15,3328588424,67,Bogotá,CC,6_8,arrendada,false,0,union_libre,false,false,false,true,gato,ninguno,EXEQ-01
ff7b10f1-54c7-4172-9075-dd24e95fa7fa,3041813599,50,Bogotá,PA,10_20,familiar,true,4,casado,true,false,false,true,perro,carro,ASMED-01
ec93b91e-e89d-45be-ad15-6300d4d198af,3445686314,44,Soacha,CC,8_10,arrendada,false,0,soltero,false,false,false,false,,moto,ARRENDA-01
6de71a68-2e28-4156-b660-b8ff6e733eb2,3621856352,18,Bogotá,CC,menor_smlv,arrendada,true,4,soltero,false,false,false,true,otro,carro,PET-ASIS-01
09398ebe-3b4a-4e60-92af-bd4cb6a2cf5d,3723874848,54,Soacha,CC,mayor_30,propia,false,0,divorciado,false,false,false,false,,moto,ASMED-01
27077ee7-ff92-48aa-b1db-20cdd5a5a29a,david.vargas45@yahoo.com,63,Medellín,CC,4_6,propia,false,0,viudo,false,false,false,false,,ninguno,HOGAR-01
e0c4947a-b0fd-41a5-bfcd-6ee4cd1aa700,3059126620,24,Medellín,CC,1_1.5,arrendada,true,2,soltero,true,false,false,false,,carro,ARRENDA-01
5ae2427f-2eb0-454b-a63d-c08721c5608c,,64,Cali,CC,8_10,familiar,false,0,soltero,true,false,false,true,perro,carro,ASMED-01
924c8855-ab40-4ff4-9c19-96b4cbbe9617,3013824127,20,Medellín,CC,2.5_3,familiar,false,0,casado,true,false,false,false,,carro,ASMED-01
441297a5-8ed6-43ed-b554-b2fab23e54f7,julian.castro90@yahoo.com,27,Medellín,CC,menor_smlv,propia,false,0,union_libre,false,false,false,true,gato,ninguno,BICI-01
1bc62d76-1f3c-4cf3-9763-49089289d9ef,,22,Bogotá,CC,1_1.5,arrendada,false,0,union_libre,true,false,false,true,perro,bici,ASMED-01
b249b6c4-4f1f-4dd6-83dc-cac8bf543275,carolina.torres18@gmail.com,50,Medellín,CC,1.5_2,propia,false,0,divorciado,false,false,false,true,perro,moto,ASMULT-01
373a11b2-4fc4-4875-b283-606b87213d3b,julian.suarez53@hotmail.com,44,Mosquera,CC,2.5_3,arrendada,false,0,union_libre,false,false,false,true,otro,carro,MOTO-01
44aace97-5215-4fa5-9b4e-2dfe799302da,3630562597,27,Bucaramanga,CC,1.5_2,propia,false,0,divorciado,true,false,false,true,perro,moto,BICI-01
df5e9a4f-e72e-4e19-ab81-3d45f1b3d59e,3327617948,37,Medellín,CC,6_8,propia,true,3,union_libre,false,false,false,true,perro,moto,VIDAAH-01
678efda4-1b98-4f84-871f-560b279d5428,,73,Bogotá,CC,menor_smlv,arrendada,false,0,divorciado,false,false,false,true,perro,ninguno,ASMULT-01
510cf280-20e1-493e-b93e-87d8ddd0ddb6,3130084339,61,Bogotá,CC,2.5_3,propia,true,1,soltero,false,false,false,false,,carro,EXEQ-01
e65f46f4-6bc0-4378-8a97-db9810f615b3,3997526158,47,Zipaquirá,CC,menor_smlv,familiar,true,1,divorciado,false,false,false,true,perro,moto,MOTO-01
989b4c62-4869-4675-8031-34eb08cd01ae,3827376309,48,Medellín,CC,2_2.5,propia,false,0,viudo,false,false,false,true,perro,carro,ARRENDA-01
9c44f1cc-213d-435a-87ec-5e6cd4440f9d,3238162266,35,Bogotá,CC,menor_smlv,arrendada,true,1,viudo,false,false,false,true,gato,moto,APEXEQ-PAL-01
f5051a8b-4487-4bc3-847f-50f48589db41,3644925593,33,Mosquera,CC,2.5_3,familiar,false,0,viudo,false,false,false,true,gato,carro,DEUDOR-VIDA-01
357cf2ce-308a-476d-a380-65d0b8f07f98,3748770078,53,Bogotá,CC,menor_smlv,familiar,false,0,casado,false,false,false,true,perro,ninguno,APEXEQ-PAL-01
3ac966d4-685a-4aab-be1c-de09c70875e1,3970931706,44,Bogotá,CC,6_8,arrendada,true,4,soltero,false,false,false,true,gato,ninguno,VIDAAH-01
fdc8b356-aa0f-4e4a-ac2a-f69d9912489c,3713027151,31,Barranquilla,CC,2_2.5,propia,false,0,divorciado,false,false,false,true,perro,moto,PET-PREP-01
1e4bbad8-31db-49ff-a4fd-a1d74e2d5ec9,3892571402,39,Bogotá,CC,3_4,familiar,false,0,casado,false,false,false,true,gato,moto,ARRENDA-01
14130075-085e-4052-bbfa-d5c370561230,paula.martinez63@hotmail.com,29,Cali,CC,mayor_30,arrendada,true,3,casado,false,false,false,false,,ninguno,HOGAR-01
220dc538-9e89-4777-a983-e792f2d18cb8,andres.jimenez15@gmail.com,70,Bogotá,CC,1.5_2,propia,true,4,soltero,true,false,false,true,gato,carro,ASMULT-01
671248f2-5d48-4b29-b087-354ef04c7e6f,,37,Bogotá,CC,menor_smlv,propia,true,2,divorciado,false,false,false,false,,ninguno,ARRENDA-01
dd8a4096-acec-4dfa-bb1e-fcc871f4bc85,3961064628,47,Zipaquirá,CC,menor_smlv,familiar,false,0,casado,true,false,false,true,perro,ninguno,MOTO-01
441d45af-2e39-4e17-9e01-e4e639f1347b,diana.ortiz41@gmail.com,18,Cali,CC,1_1.5,propia,true,1,casado,false,false,false,true,otro,carro,APEXEQ-PAL-01
54e7aa7d-93e7-4ff2-acb8-64551c4c4d01,3297832845,30,Bogotá,CC,8_10,propia,false,0,casado,false,false,false,true,gato,carro,BICI-01
32d6c8c3-06b9-444b-9a30-982a4468c0db,3168226080,57,Zipaquirá,CC,2.5_3,propia,false,0,divorciado,true,false,false,true,otro,moto,MOTO-01
79ea821a-2e0a-4ab6-bfa3-5676dc96f8c0,3363286301,28,Medellín,CC,1.5_2,propia,true,1,soltero,false,false,false,false,,ninguno,BICI-01
f82488b7-e8f5-422b-a337-baa0c2ee9a3f,sofia.sanchez84@outlook.com,27,Bogotá,CC,menor_smlv,propia,true,2,casado,true,false,false,false,,ninguno,SALUD-01
2f809ae1-9861-4513-abd6-ba392c756689,3296258470,48,Bogotá,CE,20_30,propia,true,1,divorciado,false,false,false,false,,ninguno,PET-PREP-01
72176b22-1437-44bb-bf83-aaab9176b53b,3655330770,35,Funza,CC,4_6,propia,true,1,divorciado,true,false,false,true,gato,moto,PET-SEG-01
c9969119-b7f8-4ece-8f28-cb06f8c3a4ca,3884157712,65,Medellín,CC,10_20,propia,true,3,casado,false,false,false,true,gato,carro,PET-PREP-01
a3f9ad48-760f-417a-a9c7-563bbdd9e480,valentina.rojas53@hotmail.com,39,Soacha,CC,1.5_2,arrendada,false,0,divorciado,false,false,false,true,perro,ninguno,ASMULT-01
5bd3832d-0baf-474b-8d3d-16dd13f4cb25,sofia.martinez73@outlook.com,29,Medellín,PA,20_30,familiar,true,1,divorciado,false,false,true,true,gato,carro,APEXEQ-PAL-01
8e6828e0-4b5d-463f-9ce9-6392f45384ab,diana.ortiz59@outlook.com,45,Bogotá,CC,6_8,familiar,false,0,soltero,false,false,false,true,gato,carro,VIDAAH-01
fb260224-4551-4544-96c9-b9452e5c3930,3203747677,41,Bogotá,CC,1_1.5,arrendada,true,2,divorciado,false,false,false,false,,ninguno,DEUDOR-VIDA-01
3231d621-7ea0-4188-9a93-b4036d6fa5ff,3519261758,70,Bogotá,CE,4_6,familiar,true,2,divorciado,false,false,false,false,,ninguno,DEUDOR-VIDA-01
6bea530f-37d3-47e8-952d-c12d8b669432,valentina.rojas33@hotmail.com,31,Zipaquirá,CC,2_2.5,propia,false,0,divorciado,true,false,false,true,gato,moto,MOTO-01
1a5a3e3c-c152-4ab7-b09b-c50bb1cad0c4,diego.florez5@gmail.com,42,Bogotá,CC,1_1.5,familiar,false,0,casado,false,false,false,true,perro,moto,ARRENDA-01
bb91565a-fd2c-4016-8a03-f04938babb6c,paula.perez21@gmail.com,37,Soacha,CC,2_2.5,familiar,false,0,soltero,false,false,false,true,gato,ninguno,ARRENDA-01
401585aa-8e41-4881-a4a8-97e45fe126af,3129755726,22,Bogotá,CC,4_6,familiar,false,0,union_libre,false,false,false,true,perro,bici,BICI-01
f7db7e36-6730-47af-83fd-fa81676e2759,santiago.gonzalez27@outlook.com,30,Soacha,CC,2_2.5,arrendada,false,0,soltero,true,false,false,false,,ninguno,ARRENDA-01
36549d93-190c-43ba-b0fb-31deea4c2ce6,luis.rodriguez30@yahoo.com,24,Bucaramanga,CC,1.5_2,arrendada,true,3,casado,false,false,false,true,perro,ninguno,ASMULT-01
7cb3efa0-e2a9-4645-a3b5-6fe11e700cb1,,37,Bogotá,CC,3_4,familiar,true,4,casado,false,false,false,true,perro,ninguno,ARRENDA-01
0701b5aa-4dfd-4caf-95f0-8a0a870ec536,3385709439,71,Mosquera,CC,2.5_3,propia,false,0,divorciado,true,false,false,false,,ninguno,MOTO-01
09346505-7299-4207-ac6e-4ea34c45c811,3358338789,41,Bogotá,CC,4_6,propia,false,0,viudo,true,false,false,true,otro,ninguno,DEUDOR-VIDA-01
d3443efe-53df-42e1-8e4a-f739eaae7af2,laura.rodriguez4@yahoo.com,58,Medellín,CC,4_6,arrendada,false,0,viudo,false,false,false,true,perro,carro,EXEQ-01
1870c74e-3652-40aa-b1ce-02036e0adc54,3312058869,22,Bogotá,CC,mayor_30,arrendada,true,3,casado,false,false,false,true,perro,bici,BICI-01
99691396-b63a-4b91-9fad-b6637442c801,3071226008,26,Medellín,CC,1.5_2,familiar,true,2,divorciado,true,false,false,true,gato,carro,ASMED-01
5766bb81-b101-4996-ae2c-c8be090d69d3,3406665800,75,Medellín,CC,2.5_3,propia,false,0,viudo,false,false,false,true,otro,moto,EXEQ-01
28c51611-a800-4eef-8c25-adff9e8a5435,3944115309,24,Bogotá,CC,1.5_2,familiar,false,0,divorciado,false,false,false,true,perro,ninguno,BICI-01
d7ba942e-bbed-46ae-87b6-14b6f01e7586,,67,Cali,CC,20_30,arrendada,true,2,casado,false,false,false,false,,moto,EXEQ-01
fbb24132-1bd8-4503-b2f0-c4373e8e7f99,3962923309,40,Bogotá,CC,2.5_3,arrendada,false,0,viudo,false,false,false,true,gato,moto,ASMULT-01
10ec7e0b-d190-488b-aeea-4dc1f30c0c42,daniela.ramirez64@outlook.com,75,Bogotá,CC,20_30,propia,true,1,viudo,false,false,false,true,perro,moto,DEUDOR-VIDA-01
b8e5e957-f8a2-4dd1-bd41-2806a60f5444,3062728167,51,Bogotá,CC,6_8,arrendada,false,0,union_libre,false,false,false,true,gato,bici,VIDAAH-01
438414c4-f3a3-4ce6-bdcf-fe94c3c55e5e,,18,Bogotá,CC,1_1.5,familiar,false,0,union_libre,false,false,false,true,otro,carro,PET-SEG-01
334e0860-1759-4708-be5e-8cb5b3a5ae9e,carolina.martinez42@gmail.com,44,Barranquilla,CC,1_1.5,arrendada,false,0,soltero,false,false,false,true,perro,carro,ASMULT-01
c3a041a1-c070-4cc5-8084-3c4905a2fb5a,julian.torres40@gmail.com,51,Funza,CC,4_6,arrendada,false,0,union_libre,true,false,false,true,otro,moto,VIDAAH-01
5573a15f-5b67-4206-90a3-6506940a022b,3700623945,55,Bucaramanga,CE,menor_smlv,familiar,false,0,union_libre,false,false,false,true,otro,carro,ARRENDA-01
3b12985d-be44-488e-ae75-cd7d1e961687,3816115566,23,Bogotá,CC,4_6,familiar,false,0,union_libre,true,false,false,true,perro,moto,HOGAR-01
cf34cf73-2141-47b1-9348-908b187bcf54,3695944064,18,Bogotá,CC,1_1.5,familiar,false,0,soltero,false,false,false,false,,ninguno,ASMULT-01
5504b7ba-6d76-4fcb-9f81-f92a86765a5c,,35,Medellín,CC,1_1.5,propia,false,0,viudo,true,false,false,true,otro,carro,BICI-01
b44a3de3-3f14-4973-b35b-48c998c88eb4,3725178637,60,Cali,CC,1_1.5,arrendada,false,0,casado,false,false,false,false,,ninguno,APEXEQ-PAL-01
bcd6562b-e50e-4969-8316-3a3c93b7503b,luis.sanchez7@hotmail.com,57,Bogotá,CC,menor_smlv,arrendada,false,0,casado,true,false,false,true,perro,bici,ARRENDA-01
6da9f595-8eb5-4193-8f22-79874fdaf180,,37,Bogotá,CC,20_30,familiar,true,2,soltero,false,false,false,false,,carro,VIDA-01
5d3693e6-373b-4d50-8bc8-142f84ca96c5,3825952694,55,Zipaquirá,CC,3_4,familiar,false,0,viudo,true,false,false,true,perro,ninguno,ASMED-01
46cf5e6b-4780-4569-abac-470406f2ac4d,3523314324,23,Zipaquirá,CC,1_1.5,arrendada,false,0,soltero,false,false,false,true,perro,bici,APEXEQ-PAL-01
2de07853-6ab2-4ae1-ae2b-ff8737d0e710,andres.garcia45@gmail.com,62,Bogotá,CE,1_1.5,arrendada,false,0,divorciado,true,false,false,true,perro,ninguno,EXEQ-01
ad4b1b3f-49b7-4f59-aca6-5dbe562ecf2e,maria.vargas77@yahoo.com,64,Medellín,CC,20_30,arrendada,true,3,union_libre,true,false,false,true,gato,carro,HOGAR-01
f3f03df3-bc05-4ca9-b898-f084876f0404,3369143075,33,Bogotá,CC,1.5_2,familiar,false,0,divorciado,false,false,false,false,,carro,ASMULT-01
55471dc5-1654-4d23-88c3-a63845bd8ac1,,30,Bogotá,CC,1_1.5,familiar,false,0,soltero,false,false,false,true,otro,carro,APEXEQ-PAL-01
a3ccf1fa-f793-4a59-9ffc-f335d8f7a01e,3975287209,57,Bucaramanga,CC,1_1.5,arrendada,true,3,divorciado,false,false,false,true,perro,carro,APEXEQ-PAL-01
e010a5b7-c9b2-4abe-8ccc-cb153e364894,valentina.florez22@yahoo.com,53,Mosquera,CE,8_10,arrendada,true,2,casado,false,true,false,false,,bici,HOGAR-01
33208d1a-ce42-4003-8ed0-788b6fcb7959,3290150713,50,Bucaramanga,CC,4_6,arrendada,false,0,divorciado,true,false,false,false,,ninguno,HOGAR-01
38308952-4b5c-4608-9fe9-0d1ba7027656,3237399770,35,Medellín,CE,20_30,propia,false,0,union_libre,false,false,false,true,perro,moto,PET-SEG-01
71eb5166-50cb-4b9c-b6de-051e33003c74,3717481131,47,Bucaramanga,CC,2.5_3,familiar,false,0,union_libre,true,false,false,true,otro,bici,ASMULT-01
c35ebb9f-1b44-4f77-92e6-ce03abdb14f6,carlos.torres63@hotmail.com,50,Medellín,CE,3_4,familiar,false,0,divorciado,false,false,false,true,perro,bici,ARRENDA-01
11004335-b464-421a-ba7b-dc4eec74636a,3743403057,23,Mosquera,CC,1.5_2,arrendada,false,0,soltero,false,false,false,false,,moto,BICI-01
dc05202c-46f1-4920-a2ff-41ab4b63c40a,jorge.lopez77@outlook.com,44,Medellín,CC,6_8,arrendada,false,0,casado,true,false,false,true,gato,moto,VIDAAH-01
9aafb978-f7dc-4fb7-82aa-7f2e3e467922,3208737530,39,Medellín,CC,4_6,propia,false,0,soltero,false,false,false,true,perro,carro,VIDAAH-01
14214f40-c53e-44e7-a602-0887e6f1f159,carlos.rojas1@hotmail.com,60,Barranquilla,CC,menor_smlv,propia,false,0,union_libre,false,false,false,true,perro,bici,APEXEQ-PAL-01
765334da-0987-4b81-9a42-791cb5f94321,maria.torres68@yahoo.com,72,Cali,CC,menor_smlv,arrendada,false,0,union_libre,false,false,false,false,,moto,BICI-01
2b9e29e7-2634-4a5f-88c8-d5cff332c2f1,daniela.vargas68@gmail.com,43,Cali,CC,6_8,arrendada,true,2,viudo,false,false,false,true,perro,ninguno,VIDAAH-01
83a0d2be-e478-4793-84d3-ba03716887b0,carlos.perez54@yahoo.com,57,Bogotá,CC,8_10,propia,true,2,casado,false,false,false,true,otro,moto,ASMULT-01
1b820c3d-bc94-4667-b2b0-9c11988d7222,sofia.vargas66@yahoo.com,55,Bogotá,CC,1_1.5,arrendada,false,0,soltero,true,false,false,true,gato,ninguno,EXEQ-01
bde72c7f-ad9f-42c9-9994-058fa384e69a,3764670574,75,Barranquilla,CC,1.5_2,propia,false,0,union_libre,true,false,false,false,,carro,DEUDOR-VIDA-01
137be4c9-f7c9-44ce-9af6-4b51a0cc8d21,3030897376,21,Bogotá,CC,20_30,propia,true,4,viudo,false,false,false,false,,ninguno,VIDA-01
f7be5c44-8549-4399-83a9-8075673d9d6a,3930054764,75,Barranquilla,CC,1.5_2,familiar,true,3,viudo,false,false,false,false,,ninguno,PET-SEG-01
ea8f06cf-8b1a-4684-a707-735f084a6980,felipe.vargas34@hotmail.com,23,Bogotá,PA,2_2.5,familiar,true,2,viudo,false,false,false,true,otro,carro,DEUDOR-VIDA-01
4623722e-d8a3-4a57-84a2-1d98e9ff652c,3274026558,58,Soacha,CC,10_20,propia,true,3,union_libre,false,false,false,true,otro,moto,EXEQ-01
ff1f00a3-a9ab-49df-9c25-fb5007c1f6af,diego.torres58@gmail.com,25,Bogotá,CC,8_10,familiar,false,0,viudo,false,false,false,false,,bici,BICI-01
c7961bdb-b34a-4f1c-bd93-2f7bd59222ec,3376371539,43,Soacha,CC,4_6,familiar,true,3,union_libre,false,false,false,true,perro,carro,VIDAAH-01
f6021384-6572-4dd0-bcca-ccb4d9bf891d,3931290442,50,Medellín,CC,1.5_2,propia,false,0,divorciado,true,false,false,true,gato,moto,PET-SEG-01
329a17b7-e83a-40e9-9d8c-7a196e87281a,,48,Bogotá,CC,4_6,arrendada,true,4,viudo,true,false,false,true,perro,moto,ASMED-01
bba24da8-3f48-4174-a375-cf7afcdba5d9,laura.gonzalez13@gmail.com,56,Bogotá,CC,menor_smlv,arrendada,false,0,viudo,true,false,false,false,,carro,ASMED-01
2621ffb6-44bc-4a65-97b9-a11413a07c54,3578660702,70,Bogotá,CC,2.5_3,propia,false,0,divorciado,false,false,false,true,perro,ninguno,ARRENDA-01
c6b66c9e-6a5d-4909-b097-d4cd8340010d,3350851127,34,Bogotá,CC,8_10,familiar,false,0,soltero,false,false,false,false,,ninguno,PET-SEG-01
425470b8-cd01-47f1-97af-7bda09155739,,47,Cali,CC,menor_smlv,propia,false,0,viudo,false,false,false,true,perro,ninguno,PET-PREP-01
e3751f76-f039-4731-a6d5-a5080fffb985,diana.florez16@hotmail.com,57,Bogotá,CC,1.5_2,arrendada,true,3,viudo,false,false,false,false,,ninguno,EXEQ-01
e9701f26-705d-4e1d-9bc8-bdc5a11863e7,3686679899,34,Medellín,CC,1_1.5,propia,false,0,divorciado,false,false,false,true,perro,ninguno,DEUDOR-VIDA-01
9d8ef649-d6c3-4f9f-909b-1db498bd0683,3506917679,54,Medellín,CC,2_2.5,arrendada,false,0,viudo,true,false,false,false,,ninguno,SALUD-01
64798b8b-4e89-48b4-85aa-cf04976ee3fa,julian.martinez26@outlook.com,47,Medellín,CC,2_2.5,familiar,true,3,casado,true,false,false,false,,bici,DEUDOR-VIDA-01
8077a779-2be7-4625-84ac-2320cd01ec0f,3187169467,67,Medellín,CC,3_4,arrendada,true,2,viudo,false,false,false,false,,ninguno,BICI-01
647eb079-ca6b-4109-9e84-9f71826ac681,3645903006,47,Medellín,CC,10_20,familiar,false,0,soltero,false,false,false,true,perro,carro,PET-SEG-01
e80668cd-485f-4cf8-8ee9-a4f3899fb7b0,diego.florez88@gmail.com,64,Bogotá,CC,2.5_3,arrendada,false,0,casado,true,false,false,false,,moto,EXEQ-01
30ba565c-daf5-408c-8104-23f570f9f5bc,carolina.gomez3@yahoo.com,60,Soacha,CC,mayor_30,familiar,true,1,casado,false,false,false,true,perro,ninguno,VIDA-01
58bbbcd2-fc9d-40ef-bfc1-6511967d4964,maria.moreno25@gmail.com,41,Bucaramanga,CC,4_6,propia,false,0,union_libre,false,false,false,true,gato,moto,VIDAAH-01
4398f9ce-5be7-45dc-a677-efc750fca53c,3338926087,50,Bogotá,CC,8_10,propia,true,1,union_libre,true,false,false,false,,ninguno,ASMED-01
4b010202-dd7b-4060-aa71-effb5f0279a2,laura.martinez99@outlook.com,57,Mosquera,CC,mayor_30,propia,false,0,union_libre,false,false,false,true,gato,bici,EXEQ-01
3c6f3e50-1c09-4242-9eb6-8c3dde39a8a9,3910923355,72,Medellín,CC,1.5_2,familiar,false,0,union_libre,false,false,false,true,perro,ninguno,DEUDOR-VIDA-01
4d8fb099-237f-4592-93cd-236534254e1c,3442258313,24,Medellín,CC,1.5_2,propia,false,0,divorciado,true,false,false,false,,ninguno,BICI-01
b9288a9c-5c3f-4eb4-9b26-52949c6b8ea5,3164040397,66,Bogotá,CC,20_30,arrendada,false,0,casado,true,false,false,true,perro,carro,BICI-01
23e494c3-6e88-478a-bd0d-a36c0db8c450,3447012045,69,Mosquera,CC,20_30,arrendada,false,0,divorciado,true,false,false,true,perro,moto,SALUD-01
e7d1ed47-40a6-427a-9e5e-c6d7fe62c6bc,diego.ortiz32@gmail.com,26,Bogotá,CC,8_10,familiar,true,2,union_libre,false,false,false,true,perro,carro,BICI-01
0475ff3c-24ed-4b3b-9c0a-4ba0a612f082,3370695118,24,Barranquilla,CC,3_4,arrendada,true,1,casado,false,false,false,true,perro,carro,DEUDOR-VIDA-01
dbf23666-d632-4db5-b392-18eed7734596,3971057549,52,Manizales,CC,1_1.5,propia,false,0,soltero,false,true,false,true,perro,carro,EXEQ-01
707a2115-5f69-46c4-9251-a71ba59b3786,3675957963,33,Bogotá,CC,6_8,propia,true,1,viudo,true,false,false,true,perro,moto,PET-SEG-01
417d6d74-43c0-4500-a314-5a676582bcc2,3526106896,41,Medellín,CC,menor_smlv,familiar,false,0,casado,true,false,false,true,otro,ninguno,ASMULT-01
0148b495-9a2d-4d75-9001-5bc20b4ebb17,3658988438,28,Bucaramanga,CC,8_10,arrendada,true,3,casado,false,true,false,true,otro,ninguno,BICI-01
ba87b93e-a960-412e-9af4-421e146a7d73,3509546540,52,Bogotá,CC,2.5_3,propia,true,3,union_libre,true,false,false,true,gato,moto,SALUD-01
9ac5f7be-4b4d-4f7e-96c2-2835a4b62693,,42,Bogotá,CC,2_2.5,familiar,false,0,viudo,true,false,false,true,otro,carro,PET-PREP-01
8348152c-96c1-4d21-92a2-2ca3e24ab118,3790584828,25,Zipaquirá,CC,1_1.5,propia,true,2,casado,false,false,false,true,perro,moto,DEUDOR-VIDA-01
fc689d45-a9ff-4352-bba8-5ac4aa9d523b,3267088050,22,Funza,CC,1_1.5,propia,true,2,divorciado,false,false,false,false,,ninguno,APEXEQ-PAL-01
6e7a066c-0dd0-4b80-979f-835ddb0577d7,3185199683,62,Medellín,CC,1.5_2,arrendada,false,0,divorciado,false,false,false,true,perro,carro,PET-SEG-01
9791c70f-4172-4068-83a5-342568d1b83b,valentina.sanchez57@outlook.com,68,Cali,CC,3_4,arrendada,true,3,union_libre,true,false,false,true,gato,moto,BICI-01
e39df29e-3531-438a-b1bb-14899e004ec9,3083037360,45,Cali,CC,menor_smlv,propia,false,0,union_libre,true,false,false,true,perro,carro,ASMED-01
d20a7592-3bea-434f-9407-9546bff385ab,3308045334,74,Soacha,CC,menor_smlv,propia,false,0,union_libre,false,false,false,false,,carro,MOTO-01
91fa7f14-44b7-48e5-9f04-2740ce90f589,3869104076,63,Barranquilla,CC,menor_smlv,familiar,true,4,viudo,false,false,false,true,perro,carro,ASMULT-01
ecb7e3a8-2f96-4538-8233-49725d8c6630,3422848349,28,Barranquilla,CC,2_2.5,arrendada,false,0,divorciado,false,false,false,true,gato,moto,ASMULT-01
20d3e3e6-9184-4582-ab2f-b1dfa3286ad1,valentina.rojas21@outlook.com,69,Bogotá,CC,2_2.5,arrendada,true,4,casado,false,false,false,false,,moto,ASMULT-01
1dfdf2c2-0255-4050-8402-844db03c8519,3556258815,33,Bogotá,CC,2.5_3,propia,false,0,union_libre,false,false,false,true,perro,carro,ARRENDA-01
288db733-7efb-49b3-a5e3-4b296ba91bd3,camila.vargas81@gmail.com,62,Bogotá,CC,3_4,arrendada,false,0,soltero,true,false,false,false,,bici,SALUD-01
52cbbce1-b2c6-4c9d-9c3f-126c67555c53,diego.rodriguez28@gmail.com,48,Soacha,CC,1.5_2,propia,true,4,divorciado,false,false,false,false,,ninguno,MOTO-01
62b82d72-3da6-4da6-9e7f-7e9fb8673aae,,64,Zipaquirá,CC,1.5_2,familiar,false,0,union_libre,false,false,false,true,perro,carro,ARRENDA-01
ce007fe7-401a-4eff-acc7-f3e82ab81bbb,3834875256,19,Cali,CC,1_1.5,familiar,false,0,viudo,false,false,false,true,perro,bici,APEXEQ-PAL-01
b5eeec88-c432-4fe2-a0ad-c33ff624bf2d,jorge.sanchez5@outlook.com,23,Barranquilla,CC,6_8,propia,true,4,union_libre,true,false,false,true,gato,carro,HOGAR-01
9104811f-d311-4c88-b41b-3b4e91d0a04f,diana.rojas75@hotmail.com,22,Barranquilla,CC,1_1.5,familiar,true,3,casado,false,false,false,true,perro,ninguno,APEXEQ-PAL-01
6b7d0fce-aead-4b30-95a4-48344daf69f1,carlos.perez28@outlook.com,29,Medellín,CC,2.5_3,arrendada,false,0,viudo,false,false,false,false,,carro,ARRENDA-01
d4897d5a-baca-4901-bdb1-1394e50ef2d6,3683948422,44,Medellín,CC,20_30,arrendada,true,2,soltero,false,false,true,true,gato,moto,PET-SEG-01
45a60ea3-5851-4bc0-83e1-a17df59f7ebf,luis.gonzalez40@hotmail.com,35,Barranquilla,CC,menor_smlv,familiar,false,0,union_libre,false,false,false,true,perro,moto,VIDA-01
08bb537c-3f29-4c6f-b6ca-a2a356c0d8fb,3944101042,72,Medellín,CC,menor_smlv,familiar,true,4,union_libre,false,false,false,false,,carro,APEXEQ-PAL-01
edcbefae-9c44-4af6-9ef2-aed114e42d06,diego.jimenez91@outlook.com,32,Bogotá,CC,menor_smlv,propia,false,0,union_libre,false,false,false,true,perro,ninguno,APEXEQ-PAL-01
c9b6c4e6-d227-4668-885f-d2c814ba8d20,jorge.castro57@gmail.com,58,Medellín,CC,10_20,propia,false,0,casado,false,false,true,true,perro,carro,PET-SEG-01
1606d31d-d6d1-44a0-a0d4-f62f5590d34c,3621541519,53,Medellín,CC,menor_smlv,arrendada,false,0,soltero,false,false,false,true,perro,carro,APEXEQ-PAL-01
2281c766-5352-4b8e-9c9e-e15dce19dd1f,ana.moreno40@outlook.com,57,Bogotá,CC,mayor_30,familiar,true,1,divorciado,true,false,false,true,perro,ninguno,PET-SEG-01
1c1c9dc8-15bd-454b-b9fd-548fa99bb73c,,42,Bogotá,CC,1_1.5,arrendada,false,0,union_libre,false,false,false,true,gato,carro,PET-SEG-01
7e404191-0429-4274-b96a-cba3d1989e54,sofia.moreno93@hotmail.com,20,Bogotá,CC,1.5_2,propia,true,1,divorciado,false,false,false,true,perro,carro,ARRENDA-01
5339784b-886a-4bc6-b976-74e59850c014,3636186371,39,Bogotá,CC,10_20,arrendada,false,0,union_libre,true,false,false,true,gato,carro,ASMED-01
705ef268-2aec-4e74-be31-148540378929,3291270659,32,Bogotá,CC,1.5_2,propia,false,0,soltero,false,false,false,true,gato,moto,DEUDOR-VIDA-01
03e2c2f7-9904-4f75-afc8-a06baf76095f,3488782028,27,Bucaramanga,CC,3_4,propia,true,4,union_libre,false,false,false,true,gato,carro,VIDA-01
7c38c84b-4415-46e8-8506-0dae121441a2,3697998725,43,Funza,CC,3_4,familiar,true,4,union_libre,true,false,true,false,,moto,MOTO-01
980c828e-3b28-4925-9c7a-fba9b82e1c11,3554405475,40,Bogotá,CC,2_2.5,propia,false,0,union_libre,false,false,false,false,,ninguno,PET-SEG-01
14e5f369-a1ed-4008-836d-549ca5c34472,3248374441,32,Bogotá,CC,6_8,propia,true,2,union_libre,false,false,false,false,,carro,BICI-01
4073b47d-318d-4b38-a3e2-fd92360630e0,valentina.lopez70@yahoo.com,63,Soacha,CC,mayor_30,propia,true,1,casado,false,false,false,true,gato,carro,EXEQ-01
fec3dc48-2337-4dbc-bc4e-4da68940594e,3449689509,26,Cali,CC,3_4,propia,true,3,viudo,false,false,false,false,,moto,ASMULT-01
df7cb17e-2f1b-4762-926c-a87490d295ae,3493046400,45,Bogotá,CC,2.5_3,arrendada,true,2,divorciado,false,false,false,false,,ninguno,DEUDOR-VIDA-01
f9fa2944-7cd7-45f4-86df-12f72f9e264f,3829924423,74,Bogotá,PA,3_4,propia,false,0,divorciado,false,false,false,true,gato,moto,VIDA-01
009175a9-a681-4e42-bf3a-e3070909b66a,3080047032,28,Cali,CC,4_6,propia,false,0,soltero,false,false,false,true,perro,ninguno,HOGAR-01
cd4adeff-a34b-4c54-8a32-598334a88136,3870426469,49,Bucaramanga,CC,menor_smlv,arrendada,true,1,viudo,true,false,false,false,,bici,ARRENDA-01
fa192b76-1dda-4c34-8c35-d066ffef738f,3790464494,21,Bogotá,CC,3_4,familiar,false,0,viudo,true,false,false,true,perro,ninguno,PET-PREP-01
ef1db361-a0cf-4f4f-bb31-b42cefdf8d09,3902547602,28,Bogotá,CC,3_4,propia,false,0,divorciado,false,false,false,true,gato,ninguno,ASMULT-01
c01d3d75-f758-48a5-b1b5-cef83c287ae3,3703221775,57,Mosquera,CC,10_20,propia,false,0,casado,false,false,false,true,perro,ninguno,PET-ASIS-01
5036b756-5d7a-4f71-9f7e-603a699297e6,3555107498,20,Cali,CC,8_10,familiar,true,4,viudo,false,false,false,true,otro,ninguno,BICI-01
f7cebb38-812b-4385-9a79-240255424215,3228349143,18,Medellín,CE,20_30,familiar,true,2,soltero,false,false,false,true,gato,ninguno,HOGAR-01
bb2a8333-4be2-41c1-b9a2-5d4184da2f91,santiago.moreno62@hotmail.com,57,Manizales,CC,2_2.5,arrendada,false,0,union_libre,true,false,false,true,perro,moto,DEUDOR-VIDA-01
3cc6b5fa-8e0a-44b6-bc00-b41472f1f8af,3877870009,51,Medellín,CC,3_4,arrendada,false,0,union_libre,true,false,false,true,otro,ninguno,HOGAR-01
727b6daf-97ba-41fc-8b60-d038a4d398cb,3562509694,22,Barranquilla,CC,1.5_2,propia,true,3,casado,true,false,false,true,otro,moto,ASMED-01
f88a01ff-22b6-45e2-aba5-a7d24f64e804,diana.ortiz28@outlook.com,33,Barranquilla,CC,mayor_30,propia,true,1,union_libre,true,false,false,true,perro,ninguno,BICI-01
5bc1d478-6c01-4c06-b0c2-8eeafa6abf77,3526362886,42,Bogotá,CC,6_8,propia,true,3,divorciado,true,false,false,true,gato,moto,VIDAAH-01
7acd9441-ac3b-4d16-bbec-6242b1d1450d,3030615471,21,Bucaramanga,PA,3_4,arrendada,false,0,viudo,false,false,false,false,,ninguno,HOGAR-01
eb873184-87b0-4021-a913-236b466c28fa,laura.gonzalez57@yahoo.com,67,Medellín,CE,8_10,propia,true,3,viudo,false,false,false,true,perro,ninguno,DEUDOR-VIDA-01
29e5b5bd-970a-4d9b-bdfc-6e6f8b966e90,3267940990,47,Cali,CC,2.5_3,arrendada,true,2,casado,false,false,false,true,gato,moto,ASMULT-01
4d6d902b-9090-4d07-80c1-7d91dcc1ad00,3435094765,62,Bogotá,CC,1_1.5,propia,true,4,soltero,false,false,false,true,perro,ninguno,PET-ASIS-01
b249c34b-a7da-4cb7-b2fa-66ed3469598b,3621003858,57,Bucaramanga,CC,2.5_3,arrendada,false,0,casado,false,false,false,true,otro,bici,DEUDOR-VIDA-01
c04fe409-9ffc-4b8d-b6ab-cb47c7f1cfb6,3369351073,50,Bogotá,CC,3_4,propia,true,3,casado,false,false,false,false,,ninguno,PET-SEG-01
7e12089b-07a1-4bf6-9720-ac31cdd3e047,paula.jimenez53@yahoo.com,41,Medellín,CC,4_6,propia,true,2,casado,false,false,false,false,,carro,VIDAAH-01
3e52b51c-2ce1-4f4f-8070-a59b208670c3,laura.sanchez47@yahoo.com,20,Funza,CC,menor_smlv,arrendada,false,0,viudo,true,false,false,true,otro,moto,ARRENDA-01
5314c56a-36f2-488d-b1bb-2935a88c3640,3800472153,39,Bogotá,CC,6_8,familiar,false,0,soltero,true,false,false,true,perro,ninguno,DEUDOR-VIDA-01
905fa947-3c28-417d-855d-2e287f4e8f42,3407125346,24,Medellín,CC,1_1.5,arrendada,false,0,union_libre,false,false,false,true,gato,ninguno,DEUDOR-VIDA-01
2632e450-cb45-488f-93b7-b36b86297bab,3072669318,63,Barranquilla,CC,3_4,familiar,false,0,union_libre,true,false,false,false,,moto,PET-SEG-01
6c2430a8-7900-4b6a-a2b7-bc3fddae29b3,3248774763,75,Bogotá,CC,menor_smlv,familiar,false,0,viudo,true,false,false,true,otro,ninguno,PET-SEG-01
705e324c-444e-4284-a62d-8fda88320ed1,valentina.rojas54@yahoo.com,24,Bogotá,CC,6_8,arrendada,true,2,soltero,false,true,false,false,,moto,VIDA-01
4720d872-cdc5-4682-9d7e-9344ae47d95f,jorge.garcia60@outlook.com,45,Bucaramanga,CC,8_10,arrendada,false,0,union_libre,false,false,false,false,,ninguno,HOGAR-01
c86402fb-8b78-4285-af0e-d901531789ed,santiago.moreno57@hotmail.com,73,Barranquilla,CC,20_30,arrendada,true,1,soltero,false,true,false,false,,moto,HOGAR-01
869d4cb7-52c9-4efa-a505-2661db2a23c4,3512285893,57,Cali,CC,6_8,propia,true,1,soltero,false,false,false,true,perro,carro,EXEQ-01
ef9526e8-1721-411c-a155-5828faf30968,diana.ramirez25@yahoo.com,33,Bogotá,CE,3_4,familiar,false,0,union_libre,true,false,false,false,,carro,ASMULT-01
fb64ffaf-3272-43e3-9903-5d8205d712af,3995285023,23,Bucaramanga,CC,4_6,familiar,true,4,union_libre,true,false,false,false,,moto,DEUDOR-VIDA-01
d5b725a6-f646-4129-bcec-da1693fcb3a8,felipe.rodriguez61@yahoo.com,18,Medellín,CC,1.5_2,arrendada,false,0,soltero,false,false,false,true,gato,carro,ASMULT-01
5fde58ae-eaf5-467f-89ed-448e353fab7c,3875656191,71,Cali,CC,1_1.5,propia,true,3,viudo,true,false,false,true,perro,ninguno,HOGAR-01
9db562cc-28ee-4431-ba5f-49d38f08eb7d,laura.gonzalez21@gmail.com,38,Medellín,CC,2.5_3,arrendada,false,0,soltero,false,false,false,false,,carro,DEUDOR-VIDA-01
0679a189-16c3-46c2-be84-5e82c1221dbf,felipe.castro25@yahoo.com,64,Bogotá,CC,1.5_2,familiar,true,4,divorciado,true,false,false,false,,moto,ASMED-01
3f91486e-5edd-419c-a846-4f4c0a5a5fe0,3302151675,74,Cali,CC,mayor_30,familiar,false,0,divorciado,false,false,false,true,perro,ninguno,EXEQ-01
dd04eb3d-10ea-4409-9c28-1a3aa968ba48,3277565399,69,Medellín,CC,8_10,familiar,false,0,casado,false,false,false,false,,bici,BICI-01
4a6d6c44-ce23-4f05-9d97-f14dea250939,,51,Soacha,CC,1_1.5,familiar,false,0,divorciado,false,false,false,false,,ninguno,ARRENDA-01
6841c8da-25ee-4cdd-9cd5-7957a02ef96b,3053925906,62,Bucaramanga,CC,1_1.5,arrendada,false,0,soltero,false,false,false,true,perro,ninguno,DEUDOR-VIDA-01
ccd773ac-61d5-4d5f-ac97-e8b00f6f0efe,,58,Cali,CC,1_1.5,arrendada,true,3,union_libre,false,false,false,false,,moto,ARRENDA-01
7aa794fd-f643-4cea-9320-401dbf6a88c4,3295166215,62,Medellín,CC,4_6,familiar,false,0,divorciado,false,false,false,true,otro,ninguno,BICI-01
b2c20e05-7508-4495-b4f2-73e6706ad6f8,3050928467,28,Medellín,CC,mayor_30,propia,true,1,divorciado,true,false,false,true,gato,ninguno,PET-SEG-01
29f504d8-6a11-4859-bea7-4833741f8054,3391782640,68,Bogotá,CC,8_10,propia,false,0,union_libre,false,false,false,true,perro,carro,DEUDOR-VIDA-01
6b74cdad-571d-43e7-bd81-efcef5f11f90,3250701200,72,Bogotá,CC,8_10,arrendada,false,0,soltero,false,false,false,true,gato,ninguno,VIDA-01
219a269f-f092-444e-be54-dbfc588aacd3,3748023352,33,Bogotá,CC,3_4,familiar,false,0,union_libre,false,false,false,true,perro,carro,PET-SEG-01
aa8563c0-06db-4db9-a75a-452801f49f94,3940572025,56,Bogotá,CE,20_30,familiar,true,3,divorciado,false,false,false,true,perro,moto,HOGAR-01
11d3f2f3-a3a5-42ab-8079-5d45e7c2672b,3444630600,19,Funza,CC,1.5_2,arrendada,false,0,viudo,false,false,false,true,gato,carro,PET-PREP-01
78fa4708-2e03-4692-9b4e-8f09ad385b63,3961844626,47,Bogotá,CC,4_6,arrendada,true,4,casado,false,false,false,true,perro,ninguno,DEUDOR-VIDA-01
bee61a2a-7f89-40f7-888d-daad87bb2838,3821240766,65,Bogotá,CC,mayor_30,familiar,true,3,casado,false,false,false,true,gato,bici,EXEQ-01
191b212c-8636-43b4-b74d-0420699d72f9,sebastian.vargas50@gmail.com,67,Barranquilla,CC,3_4,arrendada,false,0,viudo,true,false,false,true,perro,carro,DEUDOR-VIDA-01
21867d8d-d4ff-4e5d-9340-736d1689962e,3799077262,68,Soacha,CC,20_30,familiar,true,4,soltero,false,false,false,true,gato,moto,HOGAR-01
442aca0d-6149-475e-9cfd-3f0f04efbadd,3156210004,75,Manizales,CC,6_8,familiar,false,0,soltero,false,false,false,true,perro,moto,HOGAR-01
94136d0f-a25d-4dfc-8b8f-e6ef0203e01b,3217648467,59,Medellín,CC,3_4,arrendada,false,0,union_libre,true,false,false,true,otro,bici,EXEQ-01
57b9642b-ea13-48fd-a0e5-179b2e505417,carlos.florez78@gmail.com,64,Manizales,CC,8_10,propia,false,0,viudo,false,false,false,false,,ninguno,HOGAR-01
39f8fc4d-a700-4137-ae53-e7f0dfc61e34,,67,Barranquilla,CC,4_6,propia,true,1,casado,false,false,false,true,perro,ninguno,PET-PREP-01
5e6a50bd-6fd5-4a21-b903-1b73d29a6a1c,diana.perez46@gmail.com,51,Bogotá,CE,1_1.5,familiar,false,0,viudo,false,false,false,true,perro,ninguno,PET-SEG-01
19e18be0-2269-4e9b-bd9c-2d98ad372070,3419350805,35,Manizales,CE,1.5_2,propia,true,2,union_libre,false,false,false,false,,bici,MOTO-01
81858993-97f4-4f54-9559-044abccbe0a6,3746123190,20,Bogotá,CC,20_30,arrendada,false,0,soltero,false,false,false,true,perro,bici,HOGAR-01
27a12051-63b7-4b6a-82c6-5ba2579fcfcf,3676657031,35,Cali,CC,menor_smlv,propia,true,2,casado,false,false,false,true,otro,carro,BICI-01
a042ffcb-c085-48a0-9292-4c13eb9b01ee,,31,Soacha,CC,1_1.5,familiar,false,0,soltero,false,false,false,true,perro,carro,MOTO-01
b146b9af-6d86-4599-94a9-9bd719f184d7,sofia.ramirez32@hotmail.com,57,Medellín,CC,20_30,familiar,true,4,divorciado,false,false,false,true,gato,carro,VIDA-01
e9de6626-fc12-45bc-82f1-c30f2ed13091,sebastian.suarez90@gmail.com,69,Bogotá,CC,6_8,familiar,false,0,casado,false,false,false,true,perro,carro,EXEQ-01
2057e80a-da3f-4d83-88c5-18029a21321d,daniela.perez38@yahoo.com,51,Barranquilla,CC,4_6,propia,true,3,viudo,false,false,false,true,perro,moto,VIDAAH-01
2f163cc5-80aa-428b-9ed0-f8f27a2ad706,,39,Medellín,CC,4_6,arrendada,true,2,casado,false,false,false,false,,carro,ARRENDA-01
40696d7e-89d1-4924-a7d0-99a97667186c,3817932302,69,Medellín,CC,menor_smlv,arrendada,true,4,divorciado,false,false,false,true,otro,ninguno,APEXEQ-PAL-01
7eea1d5e-6b27-4139-877d-a85174a222fe,3315218096,22,Bogotá,CC,1.5_2,arrendada,true,2,soltero,false,false,false,true,perro,carro,HOGAR-01
3f5aa6e7-47ce-488f-a4cd-3cb2d1d0a1a4,andres.perez40@outlook.com,45,Bogotá,CC,6_8,arrendada,true,2,viudo,false,false,false,true,perro,ninguno,VIDAAH-01
176f2d15-5770-472c-9c4d-c6b72cf54e4b,,47,Bucaramanga,CC,3_4,familiar,true,3,viudo,false,false,false,false,,moto,ARRENDA-01
5ea32cc5-0767-4942-b3f4-a501566cded8,valentina.gomez6@hotmail.com,26,Medellín,CC,menor_smlv,familiar,false,0,casado,true,false,false,true,perro,moto,APEXEQ-PAL-01
63ce02b8-6b9b-402d-93ec-600a298c8d8b,daniela.perez2@outlook.com,48,Bogotá,CC,4_6,propia,true,2,casado,false,false,false,true,otro,carro,HOGAR-01
7868cdd1-5ccb-41a6-bf65-55cce04c9fc6,3735241039,47,Soacha,CC,2.5_3,propia,false,0,viudo,false,false,false,false,,ninguno,MOTO-01
e790f1fa-f431-454a-8da0-e06ae978fdcd,diego.gonzalez6@gmail.com,56,Cali,CC,6_8,arrendada,true,4,viudo,true,false,false,true,gato,moto,HOGAR-01
33f43d48-ce29-4839-b81f-fd6eb3bf7543,3428679632,28,Medellín,CE,10_20,arrendada,false,0,casado,false,false,false,true,perro,moto,BICI-01
aa5695e1-1086-4e2b-96ab-447e7964b722,david.martinez86@gmail.com,44,Bogotá,PA,1_1.5,arrendada,true,3,casado,false,false,false,true,perro,ninguno,ASMULT-01
6ae82487-6680-441c-8c8d-19d80ed2359c,3982097681,27,Bogotá,CC,6_8,familiar,true,1,soltero,false,false,false,true,perro,ninguno,PET-ASIS-01
bc481bc6-65bd-4d38-b7ef-ca685915b7cd,3971851147,46,Cali,CC,6_8,propia,true,4,casado,true,false,false,true,gato,carro,PET-SEG-01
252e84f7-2d07-47ca-a6dd-6ba0b12605c8,3516441805,35,Bogotá,CC,menor_smlv,propia,true,3,casado,false,false,true,false,,bici,PET-SEG-01
24a0dca1-f77c-420b-a221-f95ce09d7981,3467177629,69,Bogotá,CC,4_6,familiar,true,1,union_libre,true,false,false,true,gato,carro,PET-ASIS-01
eac75ef2-a75d-483b-a5ee-0b0f087ce8b9,diana.garcia49@hotmail.com,54,Funza,CC,1_1.5,arrendada,true,1,union_libre,false,false,false,false,,carro,MOTO-01
6f6dae77-0198-4fa5-92bb-1843ce48a8ac,3712189452,57,Barranquilla,CE,10_20,familiar,false,0,union_libre,false,false,false,true,perro,carro,EXEQ-01
e6dada35-51f7-4f43-8b39-2344511dc343,3434902115,35,Medellín,CC,8_10,arrendada,true,2,viudo,true,false,false,true,perro,carro,BICI-01
81d86603-3394-4bfd-946e-57440e9b9377,ana.gomez18@outlook.com,54,Cali,CC,8_10,familiar,true,4,divorciado,true,false,false,true,perro,moto,PET-ASIS-01
eb8b9f19-16ca-4a6f-9572-09ded350741f,david.moreno6@yahoo.com,37,Medellín,CC,6_8,arrendada,false,0,divorciado,false,false,false,true,perro,bici,VIDAAH-01
d88d646e-2031-4657-8a9b-de6e6531d6dd,3859665216,72,Medellín,CC,2_2.5,familiar,true,3,viudo,false,false,false,true,perro,moto,HOGAR-01
20c0cec4-b0ad-498d-afc3-805b9ca9d11b,3513901430,56,Mosquera,CC,3_4,arrendada,true,2,divorciado,false,false,false,true,perro,moto,ARRENDA-01
f2b86e7b-76c0-44a3-b21e-bc93c7011dc3,diego.florez84@yahoo.com,23,Soacha,CC,2.5_3,familiar,false,0,viudo,false,false,false,true,perro,ninguno,MOTO-01
838f4f7f-d00a-4f79-97db-ed6ff966fdc6,3121795928,27,Cali,CC,4_6,propia,true,2,soltero,true,false,false,false,,carro,HOGAR-01
3972dd85-ca92-485a-9ec7-1e3bf0656291,andres.ortiz63@gmail.com,52,Medellín,CC,menor_smlv,familiar,false,0,divorciado,false,false,false,true,perro,moto,ARRENDA-01
ac93fee1-179f-490e-8da3-74b4ced5c690,3615330027,18,Zipaquirá,CC,1.5_2,arrendada,true,3,soltero,false,false,false,true,perro,carro,PET-PREP-01
b22d0724-3534-4cd1-8325-e3c259d6c2dd,3579057191,66,Medellín,CC,3_4,familiar,false,0,viudo,false,false,false,true,perro,moto,ASMULT-01
01573daa-6cbf-415a-8a13-92fdbd8f08b0,3019306469,25,Cali,CC,1.5_2,arrendada,false,0,divorciado,true,false,false,true,perro,ninguno,PET-ASIS-01
caa5615c-a6cc-4067-b32f-74b6f20a2583,3026046901,46,Bucaramanga,CC,1_1.5,familiar,false,0,union_libre,true,false,false,true,perro,ninguno,ARRENDA-01
f2290def-0bfb-4f6b-8e70-8b6978d68eda,3095290550,56,Cali,CC,1_1.5,arrendada,false,0,viudo,true,false,false,false,,carro,APEXEQ-PAL-01
0afe6a51-8b9b-4774-a979-6a4b1f66e697,3179140186,34,Bogotá,CC,2_2.5,familiar,false,0,union_libre,false,false,false,true,gato,carro,APEXEQ-PAL-01
eea260c4-f89d-4982-b1c4-038e2f34df2d,3680876038,41,Cali,CC,2_2.5,arrendada,false,0,divorciado,false,false,false,true,gato,moto,ASMULT-01
78047427-73ec-477c-ac29-ef5175816cb6,3987358727,28,Bogotá,CC,4_6,familiar,false,0,casado,true,false,false,true,gato,carro,DEUDOR-VIDA-01
1d8e5667-f3ac-4391-9aff-2c61f6452965,3041890244,63,Bogotá,CC,mayor_30,propia,false,0,viudo,false,false,false,true,perro,ninguno,EXEQ-01
fdf772c8-a284-4cfa-b6c6-321a3aba10c3,3591191862,64,Bogotá,CC,2_2.5,propia,false,0,viudo,true,false,false,false,,carro,ASMED-01
ae8dba13-f7a3-41ad-9a11-9646a5f84267,3870584168,21,Funza,CC,4_6,familiar,false,0,soltero,false,false,false,true,perro,ninguno,PET-ASIS-01
e9b32de8-e92d-4d66-b94b-bcb4c913ac9a,paula.gomez6@outlook.com,29,Medellín,CC,3_4,familiar,false,0,viudo,true,false,false,true,perro,bici,ASMED-01
8a645132-c951-45ef-9b0f-d52c59a165d0,3961894658,39,Barranquilla,CC,2.5_3,familiar,false,0,divorciado,false,false,false,true,perro,carro,VIDAAH-01
838be89b-288b-44f7-b263-d108d3011a25,carlos.sanchez98@outlook.com,41,Soacha,CC,2_2.5,propia,false,0,soltero,false,false,false,false,,carro,HOGAR-01
93271948-f8ed-4fa5-b47e-194ce8196c1e,3054165237,18,Bogotá,CC,menor_smlv,familiar,true,4,divorciado,true,false,false,true,perro,bici,SALUD-01
6c287b30-038c-44d9-b7ed-f52ab323ea64,3852085296,37,Bogotá,CE,3_4,arrendada,false,0,casado,true,false,false,true,perro,carro,PET-ASIS-01
67624ca6-fcb1-4f6f-9226-b50edb837969,3553952563,47,Barranquilla,CC,20_30,familiar,false,0,casado,true,false,false,true,gato,carro,HOGAR-01
cdbf6de1-0c53-49a4-9cf4-3c19315679be,3067698710,71,Mosquera,CC,1_1.5,arrendada,true,3,soltero,true,false,false,true,otro,moto,ARRENDA-01
04d6394d-74cc-4450-8a54-cc51912905f8,3627320222,48,Medellín,CC,1_1.5,propia,true,1,divorciado,false,false,false,true,perro,ninguno,PET-SEG-01
62c0610f-87c7-4749-8ab8-2697c0ea9401,jorge.jimenez53@gmail.com,70,Bogotá,CC,3_4,familiar,true,4,union_libre,false,false,false,false,,carro,DEUDOR-VIDA-01
a2c21cbb-e65c-4f5f-b161-1b8f70d59ccc,3975392918,51,Bogotá,CC,20_30,familiar,false,0,soltero,false,false,false,true,gato,moto,VIDA-01
24797514-95bf-4213-b549-11a496a132d8,3379016884,61,Bogotá,CC,menor_smlv,arrendada,false,0,divorciado,false,false,false,true,gato,ninguno,PET-ASIS-01
228c7a8f-3a61-450b-b13e-25c73f5c2c66,,66,Barranquilla,CC,menor_smlv,arrendada,true,1,soltero,false,false,false,true,perro,moto,APEXEQ-PAL-01
cb150854-ce3c-473e-8169-13222478b827,ana.gonzalez49@outlook.com,53,Bogotá,CC,10_20,propia,false,0,casado,true,false,false,true,otro,ninguno,DEUDOR-VIDA-01
1f726454-0f04-420b-8fb9-0718dcee1291,3054260244,26,Zipaquirá,CC,mayor_30,propia,true,1,divorciado,false,false,false,false,,carro,PET-ASIS-01
e2744ca4-90c4-4a30-84b3-f247ad7eaa40,3031365024,55,Soacha,CC,1_1.5,arrendada,true,2,soltero,false,false,false,true,perro,ninguno,PET-SEG-01
51fbeafd-190b-4b20-afbf-773b469b93a2,3784370118,66,Bogotá,CC,20_30,propia,false,0,casado,true,false,false,true,perro,ninguno,VIDA-01
9878abad-9a5d-4461-bd18-b5efdfde3311,3619196570,23,Bogotá,CC,2_2.5,propia,true,1,casado,false,false,false,true,otro,moto,PET-ASIS-01
1d17da91-52f7-451e-9a59-5725ef0dab54,3557538825,67,Barranquilla,CC,mayor_30,arrendada,true,3,casado,false,false,false,false,,carro,DEUDOR-VIDA-01
23354ba1-d1ef-45b4-950a-a834af0bd754,,48,Soacha,CC,menor_smlv,familiar,true,3,casado,false,false,false,true,perro,ninguno,PET-SEG-01
3eee9943-175e-4e07-8e30-34be629afde0,carolina.rodriguez9@outlook.com,45,Soacha,CC,2.5_3,familiar,false,0,union_libre,false,false,false,true,perro,ninguno,MOTO-01
7d7df130-3d3c-402b-b81f-247c98f2f031,3890233030,43,Bucaramanga,CC,4_6,arrendada,true,2,union_libre,false,false,false,false,,carro,VIDAAH-01
c5f93973-3dbe-4dc5-9c24-91290e12fc19,3082474079,62,Bogotá,CC,2.5_3,propia,false,0,union_libre,false,false,false,true,perro,carro,BICI-01
0cea1b48-0c36-4814-8df1-ee916b1cfeb7,3732574433,52,Medellín,CC,6_8,familiar,false,0,casado,false,false,false,true,perro,moto,SALUD-01
8cc38ec7-eb0c-44a1-81fe-ceacd3e58657,3409749930,36,Barranquilla,CC,4_6,propia,true,4,casado,false,false,false,true,otro,bici,VIDAAH-01
cd3316f9-10d2-434d-bd5d-264e75015870,diego.perez94@gmail.com,25,Bogotá,CC,1.5_2,propia,true,2,viudo,false,false,false,true,perro,carro,HOGAR-01
b3c62809-968e-4dc7-a496-44921d1bcc90,3895920851,40,Bogotá,PA,1_1.5,propia,true,2,viudo,false,false,false,true,perro,moto,PET-ASIS-01
5707bd51-4128-4517-b079-dfb340480f10,3911971580,50,Zipaquirá,CC,3_4,familiar,false,0,soltero,true,false,false,false,,ninguno,HOGAR-01
24b90a4b-9419-4f51-9afb-5c87934be0f2,3052241142,19,Bogotá,CC,4_6,arrendada,false,0,divorciado,true,false,false,true,perro,moto,PET-ASIS-01
948fc59c-fd44-47bd-85a9-dff7ca29adb0,3266249753,45,Bogotá,CC,6_8,familiar,true,3,soltero,false,false,false,true,gato,ninguno,VIDAAH-01
43368e7e-1d59-414c-ba72-7ac17852e810,3590175240,62,Medellín,CC,menor_smlv,propia,true,4,union_libre,false,false,false,true,perro,moto,HOGAR-01
4c687d54-b254-4333-a160-8da37c5ff80c,,28,Bogotá,CC,6_8,propia,false,0,soltero,false,false,false,true,perro,ninguno,HOGAR-01
f3a8001a-892b-4791-a779-a2d9cf13a543,3070773098,33,Medellín,CC,10_20,propia,false,0,casado,true,false,false,false,,moto,APEXEQ-PAL-01
76036b4c-34d3-41f6-94e9-532030033e17,3975193784,55,Zipaquirá,CC,1.5_2,propia,true,1,casado,false,false,false,true,otro,ninguno,ASMULT-01
b9a8e394-eb4e-4235-84a1-3215d8b7b2f3,diana.martinez56@gmail.com,63,Soacha,CC,3_4,propia,true,3,divorciado,false,false,false,true,perro,ninguno,MOTO-01
a84cb11a-c075-4b07-9953-0e6a6a147e47,3481027036,73,Medellín,CC,2.5_3,familiar,false,0,divorciado,false,false,false,true,perro,ninguno,PET-SEG-01
71523150-1bbe-4255-84c9-036a3c186674,laura.gomez14@outlook.com,62,Barranquilla,CC,3_4,arrendada,true,3,union_libre,false,false,false,true,perro,carro,ASMULT-01
d89b250c-82d1-468f-abe2-79cf9ea50e6a,3697780349,68,Medellín,CC,2_2.5,propia,false,0,divorciado,false,false,false,true,perro,bici,HOGAR-01
2ba6855e-ca8e-41f3-b631-029df363eac1,luis.ortiz87@yahoo.com,26,Bogotá,CC,1.5_2,familiar,true,3,soltero,false,false,false,false,,carro,BICI-01
d8fc5047-f7dd-4df7-99b3-ff66dfde8162,julian.gonzalez42@outlook.com,36,Bogotá,CC,6_8,propia,false,0,union_libre,false,false,false,true,perro,ninguno,VIDAAH-01
5006b228-917c-4c7c-8a20-f25742f52f75,sebastian.castro34@gmail.com,64,Bogotá,CC,menor_smlv,familiar,false,0,union_libre,false,false,false,true,gato,ninguno,APEXEQ-PAL-01
0817b22d-17fd-42da-914b-b53516552a77,daniela.perez22@gmail.com,19,Bogotá,CC,6_8,arrendada,false,0,casado,true,false,false,true,perro,ninguno,HOGAR-01
f496c32e-06ff-4b63-9f88-a1dc5dc7c8fe,,50,Bogotá,CC,1.5_2,arrendada,false,0,union_libre,false,false,false,true,perro,moto,BICI-01
b618ef88-3573-4dfd-b986-2511d7a82afa,3657437598,29,Cali,CC,2.5_3,familiar,false,0,soltero,true,false,false,true,perro,ninguno,DEUDOR-VIDA-01
f13e606c-dafd-40c3-8f98-edabc19b7a0f,3244617679,60,Bucaramanga,CC,1.5_2,familiar,true,3,casado,false,false,false,true,perro,ninguno,PET-ASIS-01
5f233f47-13e6-4968-b884-8dd77e7981bf,3871148600,73,Bogotá,CC,20_30,arrendada,false,0,soltero,true,false,false,true,perro,carro,PET-ASIS-01
5b0e5dd0-f974-4725-a02f-c36f9b03a053,3486186706,43,Bogotá,CC,1_1.5,propia,true,1,soltero,false,false,false,true,perro,ninguno,DEUDOR-VIDA-01
514ab73a-0837-4f1f-8e7a-cdd8ca8b8188,3056260702,25,Bogotá,CC,2.5_3,arrendada,true,3,viudo,false,false,false,false,,ninguno,BICI-01
ae7dc4a6-73d0-476c-93ed-6318dbbc17f3,,25,Bucaramanga,CC,1_1.5,arrendada,false,0,divorciado,false,false,false,true,gato,ninguno,DEUDOR-VIDA-01
793b0d55-7fca-488f-b4fe-f650ed978529,3996130695,48,Bogotá,CC,mayor_30,propia,true,4,soltero,true,false,false,false,,bici,ASMED-01
980229cd-08ee-49dc-b414-39ca375e05a7,3749383416,26,Medellín,CC,2_2.5,propia,false,0,union_libre,false,false,false,true,gato,ninguno,HOGAR-01
2dc3688a-897e-41e2-b6f8-eff1ccfdd512,3119268900,57,Bogotá,CC,1.5_2,arrendada,false,0,soltero,false,false,false,true,perro,carro,ASMULT-01
7cbf0130-f5da-47ae-9084-54b12cbf4eb8,3311669460,74,Zipaquirá,CC,2_2.5,familiar,true,1,casado,false,false,false,true,gato,moto,MOTO-01
8332d9d8-23b7-47bf-98d7-d7c5e94b9ebd,3319839248,72,Barranquilla,CC,2.5_3,familiar,false,0,soltero,true,true,false,false,,ninguno,ARRENDA-01
fc204878-246f-4a1c-ba08-40254ce24fd6,3992770866,40,Zipaquirá,CC,3_4,arrendada,false,0,viudo,false,false,false,true,perro,carro,MOTO-01
c6cbac52-b58b-4229-ab8b-16f04fbbacc4,julian.torres40@gmail.com,28,Medellín,CC,2.5_3,arrendada,true,2,soltero,true,false,false,true,perro,ninguno,DEUDOR-VIDA-01
5cff7ea0-8a33-4519-a886-f1f64c278899,3557395232,52,Medellín,CC,3_4,arrendada,false,0,union_libre,false,false,false,true,otro,moto,PET-PREP-01
449a860b-0b8d-4e19-a09d-7bb147af7ec8,,44,Medellín,CE,2.5_3,familiar,true,1,divorciado,false,false,false,true,otro,carro,ARRENDA-01
7f3cd564-48e6-4239-8dbf-3d3bdf80ccf3,3429046175,72,Mosquera,CC,2.5_3,propia,false,0,viudo,false,true,false,true,gato,ninguno,MOTO-01
019cbd21-4a1e-4f3d-a4eb-8104e50a580a,3825311060,58,Soacha,CC,10_20,propia,false,0,soltero,false,false,false,true,gato,moto,PET-PREP-01
69ba88dd-ea2a-40b3-aa31-ed5324fbbfda,3423592887,18,Manizales,CC,menor_smlv,arrendada,false,0,casado,false,false,false,true,otro,moto,BICI-01
fc598131-c310-49b3-a59e-aba37f1c808b,3613912377,62,Cali,CC,3_4,familiar,false,0,viudo,false,false,false,true,gato,ninguno,EXEQ-01
3015e63f-150b-426f-b58a-27a051540168,3918023848,46,Cali,CC,4_6,propia,true,3,union_libre,false,false,false,true,perro,carro,DEUDOR-VIDA-01
f4f9f184-1063-40d3-a6f6-1ebc3c128321,3062344565,38,Bogotá,CC,6_8,arrendada,false,0,casado,true,false,false,true,perro,carro,PET-SEG-01
49820cd6-8d0e-4282-ab67-2ee0fb03d7ff,sofia.jimenez34@yahoo.com,58,Barranquilla,CC,2.5_3,arrendada,true,4,union_libre,false,false,false,true,perro,carro,ARRENDA-01
593ba87f-c3ed-4359-8c95-738cc77c82e5,3728177408,57,Bucaramanga,CC,8_10,familiar,false,0,union_libre,false,false,false,true,perro,moto,DEUDOR-VIDA-01
475eb28c-e2fe-4928-8fb8-c754c1109b8c,3604722053,56,Medellín,CC,2_2.5,familiar,true,1,divorciado,false,false,false,true,perro,carro,ASMULT-01
cb7e4b8b-fc4f-441b-b7e5-6e5091d42407,3844431069,53,Medellín,CC,4_6,propia,false,0,soltero,false,false,false,true,perro,ninguno,DEUDOR-VIDA-01
e6051586-f3d6-4e37-bd02-b7a31c23f92a,3656996387,68,Cali,CC,1_1.5,arrendada,false,0,divorciado,false,false,false,true,gato,ninguno,APEXEQ-PAL-01
7471f0b9-66e6-405f-b3a0-ac5612296fb0,3495832519,54,Bogotá,CC,2.5_3,propia,true,1,casado,false,false,false,true,perro,moto,ASMULT-01
7b2e6531-d0d3-43f7-a674-df8c3ba37b07,3827291367,42,Medellín,CC,6_8,arrendada,true,1,divorciado,false,false,false,true,gato,moto,VIDAAH-01
b227f1ba-ea8b-4d97-9fdb-f87b356d142f,3885455363,49,Bogotá,CC,6_8,arrendada,false,0,divorciado,false,false,false,true,gato,ninguno,PET-SEG-01
3cc4125f-c685-48d3-85d0-8a3c7600bb09,3558180066,59,Bogotá,CC,menor_smlv,arrendada,true,4,divorciado,false,false,false,false,,moto,VIDA-01
7dc81ed5-4956-49be-bac4-fa09ce40f860,santiago.sanchez38@yahoo.com,72,Bogotá,CC,6_8,propia,false,0,soltero,false,false,false,false,,moto,HOGAR-01
12e47f87-5310-48a9-acfd-3475fb5fcaaa,julian.vargas7@outlook.com,45,Bucaramanga,CC,2.5_3,propia,true,2,soltero,false,false,false,true,perro,ninguno,PET-SEG-01
49da6266-4bdf-4c7c-a8b7-8a5afa32cbd3,3960530261,65,Soacha,CC,8_10,arrendada,true,1,casado,true,false,false,true,perro,ninguno,SALUD-01
c605e035-76e7-4268-80fa-1d7b426ca52f,ana.castro41@yahoo.com,50,Bogotá,CE,2_2.5,familiar,false,0,casado,false,false,false,true,perro,carro,DEUDOR-VIDA-01
7a384d48-e043-4266-b6de-acaf062c9c8b,maria.jimenez25@outlook.com,29,Medellín,CC,2.5_3,familiar,true,4,casado,false,false,false,false,,moto,ASMULT-01
2751a28b-3494-4be8-ae09-a893a54f7d96,camila.garcia76@gmail.com,41,Medellín,CC,2.5_3,arrendada,false,0,union_libre,false,false,false,false,,ninguno,PET-SEG-01
7c2df779-1000-4148-a0ea-dddcc01fde17,3214928841,42,Cali,CC,1_1.5,propia,false,0,union_libre,false,false,false,true,otro,moto,APEXEQ-PAL-01
d2afc7ac-4ed8-4f21-9cad-fc6cb4d11370,3179970579,75,Mosquera,CC,20_30,arrendada,false,0,casado,true,false,false,true,gato,moto,BICI-01
ab229f1c-3ebc-4fa1-811b-3c1d32d30edf,,43,Bogotá,CC,1_1.5,propia,true,1,divorciado,true,false,false,true,gato,ninguno,PET-SEG-01
aa754e95-6268-47a8-b7a5-b1fd490f7f33,andres.sanchez72@outlook.com,49,Cali,CC,2_2.5,propia,true,2,union_libre,false,false,false,true,perro,ninguno,ASMULT-01
33eedca7-7505-4f66-b7cb-ad556bac798d,luis.garcia11@outlook.com,32,Bogotá,CC,1_1.5,familiar,false,0,divorciado,false,false,false,true,perro,ninguno,BICI-01
c39bfb34-7d81-44d2-95bd-40f3a3244f65,3930494080,56,Medellín,CC,1_1.5,propia,true,1,divorciado,false,false,false,true,perro,ninguno,PET-ASIS-01
9ac15c69-b83b-4682-aa8d-a4687ea44a69,,62,Barranquilla,CC,1_1.5,familiar,false,0,soltero,false,false,false,true,perro,ninguno,ASMULT-01
52bb1038-31b7-4699-8888-cd03f147fdaa,felipe.rodriguez21@yahoo.com,40,Medellín,CC,menor_smlv,familiar,false,0,casado,true,false,false,true,perro,ninguno,DEUDOR-VIDA-01
62aaab6b-83a5-40ae-87e7-359beb6707e1,3402635688,47,Medellín,CC,10_20,arrendada,false,0,union_libre,true,false,false,true,otro,ninguno,VIDA-01
364d3317-c4ae-4796-afd7-ad17522f4843,laura.florez18@yahoo.com,31,Bucaramanga,CC,2.5_3,propia,false,0,casado,true,false,false,true,perro,ninguno,VIDA-01
86f27419-ee4a-4963-8caa-40f5e36d67d9,3110371293,51,Bogotá,CC,3_4,arrendada,false,0,soltero,true,false,false,false,,carro,ARRENDA-01
72ef68df-4221-4700-bfbc-f22fd80b0ad2,3115542622,22,Bogotá,CC,4_6,familiar,true,1,viudo,false,false,false,true,gato,carro,DEUDOR-VIDA-01
868acb11-2b0a-4ce9-a472-4b40c0f1c587,3421756275,42,Zipaquirá,CE,6_8,propia,false,0,soltero,true,false,false,true,perro,moto,VIDAAH-01
8601af55-4108-42c9-a565-ed6ded81eb05,3320154612,22,Bogotá,CC,2.5_3,familiar,false,0,viudo,false,false,false,false,,bici,VIDA-01
930499e6-41ab-47f1-ba4b-d2b4cf5ec779,3360074813,72,Bogotá,CC,20_30,propia,true,3,casado,true,false,false,true,otro,moto,PET-SEG-01
19036c6a-a67c-413c-9db4-021611ac030a,3951858976,50,Bogotá,CC,1_1.5,propia,true,4,union_libre,false,false,false,true,perro,ninguno,PET-ASIS-01
012af509-0594-42db-98ce-2495a0973e0a,,74,Cali,CC,menor_smlv,familiar,true,4,viudo,true,false,false,false,,carro,APEXEQ-PAL-01
70e6fd0e-e0d4-4a81-9a13-50a9c207949c,3124451619,37,Bogotá,CC,4_6,arrendada,true,2,divorciado,true,false,false,false,,moto,BICI-01
0983dd5c-3065-49cc-a962-c7406f7b036d,3804033480,22,Bucaramanga,CC,2_2.5,propia,false,0,divorciado,false,false,false,true,gato,carro,ARRENDA-01
962a3611-b9f3-491c-b671-b7ca85a69590,3272029455,61,Bogotá,CC,2.5_3,arrendada,false,0,viudo,false,false,false,true,gato,carro,ASMED-01
8faa544f-9a22-406c-b526-c60d9d59f9a3,,34,Zipaquirá,CC,6_8,arrendada,true,3,viudo,false,false,false,true,perro,bici,BICI-01
4c8a8206-79e4-4d93-a39c-1e499b45d37a,david.martinez93@gmail.com,66,Barranquilla,CC,6_8,familiar,true,1,divorciado,false,false,false,true,perro,ninguno,MOTO-01
e5269ca8-0360-4247-bba1-2d8ea2974644,valentina.gomez23@yahoo.com,67,Cali,CE,3_4,familiar,false,0,union_libre,false,false,false,false,,ninguno,ARRENDA-01
5650f79a-f0e5-46a1-8d87-9357bf7f7dc4,3714521117,58,Cali,CC,3_4,propia,false,0,viudo,false,false,false,true,otro,moto,PET-SEG-01
2b1b36a1-4003-4017-a374-8290f828093c,3578457208,19,Zipaquirá,CC,3_4,arrendada,false,0,soltero,true,false,false,true,perro,carro,MOTO-01
30f816c2-b05d-4a3a-8e8d-fb6256d2fb58,paula.moreno32@hotmail.com,42,Bogotá,CC,menor_smlv,arrendada,false,0,soltero,true,false,false,true,perro,carro,VIDA-01
f296e9c8-d10c-4360-b94f-34b7778c2681,3155282301,43,Bogotá,CC,1_1.5,familiar,false,0,casado,true,false,false,true,perro,bici,APEXEQ-PAL-01
1bc9e0b0-57e5-4c5b-9653-29a68554e964,3080443583,73,Manizales,CC,3_4,familiar,false,0,soltero,true,false,false,true,perro,carro,DEUDOR-VIDA-01
e4b4c7c3-649c-43bf-bf14-210bbf6e9f76,3434414916,54,Bucaramanga,CC,2.5_3,familiar,true,2,viudo,true,false,false,true,perro,ninguno,ASMULT-01
658079c3-0ca1-43c4-88c9-39e45479a76c,valentina.suarez56@hotmail.com,43,Zipaquirá,CC,2_2.5,familiar,false,0,union_libre,true,true,false,false,,ninguno,MOTO-01
03503199-3a1e-47e4-bb60-31f5fb2a9c46,valentina.ramirez31@hotmail.com,18,Bogotá,CC,1_1.5,propia,false,0,divorciado,true,false,false,false,,ninguno,SALUD-01
c9bb5abd-1f93-4c8e-bf8f-1d455b283e65,3812191361,74,Funza,CC,10_20,propia,false,0,viudo,false,false,false,true,otro,ninguno,PET-ASIS-01
fa16d271-b3f8-427c-adfe-5c7f1bc0a31e,3020842735,57,Barranquilla,CC,10_20,propia,false,0,viudo,false,false,false,true,gato,carro,PET-SEG-01
842b5fcb-2894-46f6-98a5-bf77768436fb,3084639756,22,Medellín,CC,menor_smlv,familiar,true,3,divorciado,true,false,false,true,otro,ninguno,APEXEQ-PAL-01
03306030-3728-4d5a-b8bf-787027f50f55,,26,Bogotá,CE,menor_smlv,familiar,false,0,union_libre,false,false,false,true,perro,moto,BICI-01
d29b68de-db1f-48cb-b72f-2acb46a87a5b,3145394807,28,Medellín,CC,1.5_2,propia,true,4,viudo,false,false,false,true,gato,ninguno,BICI-01
662b1a6a-6f48-42a2-bfe9-0b23abd07698,3771109093,30,Bogotá,CC,20_30,familiar,false,0,casado,true,false,false,false,,moto,ASMED-01
5a27c09b-0896-48c5-bab5-e08dfb3f27b1,3204347433,37,Bogotá,CC,2.5_3,propia,false,0,soltero,true,false,false,false,,ninguno,ASMED-01
346c1183-332e-4c40-8839-c953ed60b4b5,juan.moreno46@yahoo.com,39,Bucaramanga,CC,20_30,familiar,true,1,divorciado,true,false,false,false,,moto,DEUDOR-VIDA-01
5c4a9567-f0f3-47e9-b280-be3790f34da0,3956530002,69,Bogotá,CC,1.5_2,arrendada,false,0,union_libre,true,false,false,true,gato,ninguno,ASMED-01
297334dc-0b08-406d-bb0e-18f526acc7ea,3488499795,46,Manizales,CC,1.5_2,familiar,false,0,union_libre,false,false,false,true,perro,ninguno,PET-PREP-01
b3f980e0-3a77-4055-8395-60776e595523,3480514388,63,Bogotá,CC,1.5_2,arrendada,true,2,divorciado,true,false,false,true,otro,bici,ASMED-01
e4d38bc0-afb6-40fa-8b9f-e7a7961cd1c8,3383806578,68,Bogotá,PA,6_8,arrendada,true,3,divorciado,true,true,false,true,gato,carro,ASMED-01
2d8e416b-22f4-466b-b4d6-88ef8dbd7d8e,3930581876,28,Cali,CC,2.5_3,propia,false,0,union_libre,false,false,false,true,gato,moto,DEUDOR-VIDA-01
83361ad1-09c5-4a27-9b22-668021eacdcb,3758586188,50,Medellín,CC,menor_smlv,arrendada,true,4,soltero,false,false,false,true,otro,ninguno,APEXEQ-PAL-01
8e30f05e-f44b-4c27-bd60-9ce725014fad,3437729420,56,Barranquilla,CC,3_4,arrendada,false,0,viudo,false,false,false,true,perro,moto,PET-PREP-01
7d4ad4e4-1a48-4793-9d96-b49896a9a33a,,56,Soacha,CC,2.5_3,arrendada,false,0,casado,false,false,false,true,perro,ninguno,ARRENDA-01
024ff804-6412-4c7a-900a-23031cbf347f,3300631910,70,Bogotá,CC,20_30,familiar,true,4,soltero,false,false,false,true,gato,carro,HOGAR-01
115681ff-5534-4d96-82d6-bf1c22bac7d2,laura.suarez12@yahoo.com,35,Bogotá,CC,8_10,propia,false,0,union_libre,false,false,false,true,perro,bici,HOGAR-01
d4e200b4-27ff-4536-8145-b93506a480cd,3500583534,62,Bogotá,CC,8_10,arrendada,true,3,casado,false,false,false,true,otro,ninguno,DEUDOR-VIDA-01
015c5882-2c50-40fb-b2dc-0e1c260965fc,sebastian.gonzalez87@hotmail.com,23,Medellín,CC,20_30,propia,false,0,viudo,false,false,false,false,,bici,HOGAR-01
e0ff8553-93f0-4ce0-bb02-eafae72e3608,,23,Bogotá,CC,1.5_2,arrendada,false,0,casado,false,false,false,true,perro,ninguno,PET-ASIS-01
eea792fa-33a6-480b-a06f-a0fd0fa282e2,,75,Barranquilla,CC,2.5_3,arrendada,false,0,casado,false,false,false,true,otro,ninguno,ASMULT-01
98754428-6cc2-44b4-93b5-8cb13cfeb3c0,,32,Bogotá,CC,2.5_3,propia,true,1,casado,false,false,false,true,otro,moto,APEXEQ-PAL-01
d7984f34-6ef5-440f-a50a-01af52594d7d,3602492357,46,Mosquera,CC,6_8,arrendada,false,0,soltero,false,false,false,true,perro,moto,VIDAAH-01
39e604e6-6cb2-46ad-9cbc-6b7bccc23f67,3298567240,41,Medellín,CC,3_4,arrendada,true,2,union_libre,false,false,false,true,gato,bici,DEUDOR-VIDA-01
beec97a8-5f2b-4c5c-9b85-78176a80863c,3113263398,53,Bogotá,CC,4_6,familiar,true,3,viudo,false,false,false,true,perro,ninguno,ASMULT-01
2a5fdba3-98b4-4a3d-b205-ccc9282a664b,3437380131,53,Medellín,CC,6_8,propia,false,0,union_libre,true,false,false,true,perro,moto,VIDAAH-01
67415e11-872c-4886-8d48-629d9950d983,jorge.rodriguez1@outlook.com,68,Medellín,CC,10_20,propia,true,4,soltero,true,false,false,true,perro,bici,PET-PREP-01
1e3eaaf5-64c4-4ea1-91b8-165f0b6e5dac,carlos.garcia38@gmail.com,42,Cali,CC,1_1.5,familiar,false,0,divorciado,false,false,false,true,otro,moto,DEUDOR-VIDA-01
0d02b4ea-06aa-4ee5-b05c-eac50c97208f,3584981145,49,Bogotá,CC,3_4,familiar,false,0,divorciado,true,false,false,true,perro,moto,PET-SEG-01
55131ff4-3a39-4fa7-8238-dc2963f10d51,3337496126,55,Bogotá,CC,menor_smlv,arrendada,true,2,viudo,true,false,false,true,perro,bici,BICI-01
42bf92a0-c78f-4f95-b686-cb6baba7e0fe,3984754870,65,Medellín,CC,2.5_3,familiar,true,4,union_libre,false,false,false,false,,bici,ASMULT-01
3c61a4db-b691-49b7-ba47-e9750ceaa7b7,3625316402,62,Mosquera,CC,2_2.5,arrendada,true,2,viudo,true,false,false,true,perro,ninguno,DEUDOR-VIDA-01
207dd92a-518d-4e03-b24e-9d81510d9daf,,61,Zipaquirá,CC,8_10,propia,true,1,casado,false,false,false,true,perro,moto,PET-SEG-01
df524558-de78-458d-a05e-6dcc4f097a15,3111860089,27,Manizales,CC,2.5_3,familiar,true,4,casado,false,false,false,false,,ninguno,ARRENDA-01
8bc3eb78-063e-41e0-a295-59cd6867fe6c,3255116436,61,Medellín,CC,1_1.5,propia,false,0,casado,false,false,false,true,perro,bici,APEXEQ-PAL-01
99e3dd1c-c9f8-4987-8f23-6b5cc986f531,sofia.gomez4@outlook.com,24,Zipaquirá,CC,3_4,propia,true,1,divorciado,true,false,false,false,,carro,BICI-01
896a2199-6bbf-4ca9-a150-ca6d8173046b,carlos.perez43@hotmail.com,27,Barranquilla,CC,mayor_30,propia,true,4,viudo,false,false,false,false,,moto,PET-SEG-01
3720f915-30e7-4fd3-b14c-eb91d909ef15,3322371859,31,Bogotá,CC,1_1.5,propia,false,0,divorciado,false,false,false,true,perro,moto,BICI-01
aea73a88-b1b6-4421-b829-a0f721c9d98f,3073198504,75,Zipaquirá,CC,6_8,familiar,true,2,union_libre,false,false,false,true,gato,bici,VIDAAH-01
2ce11879-5e90-49cf-84c9-2fab9ada216f,,60,Bogotá,CC,1.5_2,familiar,false,0,soltero,true,false,false,false,,carro,ARRENDA-01
3e93b457-d724-4d64-ae6f-29769122c4d7,carolina.garcia26@yahoo.com,54,Medellín,CC,4_6,familiar,true,1,union_libre,true,false,false,false,,moto,ASMED-01
e6e9ca46-b495-488d-8622-e295ff7d4483,daniela.sanchez99@gmail.com,57,Bogotá,CC,8_10,propia,false,0,divorciado,false,false,false,true,perro,carro,PET-SEG-01
06173705-4f7c-4eab-a659-dff303eacb64,3253806319,62,Bogotá,CC,1_1.5,arrendada,true,2,divorciado,false,false,false,true,otro,carro,APEXEQ-PAL-01
8df7c158-bfa2-4f82-ba0f-60e63f8940c8,3765094620,49,Medellín,CC,4_6,familiar,true,3,divorciado,true,false,false,false,,moto,VIDAAH-01
365b0af4-9a1f-4f0c-b01a-ea2f9a237cfd,3613473235,58,Medellín,CC,2.5_3,familiar,false,0,viudo,false,true,false,true,perro,moto,PET-PREP-01
23dc2a0e-10ce-4f0d-8a03-9be35a86343e,3070671515,28,Barranquilla,CC,3_4,familiar,false,0,viudo,false,false,false,true,gato,ninguno,VIDAAH-01
ac3e82c4-58ef-4a8e-bcdd-69d548122262,3173284248,48,Bogotá,CC,menor_smlv,familiar,true,2,viudo,false,false,false,true,perro,moto,APEXEQ-PAL-01
98413350-b254-4e93-8dde-55ba83d684b8,3852247675,25,Bogotá,CC,1.5_2,arrendada,false,0,viudo,true,false,false,true,otro,ninguno,SALUD-01
7fa5e99c-acbd-4a40-b8dd-24bb0b811dde,luis.garcia86@outlook.com,21,Bucaramanga,CC,10_20,familiar,false,0,soltero,false,false,false,false,,moto,VIDA-01
541c76c2-e535-4ea4-8814-5f5863da3314,sofia.lopez73@hotmail.com,54,Cali,CC,20_30,familiar,true,2,viudo,false,false,false,true,gato,bici,DEUDOR-VIDA-01
8837c2e2-333f-4a8b-99c7-8336d2052fc0,,62,Soacha,CC,3_4,arrendada,true,4,union_libre,false,false,false,true,perro,ninguno,EXEQ-01
34df2f84-1d71-4683-a28b-5497f5a3dad5,3290695473,38,Bogotá,CC,1_1.5,arrendada,true,2,divorciado,false,false,false,true,perro,ninguno,DEUDOR-VIDA-01
efc4e542-9f57-4f66-b4e4-68b5fdaa8d86,,39,Barranquilla,CC,6_8,propia,false,0,divorciado,false,false,false,true,perro,moto,VIDAAH-01
e78bc8ee-42d8-4baf-a9c5-5ba32d505df9,camila.rojas87@outlook.com,41,Barranquilla,CC,4_6,propia,false,0,divorciado,true,false,false,true,otro,ninguno,VIDAAH-01
e99c6cf3-5ebe-4d70-9b1c-b4713e274e1b,felipe.martinez21@outlook.com,54,Medellín,CC,menor_smlv,familiar,false,0,divorciado,false,false,false,false,,ninguno,APEXEQ-PAL-01
ad62c3de-8c85-416a-b76b-59a011e178a5,3987141426,64,Cali,CC,menor_smlv,propia,true,2,soltero,false,false,false,true,perro,ninguno,ARRENDA-01
f776bdf4-5ff5-49e4-901b-94d09a5f1866,3106326739,26,Bogotá,CC,menor_smlv,propia,true,4,soltero,false,false,false,true,perro,ninguno,APEXEQ-PAL-01
1045b6a9-f602-44df-b87f-4e5b55a95dc5,3015944633,32,Medellín,CE,10_20,familiar,true,3,viudo,false,false,false,true,perro,ninguno,PET-PREP-01
9f6b7d88-93e5-4df4-9b9d-9022386623ad,,26,Medellín,CE,1_1.5,arrendada,true,2,union_libre,false,false,false,true,gato,bici,ASMULT-01
e18f61a3-eafe-48a9-9b41-3b4754df439c,ana.gomez98@hotmail.com,36,Bucaramanga,CC,4_6,propia,false,0,casado,false,false,false,false,,ninguno,VIDAAH-01
49170351-3789-48c5-a862-4273f6abe001,3101663662,66,Bucaramanga,CC,1.5_2,familiar,true,3,union_libre,true,false,false,false,,carro,ASMED-01
49819a20-d73d-4b07-88a9-700782cdb7a5,3799123065,63,Bogotá,CC,3_4,propia,true,2,union_libre,true,false,false,false,,moto,EXEQ-01
f7f73cc3-c5c6-4cb9-a62a-b7af1fea65f5,,25,Medellín,CC,2_2.5,familiar,false,0,viudo,true,false,false,true,gato,carro,ASMED-01
f4ced18f-af50-4363-8750-7ca90655e7a1,ana.florez76@outlook.com,19,Bogotá,CE,2_2.5,arrendada,true,3,casado,false,false,false,true,perro,ninguno,DEUDOR-VIDA-01
f3b56e09-6e0f-4d98-9d63-3c1afbf33e15,3858800616,46,Zipaquirá,CC,3_4,arrendada,true,4,divorciado,true,false,false,true,gato,carro,ASMULT-01
744e80ce-c431-4697-bac9-e1d55b0507fc,juan.florez2@yahoo.com,34,Bucaramanga,CC,2_2.5,propia,false,0,soltero,true,false,false,true,perro,ninguno,ASMED-01
5232f61c-f8a3-4bc3-be9e-1ce1ecbe8f5c,3496454959,40,Medellín,CE,3_4,familiar,true,1,casado,false,false,false,false,,ninguno,ASMULT-01
06679241-b99f-4e4b-aa8b-a38fb15cf4b2,3755791209,37,Bogotá,CC,1.5_2,arrendada,false,0,soltero,false,false,false,true,otro,moto,ASMULT-01
0a2bc36b-8af9-4e94-b62f-7fbee427e30b,3644937479,18,Bucaramanga,CC,mayor_30,familiar,true,4,divorciado,false,false,false,true,perro,bici,PET-PREP-01
8098d723-e9db-46d6-a0ba-cb318f6f4374,3282471830,23,Bogotá,CC,1_1.5,propia,false,0,divorciado,false,false,false,true,otro,ninguno,DEUDOR-VIDA-01
e1fb8fd8-ee19-42d2-88d4-7009bd0f4d44,,74,Bogotá,CC,2.5_3,arrendada,false,0,viudo,false,false,false,true,perro,moto,DEUDOR-VIDA-01
d9059953-dd19-4cca-94a2-d6b72499699a,3184322259,63,Bogotá,CC,2.5_3,familiar,false,0,casado,false,false,false,true,perro,ninguno,DEUDOR-VIDA-01
cc58dd89-5fe2-4196-b7b7-240ce5019adc,,64,Bogotá,CC,menor_smlv,familiar,false,0,soltero,true,false,false,false,,ninguno,EXEQ-01
2658f0a1-badc-4441-8dc3-d5e85de1416f,3515480940,59,Barranquilla,CC,1_1.5,familiar,true,4,divorciado,true,false,false,true,gato,ninguno,DEUDOR-VIDA-01
459fd5c9-41f0-4e47-b040-4918b93c87ec,3898911281,37,Bogotá,CC,6_8,propia,true,3,casado,false,false,false,false,,ninguno,SALUD-01
a42495ce-c30f-474e-96cf-3095cbd279da,3719268075,20,Cali,CC,20_30,propia,true,4,divorciado,true,false,false,true,perro,ninguno,MOTO-01
8e86391a-7732-4b4f-b7fd-be187cf7d3c0,3990818733,21,Mosquera,CC,1_1.5,propia,true,4,divorciado,true,false,false,false,,moto,MOTO-01
dc6427ce-729b-489b-a52a-679776a29ec2,3366946272,50,Cali,CC,4_6,arrendada,true,1,viudo,true,false,false,false,,ninguno,ASMED-01
6ea7052a-484a-4be1-ad5f-55b3dfa4772f,andres.perez87@outlook.com,58,Cali,CC,mayor_30,propia,false,0,casado,false,false,true,true,perro,moto,PET-SEG-01
41ba4fce-89fe-42d8-8715-83b2b21b9230,carlos.gonzalez44@hotmail.com,57,Bucaramanga,CC,4_6,familiar,false,0,soltero,true,false,false,true,perro,ninguno,DEUDOR-VIDA-01
95cea5f6-75f6-4c50-b4f8-d95cfd9eba01,3847436213,19,Medellín,CC,10_20,familiar,false,0,divorciado,true,false,false,false,,moto,HOGAR-01
31190f97-01f2-4790-82cd-31eab0664b61,3340916169,31,Manizales,CC,1_1.5,propia,true,2,casado,false,false,false,true,perro,bici,VIDA-01
117ad92d-53c1-4515-b3c5-86bb42f92c6d,,31,Cali,CC,8_10,arrendada,false,0,soltero,false,false,false,true,perro,carro,BICI-01
2dd28692-d027-465f-8e56-1f453296c165,jorge.rodriguez78@yahoo.com,70,Bogotá,CC,10_20,arrendada,false,0,union_libre,false,false,false,true,otro,ninguno,EXEQ-01
da964390-1e3d-4f0b-845d-5af4794fc8d5,3077366758,40,Bogotá,CC,10_20,familiar,true,4,divorciado,false,false,false,true,gato,moto,HOGAR-01
f3874b2c-f670-4a72-bd52-5f13421878de,laura.vargas1@yahoo.com,26,Bogotá,CC,2.5_3,propia,true,4,union_libre,true,false,false,false,,moto,ASMED-01
01f2e8bc-9d4b-4e81-be6b-2e872f59ef97,3518548396,69,Medellín,CC,2_2.5,propia,true,4,casado,false,false,false,true,perro,ninguno,ASMULT-01
c63ebbe5-78cd-4bdb-addf-61bd695204e0,natalia.jimenez70@outlook.com,37,Medellín,CE,10_20,familiar,false,0,soltero,false,false,false,false,,ninguno,BICI-01
04797b70-f941-44c8-8565-3478f6de24ab,3690814498,43,Bogotá,CE,menor_smlv,propia,false,0,viudo,false,false,false,true,perro,ninguno,APEXEQ-PAL-01
34782ad4-28ef-4b8e-88ed-ca62b857b747,3308724478,33,Barranquilla,CC,1_1.5,familiar,true,1,divorciado,true,false,false,true,gato,moto,APEXEQ-PAL-01
38273f2b-5194-43a7-b267-05aa400a9f8b,3767567538,44,Bogotá,CC,4_6,familiar,false,0,viudo,true,false,false,false,,ninguno,VIDA-01
0774d2ba-7156-4877-9f4b-5a9e1c5d6e1a,3864917507,63,Bogotá,CC,2_2.5,propia,true,2,casado,true,false,false,true,perro,moto,EXEQ-01
da779709-0dab-4ad0-a650-4c914853e2ca,3961327303,37,Bucaramanga,CC,3_4,propia,true,3,divorciado,false,false,false,true,perro,carro,ARRENDA-01
063e3067-399d-4c40-a492-4d198c6d3442,3539952115,35,Bogotá,CC,2.5_3,arrendada,true,1,soltero,false,false,false,true,gato,carro,DEUDOR-VIDA-01
7c9c2362-2591-48cc-8683-5109305a3d44,julian.jimenez87@gmail.com,32,Bogotá,CC,1_1.5,arrendada,false,0,casado,false,false,false,false,,carro,APEXEQ-PAL-01
becb8661-a912-4f07-892b-b62c95c1bc42,3742120660,41,Bucaramanga,CC,20_30,familiar,true,1,viudo,false,false,false,true,gato,moto,VIDA-01
95539ae3-cdfc-463e-b082-8810e5b3c7dd,luis.rodriguez27@outlook.com,20,Barranquilla,CC,1_1.5,arrendada,false,0,soltero,false,false,false,false,,moto,PET-SEG-01
3501edbc-3d6b-4b22-8e60-9b6acd429c18,valentina.ramirez68@gmail.com,33,Bogotá,CC,20_30,familiar,false,0,viudo,true,false,false,true,gato,ninguno,BICI-01
45bde916-9aeb-42c4-b7a3-6a20e3c8af77,3569067447,43,Bogotá,CC,6_8,propia,false,0,viudo,true,false,false,false,,moto,VIDAAH-01
fc12c53b-f820-4a33-a081-8056a9359f0b,sebastian.moreno28@gmail.com,61,Bogotá,CC,1_1.5,propia,false,0,soltero,true,false,false,false,,moto,BICI-01
5a3f5607-6463-4bc4-a28d-6f220fa19561,3232277521,46,Medellín,CC,6_8,familiar,false,0,casado,true,false,false,false,,ninguno,VIDAAH-01
e2d5ad26-3e9f-4ced-915b-92d90ef9c1ec,3515703434,68,Bogotá,CC,10_20,propia,true,4,soltero,false,false,false,false,,moto,HOGAR-01
5a49bbb7-8503-4577-84f5-d13474467bef,3892187851,69,Medellín,CC,10_20,propia,false,0,union_libre,false,false,false,false,,moto,EXEQ-01
b1189f60-9aa7-47a1-ab57-d846cf769a6f,3806036323,47,Bogotá,CC,6_8,familiar,true,1,viudo,false,false,false,false,,ninguno,VIDAAH-01
ef0e6b3d-644a-4d68-bdfb-b7a5a24e01b0,3702042620,22,Medellín,CC,menor_smlv,familiar,false,0,divorciado,true,false,false,true,gato,moto,ASMULT-01
58ff8e62-30a6-49d9-8d25-fe7828dcdeea,3766342083,37,Bogotá,CC,1.5_2,familiar,false,0,soltero,true,false,false,false,,carro,ARRENDA-01
a7afbffa-aa3e-4d5f-b78d-5ed2d8264a1a,3522420596,70,Soacha,CC,1.5_2,arrendada,false,0,union_libre,false,false,false,true,perro,moto,EXEQ-01
4bc99de9-e698-4157-ab5b-fa96c7ddef21,3814447189,32,Zipaquirá,CC,2_2.5,arrendada,true,2,soltero,false,false,false,true,gato,bici,MOTO-01
8ce00f77-3445-4c81-8ac0-40204a4e84b1,diana.gomez12@hotmail.com,32,Manizales,CC,6_8,familiar,false,0,viudo,true,false,false,true,perro,ninguno,SALUD-01
a5b5d5e8-dea1-48c0-9aff-3d00fb32c278,,19,Medellín,CE,4_6,propia,true,3,soltero,true,false,false,true,otro,bici,DEUDOR-VIDA-01
d4ef0994-031c-43d0-b8d0-f68b0a64d197,3011272836,18,Bogotá,CC,2_2.5,propia,true,4,divorciado,false,false,false,true,perro,bici,PET-SEG-01
ac0cf5f4-ba1c-4a61-a438-aead274d80f5,3107491619,57,Medellín,CC,1.5_2,propia,true,2,soltero,false,false,false,true,perro,moto,EXEQ-01
66e8af57-f012-4ddc-b390-8104a795c6f3,,43,Bogotá,CC,6_8,familiar,false,0,divorciado,true,false,true,true,perro,moto,VIDAAH-01
a99366be-f38b-40e4-801a-f9a0a4a1cc3c,3040983665,67,Manizales,CC,menor_smlv,familiar,false,0,casado,false,false,false,false,,moto,ARRENDA-01
d870615e-fb5c-43d6-8be1-3be8eb58d268,luis.castro48@outlook.com,32,Bogotá,CC,8_10,arrendada,false,0,soltero,false,false,false,true,perro,ninguno,PET-PREP-01
eeed612a-b147-4cc6-b169-8f2402046bcd,3070716348,54,Cali,CC,4_6,familiar,true,3,soltero,true,false,false,false,,carro,VIDAAH-01
736dcf90-f50e-4c63-a35a-72c5902846e6,3577584745,47,Medellín,CC,menor_smlv,arrendada,false,0,union_libre,false,false,false,true,perro,carro,PET-PREP-01
5699ccb2-fe66-43d6-a14f-41b0456b670d,luis.martinez25@outlook.com,29,Soacha,CC,2_2.5,familiar,false,0,viudo,false,false,false,false,,moto,HOGAR-01
e34327c7-eb54-4799-a496-e17489be6df8,3182695490,21,Manizales,CC,1_1.5,familiar,true,1,casado,false,false,false,true,perro,moto,ARRENDA-01
43ead487-ec79-44c8-add5-35146d556f92,3863998756,53,Bogotá,CC,1_1.5,familiar,false,0,casado,false,false,false,true,perro,ninguno,DEUDOR-VIDA-01
449a0192-f03d-4661-9611-a8ba4dc7c153,3580810635,40,Cali,CC,1_1.5,familiar,false,0,divorciado,false,false,false,true,gato,carro,HOGAR-01
7e9965aa-de3e-40a7-a2d8-acbf40d87757,3132406214,70,Medellín,CC,1_1.5,propia,false,0,casado,false,false,false,true,gato,ninguno,EXEQ-01
d2883d46-a454-458d-8676-78d32b86486e,3740675826,47,Bogotá,CC,menor_smlv,propia,false,0,union_libre,false,true,false,true,perro,carro,APEXEQ-PAL-01
a1b58746-3f49-4624-8402-59931d3bb26c,3734024222,65,Bogotá,CC,2.5_3,propia,false,0,viudo,true,false,false,true,otro,moto,ASMED-01
76e09bdc-1829-4238-a94d-563e4bf06dec,,75,Cali,CC,4_6,arrendada,true,1,union_libre,false,false,false,true,otro,moto,HOGAR-01
31cec754-2c38-490a-9c3d-51cbd8d6f448,daniela.castro31@outlook.com,59,Soacha,CC,2.5_3,familiar,false,0,viudo,false,false,false,false,,moto,MOTO-01
8f38e31e-937b-4105-90dc-59721565c084,natalia.suarez92@gmail.com,53,Bogotá,CC,menor_smlv,arrendada,false,0,casado,false,false,false,true,otro,ninguno,ARRENDA-01
625b040e-c112-4472-af0f-b10cc79417eb,3953897064,20,Barranquilla,CC,1_1.5,propia,false,0,divorciado,false,false,false,false,,ninguno,PET-SEG-01
b74829a5-bb45-4815-85f7-8d3575bdcbd1,julian.ramirez62@gmail.com,45,Cali,CE,3_4,familiar,false,0,soltero,false,false,false,true,perro,ninguno,ASMULT-01
df0c6e6c-a35d-4d3e-a4bd-5b8cd1f42a91,,34,Soacha,CC,1_1.5,propia,false,0,casado,false,false,false,true,gato,moto,MOTO-01
cd2fef08-96da-4734-819e-141d5f5e6958,carlos.rojas60@yahoo.com,30,Bucaramanga,CC,4_6,familiar,true,1,union_libre,false,false,false,true,perro,ninguno,BICI-01
a01ecc78-4b2d-45b7-98b6-ea91e1824e70,natalia.perez13@outlook.com,48,Bogotá,CE,mayor_30,familiar,true,3,viudo,false,false,false,true,gato,moto,HOGAR-01
89e8e014-3987-4982-b13f-14459351fb2f,3660598678,46,Medellín,CC,2_2.5,arrendada,true,2,casado,false,false,false,true,perro,bici,DEUDOR-VIDA-01
8fae293b-65f5-4279-a4b0-fa482651efa2,3612792426,26,Funza,CC,8_10,propia,false,0,soltero,false,false,true,true,gato,carro,ARRENDA-01
435ed30b-e0a9-4a30-b6b2-7af0588c3c3a,3793164772,59,Cali,CC,menor_smlv,propia,false,0,casado,false,false,false,false,,ninguno,ARRENDA-01
d0f94f95-dc74-4016-b73e-6d53d1d7b94c,3814761742,52,Bucaramanga,CC,4_6,arrendada,false,0,casado,false,false,false,false,,ninguno,VIDAAH-01
a18686c7-cef3-40f0-b84b-e3876665938b,3254355196,28,Bogotá,CC,1_1.5,propia,true,2,casado,false,true,false,true,perro,carro,APEXEQ-PAL-01
129b0a99-b3fa-4067-a94a-a15068dc4d29,natalia.vargas16@yahoo.com,25,Medellín,CE,1_1.5,arrendada,true,2,union_libre,false,false,false,true,otro,ninguno,ARRENDA-01
13160bad-2e27-47e0-9c92-2aca1189c950,3999068201,66,Bogotá,CC,4_6,familiar,true,1,divorciado,true,false,false,false,,ninguno,DEUDOR-VIDA-01
71a1bc2d-ac5c-420c-82e5-afe89e18540f,sofia.castro92@hotmail.com,38,Medellín,CC,6_8,propia,true,4,soltero,false,false,false,true,perro,ninguno,VIDAAH-01
f6783ba0-cc35-40cf-bb1f-53839ed94846,3150762942,19,Zipaquirá,CC,1_1.5,propia,false,0,soltero,false,false,false,false,,ninguno,HOGAR-01
5da8a0f4-92b0-4ecf-bd23-cf9de007e33a,3158148769,44,Bogotá,PA,6_8,familiar,false,0,casado,false,false,false,true,perro,moto,HOGAR-01
80d55d14-c42a-42d9-8258-bd492b39d0cb,3723950410,27,Bogotá,CC,6_8,arrendada,false,0,divorciado,false,false,false,true,perro,bici,BICI-01
45690520-57e6-4d7a-afb2-4ed66664157b,3151226581,62,Bogotá,CC,6_8,arrendada,false,0,casado,false,false,false,false,,ninguno,BICI-01
bc2ec258-50d0-4654-9898-2cf7e1675df6,,71,Mosquera,CC,1_1.5,arrendada,true,1,casado,false,false,false,false,,carro,MOTO-01
96fdd7f3-eaf9-48a8-bb85-6780001ad1db,3111102867,75,Medellín,CE,mayor_30,familiar,true,2,soltero,true,false,false,true,perro,ninguno,HOGAR-01
51329019-926f-4597-a7e5-8f94bcdf19d7,daniela.martinez29@outlook.com,54,Bogotá,CE,3_4,propia,false,0,union_libre,false,false,false,false,,moto,ARRENDA-01
5ae8c98d-ef9f-4d22-a408-c86d7b228d91,santiago.torres30@yahoo.com,52,Funza,CC,1.5_2,arrendada,true,4,casado,false,false,false,true,perro,ninguno,MOTO-01
0c0458da-a8ff-4b32-8892-c6e256e473d9,3677880302,36,Medellín,CE,10_20,propia,false,0,casado,true,false,false,true,perro,bici,SALUD-01
a0b3d3b5-6bf0-41b5-8a35-e2905a3776d2,3242389354,65,Bogotá,CC,2.5_3,propia,false,0,divorciado,true,false,false,true,perro,bici,DEUDOR-VIDA-01
b9091859-c018-4cb8-9eec-6552a00559ae,3857436425,35,Barranquilla,CC,1.5_2,familiar,false,0,union_libre,false,false,false,true,perro,moto,PET-SEG-01
8913b81e-b274-49c3-bce2-697d6f2382df,laura.vargas16@outlook.com,72,Bogotá,CC,8_10,propia,false,0,divorciado,true,false,false,false,,ninguno,VIDA-01
c317b96d-ed06-4b37-aa53-99eb8a158fcb,carolina.jimenez4@gmail.com,38,Medellín,CE,8_10,propia,true,2,divorciado,false,false,false,false,,carro,APEXEQ-PAL-01
cbf9dd11-cf9e-4f8f-9191-3ac7ca158269,,57,Medellín,CC,6_8,arrendada,false,0,casado,false,false,false,true,perro,ninguno,EXEQ-01
aebb6ef6-ac91-4179-bd37-55d41df4cb4e,carlos.suarez25@gmail.com,51,Manizales,CC,2_2.5,familiar,false,0,union_libre,true,false,false,true,perro,carro,HOGAR-01
841a35ae-722c-4430-a714-f53952ae148c,camila.sanchez12@gmail.com,64,Cali,CC,2_2.5,familiar,false,0,union_libre,true,false,false,false,,moto,ARRENDA-01
f70dba1e-0359-4655-aaf6-b5c45f054dfb,3849741632,28,Cali,CC,8_10,arrendada,true,3,divorciado,false,false,false,true,perro,carro,VIDA-01
4fdb4627-e217-46d5-a434-70b269bf6ca0,3766138865,58,Medellín,CC,20_30,propia,false,0,soltero,false,false,false,false,,moto,HOGAR-01
0bc62e5c-8bea-4a57-a6e2-965d9b868956,3041403634,51,Bogotá,CC,6_8,arrendada,false,0,union_libre,true,false,false,true,perro,ninguno,PET-SEG-01
2df3f45c-16d3-4e86-8e34-5709e7b023ee,3763103231,55,Bogotá,CC,2.5_3,arrendada,true,4,soltero,true,false,false,true,perro,ninguno,ARRENDA-01
234944cc-6cfb-441c-9c17-944d19796b2c,,64,Bogotá,CC,2_2.5,familiar,false,0,union_libre,true,false,false,true,otro,ninguno,BICI-01
2e73f947-5772-433c-b0c9-63120f69891b,3068886742,18,Bogotá,CC,2_2.5,familiar,false,0,soltero,false,false,false,true,perro,carro,ASMULT-01
896a34ee-8b8f-4830-bd95-7447817b5e62,3816103763,66,Bucaramanga,CC,1.5_2,familiar,false,0,union_libre,true,false,false,false,,carro,ASMED-01
279cdaa6-d736-4e1c-bf61-bebbb82e4294,3547775388,25,Soacha,CC,mayor_30,arrendada,false,0,divorciado,false,false,false,true,gato,ninguno,BICI-01
23741102-a8be-4f6d-9422-ba2f44392ff0,3411158162,31,Medellín,CC,20_30,arrendada,false,0,casado,false,false,false,false,,ninguno,HOGAR-01
70263274-888f-40bd-a92b-afe3af73ae5d,3823171461,70,Funza,CC,2_2.5,familiar,false,0,union_libre,false,false,false,false,,bici,MOTO-01
cefb8a0f-595a-44ac-9adc-fff0de79d8b0,3256971699,23,Cali,CE,6_8,arrendada,true,3,union_libre,false,false,false,true,gato,ninguno,ARRENDA-01
fe62629a-db1c-46bb-ba8d-031ea8e0dedc,3235040566,25,Bogotá,CC,10_20,arrendada,true,4,viudo,true,false,false,true,perro,carro,BICI-01
f7a913ae-0fb5-44f9-bc46-7420597ebc6a,3618517446,23,Bogotá,CC,menor_smlv,arrendada,false,0,union_libre,true,false,false,false,,carro,BICI-01
e59ca5d0-088c-41df-b937-0f3282bd71b6,paula.rodriguez53@gmail.com,35,Bogotá,CC,2.5_3,propia,false,0,divorciado,false,false,false,true,gato,bici,ASMULT-01
87451b45-8df8-42ed-a5af-b576e16f6155,3991658723,44,Funza,CC,2.5_3,arrendada,false,0,soltero,true,false,false,false,,moto,MOTO-01
ce87a2f8-725b-43a3-903c-5a23d03d5503,3550371819,42,Bogotá,CC,1.5_2,arrendada,false,0,divorciado,false,false,false,false,,ninguno,APEXEQ-PAL-01
ca12eec3-5bdf-4a12-a8fe-737d0d5fc7f0,,32,Bogotá,CC,4_6,arrendada,false,0,casado,false,false,false,false,,moto,DEUDOR-VIDA-01
f0951f18-608a-4bc4-8dff-df66c6a27a66,3004786863,49,Medellín,CC,4_6,arrendada,false,0,casado,false,false,false,false,,moto,VIDAAH-01
12e5210d-acfe-4bc7-9a8d-1691f8419ede,,68,Cali,CC,10_20,arrendada,false,0,union_libre,true,false,false,false,,carro,HOGAR-01
a7707633-7e2d-479f-a138-f74399202930,juan.torres41@hotmail.com,47,Barranquilla,CC,20_30,propia,false,0,soltero,false,false,false,true,perro,ninguno,PET-ASIS-01
94c1828c-9f61-460d-bbed-997284f6b8b6,juan.lopez68@gmail.com,28,Bogotá,CC,20_30,familiar,true,3,union_libre,false,false,false,false,,carro,DEUDOR-VIDA-01
cbe179ca-a0fa-4dd9-9e5f-c4124beda538,valentina.gomez24@yahoo.com,21,Bogotá,CC,1_1.5,propia,false,0,viudo,false,false,false,true,perro,ninguno,PET-SEG-01
c158ca76-ca0f-43a5-a659-568919e6b75b,3037501605,41,Cali,CC,6_8,familiar,false,0,soltero,false,false,false,true,gato,ninguno,DEUDOR-VIDA-01
9242924b-cd07-44bf-ab5d-f7abe3d0c3d7,natalia.garcia32@yahoo.com,58,Bogotá,CC,10_20,arrendada,true,3,viudo,false,false,false,true,gato,ninguno,ARRENDA-01
b2c28192-5d0b-4190-bcc4-06a2aa94c145,andres.suarez42@hotmail.com,54,Cali,PA,3_4,arrendada,true,1,divorciado,false,false,false,false,,ninguno,ASMULT-01
9dcdd617-d6ef-42c9-8daf-991882156bf2,3720200953,43,Soacha,CC,4_6,familiar,true,2,soltero,false,false,false,true,gato,bici,PET-SEG-01
397ee753-7ac1-40d6-81e2-7e24fa947df1,ana.perez41@yahoo.com,60,Funza,CC,2.5_3,arrendada,false,0,divorciado,false,false,false,true,perro,moto,MOTO-01
ef6d0c47-5e89-4eb4-8d9c-15630766e37f,felipe.gonzalez51@gmail.com,30,Medellín,CC,menor_smlv,propia,true,3,divorciado,true,false,false,false,,moto,APEXEQ-PAL-01
3c030fdd-3324-4357-943b-627864cf1d19,sebastian.florez65@yahoo.com,33,Medellín,CC,mayor_30,arrendada,true,3,union_libre,false,false,false,false,,carro,HOGAR-01
f6fe3a81-24c5-4750-8eb5-8119d68b3c48,,39,Barranquilla,CC,3_4,propia,false,0,casado,true,false,false,false,,bici,SALUD-01
f3e10bd2-7c2c-4e0d-922b-98d9914536b4,,59,Funza,CC,1_1.5,propia,true,3,viudo,false,false,false,true,gato,moto,APEXEQ-PAL-01
116e33bd-c679-4874-81f6-1e69c500ea19,ana.vargas6@gmail.com,26,Manizales,CC,8_10,propia,false,0,soltero,false,false,false,true,gato,carro,HOGAR-01
1b6c59ce-89c9-4a1b-81b2-65a589d9fc72,3847625996,46,Medellín,CC,1.5_2,propia,false,0,casado,false,false,false,true,perro,bici,PET-SEG-01
0f0ee780-8e84-40f2-9a9b-729151718a94,santiago.martinez55@yahoo.com,46,Bogotá,CC,6_8,propia,true,4,casado,true,false,false,true,perro,moto,VIDAAH-01
b67cc04c-84d0-4987-bd51-d08ff2be2c40,,43,Medellín,CC,1_1.5,familiar,true,3,soltero,false,false,false,false,,ninguno,APEXEQ-PAL-01
d4ca5a52-6d1e-42a7-afb1-17a6af4ec835,3762428574,20,Mosquera,CC,menor_smlv,propia,false,0,union_libre,true,false,false,false,,carro,MOTO-01
331ee2a8-4faf-413a-99b2-356d4cb9ba30,3717565512,21,Cali,CC,4_6,familiar,false,0,divorciado,false,false,false,true,perro,carro,BICI-01
e91753e2-8fc4-44c4-8bc5-09c931ddd982,3300288349,60,Bogotá,CC,1.5_2,familiar,true,3,union_libre,false,false,false,true,perro,moto,BICI-01
5b2c52b0-16ef-416f-ab28-00060f925a91,juan.gonzalez86@outlook.com,55,Medellín,CC,menor_smlv,familiar,true,4,soltero,false,false,false,true,gato,ninguno,PET-PREP-01
81b1a9c1-3b83-40dd-b893-368fa44e5430,3742194047,53,Bucaramanga,CC,mayor_30,familiar,true,1,casado,false,false,false,false,,bici,BICI-01
a3059e9f-a411-4a11-b031-a9fccd4376c4,,50,Soacha,CC,2_2.5,arrendada,true,4,casado,false,false,false,true,perro,ninguno,ASMULT-01
4c58fe4d-8347-4ef2-b6c8-7ee901343f09,3513246518,30,Bogotá,CC,20_30,arrendada,false,0,viudo,true,false,false,false,,ninguno,SALUD-01
7ae670c6-31cc-403b-a564-40d67a14903b,3748946674,42,Bogotá,CC,mayor_30,arrendada,false,0,union_libre,true,false,false,true,otro,carro,PET-ASIS-01
c5c6a70a-55a7-4af3-a709-4299b6aef098,3027853798,67,Soacha,CC,1_1.5,propia,true,3,viudo,true,false,false,true,gato,moto,MOTO-01
7e18c447-669d-482c-80b4-951a834e2aba,,20,Bogotá,CC,2.5_3,propia,true,2,union_libre,false,false,false,true,otro,ninguno,BICI-01
78013159-923a-4f4a-a5ec-c7679e822c62,3932880983,28,Funza,CE,1.5_2,propia,true,1,soltero,true,false,false,false,,moto,SALUD-01
de259706-0b8e-499a-9511-a26490144d00,3686602892,51,Bogotá,CC,3_4,arrendada,false,0,viudo,false,false,false,true,perro,carro,ARRENDA-01
40569957-c247-46ee-8b42-9ec2caa48156,3819376841,52,Bucaramanga,CC,6_8,arrendada,false,0,soltero,false,false,false,true,perro,carro,VIDAAH-01
96343cda-860a-471d-b59d-4718c5ebc3a2,david.garcia85@hotmail.com,57,Bogotá,CC,mayor_30,familiar,false,0,union_libre,true,false,false,true,perro,carro,SALUD-01
42d44662-1871-44d2-bb05-733896192c57,3701065133,53,Medellín,CC,6_8,arrendada,true,2,divorciado,true,false,false,true,perro,carro,VIDAAH-01
8db3c699-c13e-4608-8e1b-10f6880ade28,3071905657,69,Medellín,CC,2_2.5,propia,false,0,viudo,false,false,false,true,perro,ninguno,ARRENDA-01
83473db8-4cb0-4926-86be-78a3dda134c3,3893356241,56,Barranquilla,CC,3_4,propia,false,0,divorciado,false,false,false,false,,ninguno,PET-SEG-01
9f93f16b-a978-400a-95d9-f6a9a01ef3bd,carolina.suarez22@yahoo.com,71,Bogotá,CC,1_1.5,familiar,false,0,soltero,false,false,true,true,gato,ninguno,PET-SEG-01
82b41b49-148a-4132-8f0c-26d37bd77632,,75,Bucaramanga,PA,1.5_2,propia,false,0,divorciado,false,false,false,true,perro,moto,ARRENDA-01
03d085d7-77da-4763-a209-6b324f964008,3883845612,41,Zipaquirá,CC,menor_smlv,arrendada,false,0,viudo,false,true,false,true,perro,ninguno,MOTO-01
1ede23f6-ebe1-4a49-8b7d-0da1ab67b021,3410282963,64,Bucaramanga,CC,8_10,familiar,true,1,casado,false,false,false,false,,carro,VIDA-01
4a583cd3-2c83-4911-a033-ef6062ab20e2,3745561140,62,Bogotá,CC,mayor_30,familiar,false,0,union_libre,true,false,false,true,perro,carro,ASMED-01
4f3e5e9e-fee8-4b74-aca0-31218a090c22,andres.jimenez98@hotmail.com,28,Bogotá,CC,1.5_2,arrendada,true,2,viudo,false,false,false,true,perro,moto,MOTO-01
0a10b02a-d1cf-4b51-9ce0-52aa5a30c48d,3658352738,31,Bogotá,CE,mayor_30,familiar,true,4,viudo,false,false,false,false,,moto,BICI-01
4956ed04-ebc7-457c-8ccf-543472408ec0,3977963199,34,Cali,CC,4_6,arrendada,false,0,soltero,false,false,false,true,perro,moto,BICI-01
6d61f09e-8008-464b-b19f-ddba0cc6b26c,jorge.ramirez58@gmail.com,75,Barranquilla,CC,1_1.5,arrendada,true,4,soltero,false,false,false,true,perro,ninguno,APEXEQ-PAL-01
8490f39c-6c0c-49ea-a10f-afa367766d1f,3625324472,35,Bogotá,CC,10_20,familiar,false,0,viudo,true,false,false,true,gato,bici,BICI-01
d6e681dc-ac05-4cf0-98fd-2e5e848b440a,3919711121,45,Bogotá,CC,4_6,familiar,true,1,casado,false,false,false,true,gato,ninguno,VIDAAH-01
a1298e1f-2230-4c38-aadf-6c4eea179f19,natalia.jimenez13@hotmail.com,63,Bogotá,CC,6_8,arrendada,false,0,casado,true,false,false,false,,moto,EXEQ-01
40bdf44d-5fce-4140-8223-83ec68872e75,3359752288,32,Bogotá,PA,1.5_2,propia,true,2,viudo,false,false,false,false,,carro,DEUDOR-VIDA-01
b99c6ff9-8e10-45c8-a36f-e608e7b15d56,3240281822,59,Bogotá,CC,1_1.5,familiar,true,4,viudo,false,false,true,true,gato,ninguno,ARRENDA-01
d3e34f8e-0c60-4fd2-943e-cb79023eaa11,3335315356,28,Bogotá,CC,1_1.5,familiar,false,0,divorciado,false,false,false,false,,carro,DEUDOR-VIDA-01
7d6fbd63-3403-48a9-bdac-0ab9bb8abe86,3495110967,19,Medellín,CC,20_30,propia,false,0,union_libre,false,false,false,false,,moto,PET-SEG-01
da795c9b-ada8-41ca-bb95-8747bd9cc9b4,3248971470,44,Bogotá,CC,6_8,arrendada,false,0,viudo,false,false,false,true,otro,carro,DEUDOR-VIDA-01
dd4e5e7d-4fe1-426f-9093-9a4d5b9534de,3823696269,19,Barranquilla,CC,1_1.5,familiar,true,2,casado,true,false,false,false,,carro,DEUDOR-VIDA-01
4c19c010-9367-42e3-a5d0-90effb76c6c9,,45,Bogotá,CC,3_4,propia,false,0,soltero,false,false,false,true,perro,carro,HOGAR-01
a9b6ced8-ddae-461f-a087-29c2fc6349fe,3190147342,47,Bucaramanga,CC,1.5_2,propia,true,1,viudo,false,false,false,true,perro,bici,PET-ASIS-01
06f64d11-c79c-47f6-ad50-2a8c171a3c1c,3859918903,35,Bogotá,CC,6_8,arrendada,false,0,union_libre,false,false,false,false,,ninguno,PET-SEG-01
e2a2d11f-43a7-48e6-8969-6bf340a26217,3183760644,23,Medellín,CC,2.5_3,arrendada,true,2,casado,false,false,false,false,,ninguno,DEUDOR-VIDA-01
8a9b664f-1205-4589-8456-39c747fa4b66,3024808557,59,Bogotá,CC,8_10,propia,false,0,soltero,true,false,false,true,gato,bici,EXEQ-01
631bebf9-7491-4ab4-896c-4e2ec53c67fc,laura.ramirez69@gmail.com,53,Bogotá,CC,3_4,propia,false,0,divorciado,false,false,false,false,,moto,ASMULT-01
33868a95-dbd3-4924-899a-efdec0559af9,3773793957,72,Soacha,CC,1.5_2,arrendada,true,3,soltero,false,false,false,true,perro,carro,MOTO-01
f9bcc8ff-1217-45c4-971e-e925df9398e2,3189239231,26,Barranquilla,CC,4_6,propia,false,0,union_libre,false,false,false,true,perro,carro,PET-SEG-01
43d6574b-3064-4405-8abd-98015cb9c596,3945491801,65,Medellín,CC,1.5_2,arrendada,true,2,casado,false,false,false,true,perro,ninguno,ASMULT-01
83bce72f-7993-4c94-a825-a9097c14fcd8,3360768263,46,Barranquilla,CC,2.5_3,familiar,false,0,soltero,false,false,false,false,,carro,PET-ASIS-01
3c7120b3-c492-4007-bc4f-efb3b18dab2a,3708633445,32,Bogotá,CC,1_1.5,arrendada,false,0,union_libre,false,false,false,false,,ninguno,DEUDOR-VIDA-01
43abe500-2521-497f-9ae3-2fe91af2d174,3364248096,29,Cali,CC,1.5_2,arrendada,false,0,union_libre,true,false,false,true,perro,ninguno,DEUDOR-VIDA-01
a445c2a7-784d-4327-9181-a6ac3a315c9c,paula.castro54@hotmail.com,32,Bogotá,CC,4_6,propia,false,0,viudo,false,false,false,true,gato,carro,HOGAR-01
4dd0aa89-ab64-4309-a6f7-7520486e16a2,david.ramirez4@yahoo.com,47,Mosquera,CC,8_10,propia,true,2,viudo,false,false,false,true,perro,ninguno,PET-SEG-01
53ce0be2-828f-4966-9712-88b2d611c78a,3201240254,39,Bogotá,CC,3_4,propia,true,1,union_libre,true,false,false,true,perro,moto,SALUD-01
ad8595af-e8e2-4cef-b74b-0ac773ec1a1a,3340833783,43,Mosquera,CC,3_4,propia,true,3,viudo,true,false,false,true,perro,carro,ARRENDA-01
3d272c1c-8945-466f-8fd5-0016565edc43,,20,Soacha,CC,1.5_2,familiar,false,0,union_libre,false,false,false,true,gato,ninguno,ARRENDA-01
03d735b2-5d36-41fb-ada5-07b821f3d461,3220212372,73,Manizales,CC,menor_smlv,arrendada,false,0,union_libre,true,false,false,true,perro,ninguno,SALUD-01
1c67bb07-d802-429c-b8a3-c0d22e022fa8,3891775662,21,Bucaramanga,CC,4_6,familiar,true,4,casado,false,false,false,true,otro,bici,HOGAR-01
3d150ff5-82c1-4f28-925a-4a3a374b0d96,3136512201,44,Medellín,CC,2_2.5,arrendada,true,4,divorciado,false,false,false,true,perro,bici,HOGAR-01
0095c19f-c297-4f85-9f0a-d4204755dedb,3029271205,70,Bogotá,CC,20_30,familiar,false,0,divorciado,false,false,false,false,,ninguno,EXEQ-01
cf96913a-fae8-4b7a-87fc-d7fc4346784f,natalia.garcia61@outlook.com,24,Medellín,CC,1_1.5,arrendada,false,0,union_libre,false,false,false,true,perro,moto,DEUDOR-VIDA-01
027c4b7b-5f43-43ab-b989-f8dec81bf8b2,,23,Bogotá,CE,menor_smlv,arrendada,true,2,divorciado,false,false,false,true,perro,moto,BICI-01
8cb24045-3281-4478-8dc6-ef8c51ce623a,3997949756,47,Medellín,CC,3_4,arrendada,true,3,divorciado,false,false,false,false,,bici,BICI-01
95659cc3-ba22-4ff6-912f-5a0b39da054f,jorge.ortiz22@gmail.com,69,Bucaramanga,CC,2_2.5,familiar,true,4,union_libre,false,false,false,true,gato,ninguno,ASMULT-01
88b8aab9-fab6-450f-86ed-2a3403ccc82a,3876014672,70,Bogotá,CC,1_1.5,familiar,true,3,viudo,false,false,false,true,otro,moto,ARRENDA-01
c2747b3d-6e6c-4727-b278-c7e64152ad86,3675185711,45,Medellín,CC,1_1.5,arrendada,false,0,divorciado,true,false,false,true,perro,bici,ARRENDA-01
f4a848c1-01c9-4c10-bdd2-5d7cced13b19,3710725636,63,Bucaramanga,CC,6_8,familiar,false,0,viudo,false,false,false,false,,moto,HOGAR-01
4f00b61b-f14e-4cde-a828-8c33a1b8f76c,3147082319,68,Bogotá,CE,4_6,propia,false,0,divorciado,false,false,false,false,,ninguno,VIDA-01
b3178d7b-5822-49ef-bbfa-524307e6fa6b,,32,Bogotá,CC,3_4,arrendada,true,2,union_libre,false,false,false,true,perro,ninguno,PET-SEG-01
725403a9-5c0e-45a1-8d6a-0f05dae244ab,3212395512,40,Bogotá,CC,6_8,familiar,true,2,casado,true,false,false,true,gato,moto,VIDAAH-01
c2849693-d22f-4034-a8b3-c1baa5ac0b88,3069777532,33,Cali,CC,8_10,arrendada,true,2,divorciado,false,false,false,false,,moto,VIDA-01
479786c2-2186-4d1e-af09-0dd61a1c54e7,3709420659,71,Bogotá,CC,10_20,familiar,true,3,union_libre,false,true,false,true,gato,ninguno,PET-SEG-01
27e60aa9-b72c-4d6a-a3f3-5dd0c7996c31,3910804175,50,Medellín,CC,6_8,familiar,true,3,casado,true,false,false,false,,carro,VIDAAH-01
3bcb2e22-65a4-49ba-84c3-765ab4cb84b0,3359312151,60,Medellín,CC,menor_smlv,propia,false,0,viudo,false,false,false,false,,carro,PET-SEG-01
c8dec43b-16ad-4cef-86a0-740f5564e7ca,carolina.gonzalez54@gmail.com,51,Barranquilla,CC,4_6,arrendada,true,3,casado,true,false,false,false,,bici,VIDAAH-01
d9dbab75-981b-45bd-9313-bd4ab015e38e,david.moreno33@gmail.com,27,Mosquera,CC,2_2.5,familiar,true,1,soltero,false,false,false,true,perro,moto,MOTO-01
b5a6984e-8b27-4474-a019-ceb5e0acd619,3304450020,64,Bogotá,CC,20_30,arrendada,false,0,viudo,true,false,false,false,,moto,EXEQ-01
44c96a5a-8516-4514-b0bf-55c6eea65934,3956285916,57,Bogotá,CC,1_1.5,arrendada,true,2,soltero,false,true,true,true,gato,moto,SALUD-01
9a292521-bb58-4382-95c7-2d8e931be74c,natalia.perez75@hotmail.com,50,Bogotá,CC,20_30,propia,false,0,casado,false,false,false,true,gato,ninguno,ARRENDA-01
c2a4b349-007f-4d67-bd82-1d7025520692,3286879732,38,Cali,CC,10_20,familiar,false,0,viudo,false,false,false,true,perro,ninguno,PET-SEG-01
77b46e5f-595d-4519-85c4-507ba2016b69,3914159284,26,Bogotá,CC,6_8,arrendada,false,0,divorciado,false,false,false,true,perro,moto,HOGAR-01
1dd5bafb-b8ca-4823-819f-db2a77f6fdc1,jorge.castro88@yahoo.com,59,Manizales,CC,2_2.5,arrendada,true,2,casado,false,false,false,false,,moto,EXEQ-01
663f8b61-8441-4729-b823-e1e14e089f97,,35,Medellín,CC,mayor_30,arrendada,true,4,casado,false,false,false,false,,bici,BICI-01
aef59e1e-156e-456e-afa0-0d5dca0fffd4,3344606069,34,Bogotá,CC,10_20,propia,false,0,soltero,false,false,false,true,perro,carro,HOGAR-01
fbd6867b-f707-4ff5-a1d4-23d19291b837,3036638602,42,Medellín,CC,20_30,familiar,true,4,soltero,false,false,false,true,perro,ninguno,DEUDOR-VIDA-01
d5559ee1-d6bd-42ff-a664-d347750138ea,maria.gomez66@hotmail.com,53,Bogotá,PA,3_4,arrendada,false,0,soltero,true,false,false,true,perro,ninguno,VIDA-01
fe2eb245-4674-4887-986d-095d466bd841,ana.castro22@outlook.com,25,Medellín,CC,2.5_3,arrendada,false,0,divorciado,false,false,false,true,gato,ninguno,ASMULT-01
bcb43187-696c-4f46-8872-12425f6fa64f,valentina.suarez23@outlook.com,63,Medellín,CC,1_1.5,familiar,true,3,casado,false,false,false,false,,ninguno,ASMULT-01
920eda9c-185c-4bdd-a768-08bfcd946c34,,64,Bucaramanga,CC,3_4,propia,false,0,union_libre,false,false,false,true,perro,ninguno,DEUDOR-VIDA-01
fef45f76-2dee-435f-a6bd-ec27619f1695,3784839974,25,Bogotá,CC,2_2.5,arrendada,true,2,soltero,false,false,false,true,perro,carro,BICI-01
fe8cda99-1e06-414e-abbf-15e30e44c60e,3778428455,47,Bogotá,CE,4_6,propia,false,0,viudo,true,false,false,true,gato,ninguno,ASMED-01
e73f1f46-52e0-4b50-9d06-8da7adaa7e89,,48,Bogotá,CC,1.5_2,arrendada,true,1,casado,true,false,false,true,gato,ninguno,VIDA-01
e1a34de9-9e1b-4134-bd4b-bff81c0c0172,3872203733,71,Barranquilla,CE,mayor_30,familiar,false,0,union_libre,true,false,false,true,perro,carro,EXEQ-01
7a6ee308-d0d4-4c2f-adb1-86157dc7a1ee,3755719285,43,Funza,CC,2.5_3,familiar,false,0,union_libre,true,false,false,true,perro,carro,MOTO-01
16c883e3-0826-42c9-a23d-a86a90ac142c,juan.jimenez5@yahoo.com,61,Bogotá,CC,8_10,familiar,false,0,union_libre,true,false,true,true,perro,ninguno,PET-SEG-01
8d258277-ef88-4a2b-90b8-b46bec964db7,3325544118,20,Bogotá,CC,mayor_30,familiar,false,0,union_libre,true,false,false,true,otro,ninguno,BICI-01
c53fb99c-0145-45fd-835f-413082911e81,carolina.moreno33@hotmail.com,52,Manizales,CC,10_20,propia,true,2,casado,false,false,false,true,gato,carro,VIDA-01
28d34ef7-e8ac-4c66-899c-c60821daa69a,3095217558,38,Funza,CC,1.5_2,arrendada,true,4,divorciado,false,false,false,true,gato,ninguno,MOTO-01
5af41f8a-9d0d-4099-be14-55fe75fa8672,david.suarez70@gmail.com,59,Bogotá,CC,2_2.5,familiar,true,1,soltero,true,false,false,true,perro,carro,ARRENDA-01
1efd4644-605a-466f-bd3a-47c985efa942,daniela.torres26@gmail.com,32,Soacha,CE,10_20,propia,true,1,casado,true,false,false,true,perro,moto,PET-PREP-01
c43baced-d91e-4efb-b5ff-e9f45db6aa7b,carolina.rodriguez85@yahoo.com,50,Medellín,CC,4_6,arrendada,false,0,soltero,true,false,false,true,gato,moto,SALUD-01
6f0af1fd-9373-4b71-b22c-a9fcb655e93e,3109603382,67,Bogotá,CC,1.5_2,familiar,false,0,casado,false,false,false,true,gato,ninguno,HOGAR-01
58677484-4a74-4b91-b1cf-55d5a34785fe,julian.moreno47@outlook.com,23,Bucaramanga,CC,20_30,familiar,true,3,divorciado,false,false,false,true,gato,carro,BICI-01
72d26157-acc6-47e7-b056-b5f707dda587,daniela.ramirez18@outlook.com,47,Soacha,CC,menor_smlv,arrendada,true,2,divorciado,false,false,false,true,perro,ninguno,MOTO-01
044db03a-2178-445f-908a-074420a81824,3183359748,70,Medellín,CC,4_6,familiar,true,1,union_libre,false,false,false,true,otro,ninguno,EXEQ-01
536d6740-164a-4676-b03a-4b97f17fd506,natalia.jimenez56@gmail.com,73,Bogotá,CC,menor_smlv,familiar,true,3,soltero,false,true,false,true,gato,carro,ASMULT-01
3a2ccf6e-b102-42ba-9507-da4a563098e8,3721326776,31,Bogotá,CC,1_1.5,propia,true,1,viudo,true,false,false,false,,bici,ASMULT-01
de5170fb-dbfa-4e05-8b0a-fc5bd6434ad2,3041828051,44,Cali,CC,1_1.5,arrendada,true,1,viudo,false,false,false,true,perro,carro,APEXEQ-PAL-01
9cd50c2c-f841-4ebb-ab12-65131675aa1d,paula.torres96@yahoo.com,22,Medellín,CC,2_2.5,familiar,false,0,soltero,true,false,false,true,gato,ninguno,ARRENDA-01
05bae76a-11bf-4dc0-9b1d-24f9ac4abbac,sebastian.martinez64@yahoo.com,37,Medellín,CC,mayor_30,familiar,true,2,viudo,true,false,false,true,gato,ninguno,ASMED-01
640ed561-51de-4ba1-b3d6-0c1b4ec368bb,3709144654,51,Mosquera,CC,1.5_2,propia,true,1,soltero,true,false,false,true,gato,moto,ARRENDA-01
7cee6281-d5a7-4b27-beaa-5b975c72fbbc,3122339982,25,Bogotá,CE,menor_smlv,familiar,true,1,soltero,false,false,false,true,perro,moto,APEXEQ-PAL-01
06fdf24a-0be0-451a-84ee-cd2fff6bbcc8,3569606285,32,Medellín,CC,4_6,familiar,false,0,divorciado,false,false,false,true,perro,ninguno,DEUDOR-VIDA-01
a5fdb617-4205-4867-afbf-428c029946d6,camila.lopez92@outlook.com,38,Bogotá,CC,mayor_30,arrendada,false,0,soltero,false,false,false,false,,ninguno,HOGAR-01
feb1cb32-0a9a-419b-8e99-a9725ff07337,3850765975,57,Soacha,CC,2_2.5,arrendada,true,3,soltero,false,false,false,true,perro,ninguno,MOTO-01
7bf83a04-54a2-4cac-ab34-bd874783392a,3680085294,42,Zipaquirá,CC,2_2.5,propia,false,0,casado,false,false,false,false,,moto,MOTO-01
60d8547a-a0f1-41f1-ba04-834f12e7ed6e,,40,Cali,CC,3_4,arrendada,true,2,viudo,true,false,false,false,,carro,ASMED-01
42e07946-8940-422b-aa7e-581d44e96409,3192727783,51,Medellín,CC,6_8,arrendada,true,2,casado,false,false,false,true,otro,ninguno,VIDAAH-01
d546b262-ae63-4ad2-ae40-0a78a9f507f7,3939256797,41,Barranquilla,CC,6_8,familiar,true,4,casado,true,false,false,true,perro,moto,VIDAAH-01
1ae73630-b238-4f28-b878-31d73b7c7f4d,diana.suarez25@hotmail.com,36,Medellín,CC,2_2.5,propia,false,0,viudo,true,false,false,false,,carro,ASMED-01
44c96354-e56b-4780-9e22-5787f5cb3c71,3819588373,35,Bucaramanga,CC,menor_smlv,propia,true,1,casado,false,false,false,true,gato,bici,APEXEQ-PAL-01
90074b61-8512-4e35-930c-cefcbba00bc3,3240553061,25,Bogotá,CC,1_1.5,familiar,true,1,soltero,false,false,false,true,gato,carro,APEXEQ-PAL-01
615ff710-f6bd-43c8-9fff-3c7909c456df,3758613934,48,Bogotá,CC,2.5_3,familiar,true,3,soltero,false,false,false,false,,carro,PET-SEG-01
5fefa76c-392a-4b9b-a572-29ecfe9e5fb4,diego.rojas28@outlook.com,59,Bogotá,CC,menor_smlv,arrendada,false,0,soltero,false,false,false,true,gato,carro,APEXEQ-PAL-01
e75ebadf-0d4c-40d0-8412-6d1fe50fc3f0,3842035316,21,Medellín,CC,mayor_30,arrendada,false,0,viudo,false,false,false,true,otro,bici,PET-SEG-01
5f15f840-a6b3-4afc-932f-205ae4121eab,3016016199,65,Bogotá,CC,mayor_30,familiar,false,0,union_libre,false,false,false,true,perro,bici,VIDA-01
a3ae0aa0-1655-47b9-b80a-e64a303fdb6f,3390034329,28,Bogotá,PA,mayor_30,propia,true,1,union_libre,false,false,false,false,,carro,HOGAR-01
2f7f56c5-23bd-4a5d-81e6-10ab93b3f69a,3523081973,61,Bucaramanga,CC,mayor_30,propia,true,3,viudo,false,false,true,false,,ninguno,DEUDOR-VIDA-01
5bf9814a-71a5-4948-a903-322cd51cb50f,3731941949,27,Soacha,CC,20_30,arrendada,false,0,union_libre,false,false,false,true,gato,moto,PET-SEG-01
24ea2ffc-ff0c-49ea-a49f-212e20908ce7,camila.jimenez75@yahoo.com,71,Bogotá,CC,menor_smlv,propia,false,0,union_libre,false,false,false,true,perro,moto,EXEQ-01
c7721aee-b5bb-423a-976f-6d5cc921c12c,3787956544,28,Barranquilla,CC,menor_smlv,familiar,false,0,viudo,true,false,false,true,perro,carro,ASMED-01
645598fe-3d52-4989-ae6c-82d2745d2000,3774029286,36,Medellín,CC,1_1.5,familiar,false,0,casado,false,false,false,true,otro,ninguno,APEXEQ-PAL-01
b46150c1-45f1-4d95-b6c1-deb96d5881ae,3818754036,70,Zipaquirá,CC,1_1.5,arrendada,true,2,soltero,false,false,false,false,,bici,MOTO-01
3973adf3-bd7b-4614-9968-b0899b845192,3496881449,57,Bogotá,CC,1_1.5,familiar,false,0,soltero,true,false,false,true,otro,ninguno,ARRENDA-01
1a20e41b-837c-4b81-981b-3d7b5546ef7f,,64,Soacha,CC,menor_smlv,arrendada,true,2,casado,false,false,false,true,gato,ninguno,PET-SEG-01
55b180d1-ca2c-442d-910b-0627140595a5,3106528544,39,Barranquilla,CC,6_8,propia,false,0,union_libre,true,false,false,true,perro,moto,VIDAAH-01
26297f4a-74bb-4aec-84e0-1c682db9ff99,3053772908,64,Zipaquirá,CC,2.5_3,familiar,false,0,viudo,false,false,false,true,perro,moto,PET-PREP-01
f1585724-e23d-4da5-8c07-d1ffa78bf118,3342881514,46,Cali,CC,mayor_30,propia,false,0,viudo,false,false,false,false,,ninguno,HOGAR-01
68a94f4f-8dad-4538-bfcd-2550eb7264ad,3753136859,30,Cali,CC,3_4,arrendada,true,2,divorciado,true,false,false,true,otro,carro,ASMULT-01
983e378e-427a-4586-9494-e32cca069cca,3948360901,44,Medellín,CE,menor_smlv,propia,true,1,soltero,false,false,false,false,,moto,ARRENDA-01
88e360b5-5377-44d5-947a-ba06a61b3f87,,28,Bogotá,CC,1.5_2,arrendada,false,0,soltero,false,false,false,true,perro,carro,ASMULT-01
2488dbb4-697f-422c-b055-f9447b9bc32a,3627664784,51,Zipaquirá,CC,4_6,propia,true,3,divorciado,false,false,false,false,,ninguno,DEUDOR-VIDA-01
04a68f08-2d61-40d9-9fcb-3394398ee458,3965569816,26,Cali,CC,10_20,propia,false,0,union_libre,true,false,false,false,,carro,BICI-01
adfc2363-a00f-41f9-b325-885961c48909,3456466397,23,Medellín,CC,8_10,propia,false,0,soltero,true,false,false,true,gato,bici,VIDA-01
3f6b3fce-32ac-4e92-938b-96cfe2f0a034,3920828323,21,Medellín,CC,20_30,familiar,false,0,viudo,false,false,false,true,perro,ninguno,HOGAR-01
f96cda89-9074-4656-9a3f-7aa39f25bf04,3896300935,65,Bogotá,CC,20_30,propia,true,1,soltero,false,false,false,true,otro,carro,HOGAR-01
015d420b-4e3d-475f-a799-2c9660657155,,21,Cali,CC,menor_smlv,arrendada,true,1,viudo,false,false,false,false,,ninguno,ARRENDA-01
080bfd41-912b-4612-acb3-51f699c108f2,3604884861,52,Zipaquirá,CC,1_1.5,arrendada,true,3,union_libre,false,false,false,false,,ninguno,VIDA-01
1ce7e15d-b9aa-4953-9bf8-41acc33a927a,diego.ramirez41@outlook.com,72,Bogotá,CC,2_2.5,familiar,false,0,casado,false,false,false,true,perro,ninguno,DEUDOR-VIDA-01
31d8a32a-6d56-4f0c-84ab-575aa21732c1,,26,Bogotá,CC,menor_smlv,familiar,true,1,soltero,true,false,false,true,perro,carro,BICI-01
48d3d6a4-bac6-48e4-8c67-d855bdebc8b7,jorge.florez85@outlook.com,21,Medellín,CE,mayor_30,arrendada,false,0,casado,false,false,false,true,perro,carro,PET-SEG-01
dd34dc32-2581-45d8-9e9b-7c53786e1041,3502847798,66,Bogotá,CC,10_20,arrendada,false,0,viudo,false,false,false,false,,bici,HOGAR-01
f9e9cf0b-a284-40fb-b173-ba3c68d631c6,juan.vargas56@gmail.com,19,Medellín,CC,1.5_2,propia,false,0,union_libre,false,false,false,false,,ninguno,ARRENDA-01
ef095c9f-f3cc-4ddb-ac8c-cef26bc67265,3442511809,40,Bogotá,CE,6_8,arrendada,true,3,soltero,false,false,false,true,perro,ninguno,VIDAAH-01
56a997de-f376-4de7-83d0-70f081498855,3394428054,61,Funza,CC,2.5_3,propia,true,2,casado,true,false,false,true,perro,ninguno,MOTO-01
d75bf222-7fc5-4880-9715-5fe7ff007071,3819748846,59,Bogotá,CC,6_8,arrendada,false,0,viudo,false,false,false,false,,ninguno,PET-SEG-01
3738a074-ef09-43be-957b-ddd8ef6c8f88,3696900192,50,Bogotá,CC,6_8,propia,true,1,union_libre,true,false,false,true,perro,moto,VIDAAH-01
4163538f-e4bb-4914-9469-efcdea6d3520,3809592439,58,Barranquilla,CC,1_1.5,familiar,true,1,union_libre,false,false,false,true,perro,moto,APEXEQ-PAL-01
db3b1aa8-7f27-4bc3-9b58-aa24eb396b3d,3006688127,55,Bogotá,CC,20_30,arrendada,false,0,casado,false,false,false,true,gato,moto,HOGAR-01
8b90cbfa-8ac0-448b-9542-6bd14ff65747,diana.castro10@hotmail.com,50,Barranquilla,CE,3_4,familiar,false,0,viudo,true,false,false,false,,ninguno,ASMED-01
83eb0717-1e9f-41fa-9742-10b014ef741b,3774643850,51,Bogotá,CC,8_10,propia,false,0,union_libre,false,false,false,true,otro,ninguno,HOGAR-01
a0888eb9-48c0-4953-aef6-c7f9bc23bb9f,carlos.lopez75@yahoo.com,42,Bogotá,CC,1.5_2,propia,false,0,casado,true,false,false,true,perro,moto,ASMED-01
73e1a477-e990-4a2c-b465-3ff40d335d50,3399490133,32,Bogotá,CC,1.5_2,arrendada,false,0,casado,false,false,false,true,perro,ninguno,DEUDOR-VIDA-01
2dcd2f8b-79ad-47d1-9bda-f02807053ff1,diana.martinez8@outlook.com,43,Bogotá,CC,6_8,arrendada,true,2,divorciado,false,false,false,true,otro,carro,VIDAAH-01
04828129-163d-4129-bc47-fae02745cc20,3188626395,43,Manizales,CC,1_1.5,propia,true,4,divorciado,true,false,false,true,gato,ninguno,ASMED-01
1156029a-aa09-41b4-a5f8-6e1595d705ac,3403784233,54,Cali,CC,1_1.5,arrendada,true,3,casado,true,false,false,true,perro,carro,APEXEQ-PAL-01
df420145-b2ba-4173-9458-568a2eb5dc15,,21,Bogotá,CC,mayor_30,arrendada,false,0,viudo,true,false,true,true,perro,carro,ARRENDA-01
319ec6a9-a4a3-4e9a-976c-ee1f729557f8,3401617064,56,Medellín,CC,6_8,arrendada,false,0,union_libre,false,false,false,true,perro,ninguno,HOGAR-01
504239f0-5180-446a-891f-042692ab3d29,3953564411,56,Medellín,CC,1_1.5,familiar,false,0,casado,false,false,false,false,,carro,APEXEQ-PAL-01
457f99df-428d-4c51-84b3-4aec08a671cc,3679926624,32,Bogotá,CC,2.5_3,familiar,true,1,divorciado,false,false,false,false,,moto,HOGAR-01
c3da0759-5dd5-4c0a-a47f-9e0273c3ef16,valentina.vargas56@yahoo.com,43,Barranquilla,CC,menor_smlv,arrendada,false,0,soltero,false,false,false,false,,ninguno,APEXEQ-PAL-01
4cb0103a-ded8-447e-b603-4f2925b18e11,sebastian.garcia99@yahoo.com,46,Bogotá,CC,4_6,familiar,false,0,casado,false,false,false,true,otro,ninguno,VIDAAH-01
e7e3607d-528b-4f13-89b0-fb93478fba9d,,56,Cali,CC,3_4,familiar,false,0,casado,false,false,false,true,gato,ninguno,PET-PREP-01
4fbcb2df-14a6-4db6-ad44-82c9fafb22c0,3182339845,64,Bogotá,CC,4_6,propia,false,0,union_libre,false,false,false,false,,moto,EXEQ-01
59d048aa-f76f-4b28-8c04-9a99550e6037,3177375949,30,Funza,CC,menor_smlv,propia,false,0,divorciado,false,false,false,true,perro,ninguno,MOTO-01
6065dc64-124e-41f9-9546-9c05fdd4c663,camila.ramirez60@outlook.com,61,Bogotá,CC,20_30,familiar,false,0,union_libre,true,false,false,false,,ninguno,ASMED-01
77147f2a-c960-4bad-9eba-bea8384ffc65,3892371044,55,Funza,CC,2.5_3,arrendada,false,0,soltero,false,false,false,false,,ninguno,ARRENDA-01
494e9266-1a2f-4793-83e7-72a16d5b3395,,54,Barranquilla,CC,3_4,familiar,true,2,casado,true,false,false,true,gato,carro,HOGAR-01
ca391929-636e-430b-bcf1-da5ba8fdbc1d,maria.moreno39@yahoo.com,24,Funza,CC,1_1.5,arrendada,true,3,casado,true,false,false,true,perro,moto,APEXEQ-PAL-01
5c746401-84f3-47a8-ad92-4be64bc097dc,,61,Bogotá,CC,10_20,arrendada,true,2,casado,false,false,false,true,perro,ninguno,SALUD-01
aef64064-c664-4502-94d4-3b3f25d9c861,3366949835,55,Mosquera,CC,1_1.5,familiar,false,0,soltero,false,false,false,false,,moto,MOTO-01
485a75e2-79da-4538-aa15-c737f769e363,3559636321,31,Bogotá,CC,2_2.5,arrendada,false,0,divorciado,false,false,false,true,perro,moto,BICI-01
693a9a00-c4f6-4810-b816-c09589ce44df,3428468638,46,Bogotá,CC,1_1.5,propia,true,2,casado,true,false,false,true,perro,ninguno,APEXEQ-PAL-01
742ebfde-aa81-404c-b9fc-4870bc535300,3936864215,22,Bogotá,CE,1_1.5,familiar,false,0,casado,false,false,false,true,perro,carro,PET-SEG-01
91293785-9531-4840-ae9b-54ac7f9fbd34,felipe.moreno80@gmail.com,44,Soacha,CC,1.5_2,arrendada,false,0,union_libre,false,false,false,true,perro,moto,MOTO-01
1b0b4f72-444e-4dc3-9e03-6e65eeb7170c,3249707306,53,Bogotá,CC,4_6,familiar,false,0,viudo,false,false,false,true,otro,carro,DEUDOR-VIDA-01
d954cbe3-8b67-4e60-9e43-e16561cef633,3735818217,64,Barranquilla,CC,6_8,arrendada,false,0,viudo,false,false,false,true,gato,moto,PET-SEG-01
ea70fa63-cf85-4187-b73a-dbf4f4c55092,carlos.ramirez56@gmail.com,50,Cali,CC,10_20,propia,false,0,viudo,false,false,false,true,otro,carro,VIDA-01
6c61780e-fa78-4f65-894b-a476a580e85c,3108907140,73,Bogotá,CE,2.5_3,familiar,false,0,soltero,false,false,false,false,,ninguno,EXEQ-01
57919732-5493-434b-8be4-d9a07db2d04f,3047607862,67,Bogotá,CC,2_2.5,arrendada,true,1,soltero,false,false,false,true,perro,ninguno,PET-SEG-01
b5164221-b1c9-4b76-a559-8b5fb7821a0e,3218159588,22,Bogotá,CC,1.5_2,propia,true,4,viudo,false,false,false,false,,bici,PET-SEG-01
9a71d43e-c216-45bb-b797-79358032be56,3944599145,27,Funza,CC,menor_smlv,propia,true,2,soltero,false,false,false,false,,ninguno,MOTO-01
f1bc1c03-e764-4985-8188-b393337855a6,3260674151,65,Bogotá,CC,1.5_2,arrendada,true,4,divorciado,true,false,false,true,perro,moto,ARRENDA-01
a01c0c6f-946f-4dca-b74f-c04338de6778,3583445662,73,Mosquera,CC,mayor_30,familiar,false,0,union_libre,true,false,false,true,perro,carro,HOGAR-01
c4777096-c307-43ec-aa99-547c342efb68,paula.jimenez4@gmail.com,55,Barranquilla,CC,3_4,familiar,true,4,divorciado,false,false,false,true,perro,bici,ASMULT-01
c5b80ba5-fd74-4e53-901e-89aff477f405,,24,Medellín,CC,8_10,arrendada,false,0,union_libre,false,false,false,true,perro,moto,BICI-01
b5926e73-882a-4617-a60e-ee58ef3d1f3e,3838237084,71,Cali,CC,2.5_3,arrendada,true,3,soltero,true,false,false,false,,moto,EXEQ-01
afa2a044-f9ff-4318-a467-995335548216,3326005595,39,Medellín,CC,1_1.5,propia,false,0,divorciado,false,false,false,true,gato,bici,APEXEQ-PAL-01
be75e93e-27d0-49f0-860a-3ce7d90d650b,luis.lopez24@gmail.com,43,Barranquilla,CC,6_8,arrendada,false,0,divorciado,true,false,false,true,perro,moto,VIDAAH-01
e5d150c1-2abe-43a6-9a5e-54aa7e44ec26,3768796746,42,Bucaramanga,CC,4_6,propia,false,0,divorciado,false,false,false,false,,moto,VIDAAH-01
60ebbd55-86e5-494a-b3ff-b0b00ac3c729,maria.lopez7@gmail.com,41,Bogotá,CE,menor_smlv,arrendada,true,1,casado,false,false,false,true,perro,carro,APEXEQ-PAL-01
829c5e9e-a327-4983-abe7-cdd1424be775,3482700293,31,Funza,CC,1.5_2,propia,false,0,casado,false,false,false,true,perro,moto,MOTO-01
6cdcd0e8-e641-4fdf-99a6-70d8fd6ced54,3906336027,42,Medellín,CC,6_8,familiar,false,0,union_libre,false,false,false,true,perro,moto,VIDAAH-01
7d72ea10-fce0-4971-bd92-819772dac7cc,3910147391,58,Medellín,CC,1.5_2,familiar,true,2,union_libre,true,false,false,false,,moto,SALUD-01
b0371fba-cb0c-479a-bb3d-9b496b6ed96c,carolina.garcia87@yahoo.com,37,Bucaramanga,CC,3_4,propia,true,4,viudo,false,false,false,true,gato,carro,EXEQ-01
07920cd5-05e1-4ee5-b26a-50d8a34ec3ee,3158254514,32,Bogotá,CC,2.5_3,propia,true,2,union_libre,true,false,false,false,,ninguno,PET-SEG-01
7998fdc3-7d8f-4a50-9d32-915d2a232e5f,3535777785,50,Bogotá,CC,4_6,familiar,false,0,viudo,false,false,false,false,,moto,VIDAAH-01
9f745602-7bb6-4c4d-9a1c-0cf525233cda,3689933053,62,Bogotá,CC,6_8,arrendada,true,1,divorciado,true,false,false,true,perro,moto,SALUD-01
683ceae7-0575-4961-9ccc-18546387963f,julian.rodriguez95@outlook.com,20,Medellín,CC,1.5_2,arrendada,true,4,union_libre,false,false,false,true,perro,carro,ASMULT-01
f11af92a-7425-44ca-a8e8-d9ef6ba4ca7c,3796240964,71,Bogotá,CC,10_20,arrendada,true,4,viudo,true,false,false,true,perro,ninguno,ASMED-01
c860106a-568f-4d23-a384-4549f4959391,juan.moreno5@outlook.com,52,Bogotá,CC,1_1.5,propia,true,2,divorciado,true,false,false,false,,moto,SALUD-01
839b94e7-7511-4837-b0a3-139bc5c3cbb7,juan.gonzalez63@hotmail.com,31,Bucaramanga,CC,2_2.5,propia,false,0,divorciado,false,false,false,false,,bici,PET-SEG-01
275c06f9-2e55-4ff9-8128-48c8fe2ae35b,jorge.garcia19@hotmail.com,29,Bucaramanga,CC,1.5_2,propia,true,4,union_libre,false,false,false,true,otro,ninguno,DEUDOR-VIDA-01
9853d96b-511c-43c0-a60a-1e5916d762b2,3268490856,36,Bogotá,CC,2_2.5,propia,true,1,divorciado,false,false,false,true,otro,ninguno,ASMULT-01
d346e429-9d1a-42a9-b703-9cb952c07a41,3480236280,73,Bogotá,CC,2_2.5,familiar,true,2,viudo,false,false,false,true,perro,carro,DEUDOR-VIDA-01
e2d65508-75b4-47a1-b89f-b946320867fa,3989534396,61,Funza,CC,1_1.5,propia,true,1,soltero,false,false,false,false,,ninguno,EXEQ-01
8ae3d7a8-f136-4fe1-a5b4-b8b14dc762c3,3592342683,37,Cali,CC,2_2.5,propia,false,0,union_libre,false,false,false,true,perro,bici,ARRENDA-01
dcc80cf5-e874-4bb8-abb9-be8591c5581e,,19,Bogotá,CC,mayor_30,familiar,true,2,divorciado,true,false,false,false,,bici,HOGAR-01
a0a2aee3-e232-409c-ba27-cf3367199075,julian.sanchez81@yahoo.com,72,Cali,CC,8_10,propia,false,0,soltero,true,false,false,true,perro,carro,SALUD-01
ca69f647-0ca3-48e1-9d58-a23db7e7fd9e,3613394394,20,Barranquilla,CC,6_8,propia,false,0,casado,false,false,false,true,perro,bici,BICI-01
15f24ed2-8a9a-4d91-b7e9-09e10f3cb398,3727676877,49,Medellín,CC,menor_smlv,familiar,true,2,union_libre,false,false,false,false,,carro,ASMULT-01
35188a20-7342-4b58-97a6-e7f47210ceb8,3312191442,65,Barranquilla,CC,2_2.5,familiar,false,0,soltero,false,false,false,true,gato,carro,VIDA-01
5a4c2962-b659-48ea-b415-a77ce17d6728,3524834831,23,Medellín,CC,2.5_3,arrendada,true,1,divorciado,false,false,false,true,gato,carro,VIDA-01
4f649b93-9f2e-4f07-954d-c77c440fe19f,3860181123,73,Medellín,CC,20_30,familiar,false,0,viudo,false,false,false,true,perro,ninguno,HOGAR-01
5f796c15-6458-411c-be19-a2598cf93c22,3519788164,55,Barranquilla,CC,20_30,arrendada,true,1,soltero,false,false,false,false,,moto,HOGAR-01
6afa4b36-1832-4b6e-b351-ffac0848ee4d,3732514156,22,Zipaquirá,CC,6_8,propia,false,0,soltero,true,false,false,true,perro,ninguno,PET-PREP-01
32590c83-ee2f-4bad-b164-ceb27e949caf,,19,Bogotá,CE,6_8,propia,false,0,divorciado,true,false,false,true,perro,ninguno,ASMED-01
02a6a3b6-6678-44e5-9f21-c8918c8f1be8,3497619348,49,Medellín,CC,6_8,familiar,false,0,divorciado,true,false,false,true,perro,moto,PET-SEG-01
4ec99442-b3cc-456a-a0d9-a74be370ddbb,3082736365,44,Bogotá,CC,6_8,familiar,true,3,divorciado,false,false,false,false,,ninguno,APEXEQ-PAL-01
498cd533-67e0-4ee0-897d-cb5559779e6a,3037354053,30,Manizales,CC,20_30,familiar,false,0,union_libre,false,true,false,true,perro,moto,BICI-01
a2b73fc0-e0c9-47e3-aa23-0e669c188238,3412456212,65,Funza,CC,menor_smlv,propia,true,3,union_libre,false,false,false,true,otro,moto,ASMULT-01
0702e748-3e7a-49f8-9639-61a715f034bf,luis.rojas94@hotmail.com,64,Barranquilla,CC,menor_smlv,arrendada,false,0,casado,false,false,false,false,,carro,APEXEQ-PAL-01
1b5ac22f-7ebc-4549-bbbf-4c9de33acb74,paula.florez58@outlook.com,24,Bucaramanga,CC,2_2.5,familiar,true,4,union_libre,false,false,false,true,gato,carro,BICI-01
6bae0b7d-f0ac-41a9-a0a1-b1836c998316,3805257959,43,Bogotá,CC,4_6,familiar,true,1,union_libre,false,false,false,false,,carro,VIDAAH-01
0cf072ef-23a4-4d6d-a2c9-df9b2e25d504,juan.rojas97@yahoo.com,33,Bogotá,CC,2.5_3,arrendada,true,3,divorciado,false,false,false,true,perro,ninguno,ASMULT-01
ee5b0415-1031-49d7-bfa0-b148c950e454,maria.florez60@hotmail.com,41,Medellín,CC,20_30,familiar,true,3,viudo,false,false,false,false,,ninguno,PET-SEG-01
867c8ed3-ced6-4376-96e0-9ad14e129401,3522791107,37,Medellín,CC,4_6,arrendada,false,0,union_libre,false,false,false,true,perro,ninguno,VIDA-01
1a33cc7a-3929-4e7b-a629-e23d8e266e36,3148572602,54,Zipaquirá,CC,1_1.5,arrendada,true,3,divorciado,false,false,false,true,perro,moto,MOTO-01
15170cb6-20fc-4b89-a97f-f5fd2327afcf,3629206654,41,Bogotá,CC,4_6,familiar,true,4,divorciado,true,false,false,true,gato,moto,BICI-01
5447c017-aa61-45ef-9a58-35efd06835de,julian.castro30@gmail.com,23,Zipaquirá,CC,10_20,propia,true,3,casado,false,false,false,true,perro,ninguno,DEUDOR-VIDA-01
48b572ba-4e0e-45e0-84dd-b2a5e8b25e00,natalia.ramirez18@outlook.com,35,Bucaramanga,CC,4_6,propia,true,2,soltero,true,false,false,true,perro,carro,HOGAR-01
50542bec-2d3b-457d-95b1-0f5330eadd79,3233383167,29,Bogotá,CC,10_20,propia,false,0,soltero,true,false,false,false,,carro,HOGAR-01
d451f8ec-a5a0-45b1-bc49-bf558dbd38d7,santiago.ramirez67@outlook.com,74,Bucaramanga,CE,1.5_2,propia,true,4,viudo,true,false,false,false,,ninguno,ASMED-01
5463db62-790b-4b80-858b-4fe385d0715f,3410526963,70,Cali,CC,1.5_2,arrendada,false,0,casado,false,false,false,true,perro,carro,ARRENDA-01
d3019d80-eabf-4fbc-bf9e-e4bc983e21eb,3560022302,47,Barranquilla,CC,4_6,propia,true,3,divorciado,false,false,false,true,otro,ninguno,VIDAAH-01
d590d90d-ff82-4ce7-ba4c-21b2bd071bce,3184397630,63,Cali,CC,10_20,propia,false,0,soltero,false,false,false,true,perro,moto,PET-ASIS-01
9469932c-f194-41f6-a93c-871e1c3145f2,3639170138,57,Medellín,CC,8_10,familiar,false,0,soltero,true,false,false,true,gato,carro,PET-SEG-01
037128f2-359a-46f2-9c71-5b0b3b5d3f51,3203319222,48,Funza,CC,2_2.5,arrendada,false,0,soltero,false,false,false,true,otro,carro,MOTO-01
d6dbc5c4-7c2b-4f57-bd2e-44edaea624f4,3631599965,19,Cali,CC,1_1.5,arrendada,false,0,divorciado,false,false,false,false,,ninguno,ARRENDA-01
68d64351-8215-4edd-b4ed-f0136bee3318,3623950211,24,Manizales,CC,1_1.5,familiar,false,0,divorciado,true,false,true,false,,ninguno,BICI-01
0bf948d9-6b67-411d-a568-787e094629ca,3477023928,60,Zipaquirá,CC,20_30,propia,true,1,soltero,false,false,false,true,perro,ninguno,PET-SEG-01
0970a4d3-b5d9-4516-811e-31465729c7cc,,64,Bogotá,CC,1_1.5,familiar,true,4,viudo,true,false,false,true,perro,ninguno,APEXEQ-PAL-01
90463aaa-0956-44d3-9d5e-cb9e69eeb059,3568142983,23,Mosquera,CC,1_1.5,propia,true,2,viudo,false,false,false,true,perro,moto,MOTO-01
015fbcfe-7839-474d-9679-1bfc79a95a35,sebastian.perez95@yahoo.com,61,Cali,CC,1_1.5,arrendada,false,0,casado,true,false,false,true,otro,ninguno,SALUD-01
2e70aa59-31fa-44de-91c2-c4b4d0d44765,,56,Bogotá,CC,2_2.5,familiar,true,2,union_libre,false,false,false,true,gato,ninguno,PET-ASIS-01
258519dd-dfa1-49c6-88c9-f5222d909b81,3276339680,20,Cali,CC,2_2.5,propia,false,0,soltero,false,false,false,true,gato,bici,DEUDOR-VIDA-01
cd266031-1500-4724-96c0-6430d374628f,diego.ramirez54@outlook.com,60,Funza,CE,1_1.5,arrendada,true,1,soltero,true,false,false,true,otro,carro,MOTO-01
cce716e8-4e93-477a-a596-c59a357c98ab,3053405347,71,Cali,CC,2.5_3,familiar,false,0,casado,false,false,false,false,,carro,VIDA-01
8c8f573a-2308-42e0-afa2-11e730a1e3a3,3597800786,74,Bogotá,CC,1_1.5,arrendada,true,1,soltero,false,false,false,true,gato,ninguno,BICI-01
8e95ac30-6685-4078-9a84-95930cc02d83,3209554093,35,Bogotá,CC,2_2.5,arrendada,true,4,viudo,true,false,false,true,gato,moto,EXEQ-01
9b4a8dee-2634-467a-ae40-24e56487b2f4,carlos.rojas41@outlook.com,36,Bucaramanga,CC,3_4,propia,true,2,casado,true,false,false,true,gato,ninguno,DEUDOR-VIDA-01
d1851fb8-f921-47f9-ba09-298fa93c04a6,3651988906,48,Medellín,CC,4_6,familiar,true,1,divorciado,false,false,false,true,perro,ninguno,VIDAAH-01
6fcae998-b100-4e09-9c72-df784c76c77f,3463059415,45,Zipaquirá,CC,1_1.5,propia,true,1,divorciado,false,false,false,true,perro,moto,MOTO-01
974ef982-59ca-4827-900d-ced47d268202,,68,Bucaramanga,CC,6_8,familiar,true,4,casado,false,true,false,true,perro,ninguno,HOGAR-01
32c4bd00-9b79-47c9-b616-b17043b456e7,3260175426,57,Soacha,CC,mayor_30,familiar,true,2,casado,true,false,false,false,,carro,DEUDOR-VIDA-01
027a54b6-1984-4e1e-8047-b3f3c8773a0b,3856461497,73,Bogotá,CC,3_4,familiar,false,0,divorciado,false,false,false,true,perro,carro,EXEQ-01
e0294671-739e-4a77-8531-cf2b72ddb605,david.rodriguez9@hotmail.com,53,Funza,CC,6_8,familiar,true,1,soltero,true,false,false,true,perro,moto,SALUD-01
9bd769d6-e9a7-415c-ad36-b7b0af6ef0b5,3118670198,49,Medellín,CC,8_10,propia,true,3,soltero,false,false,false,true,perro,moto,PET-SEG-01
b577d765-42a4-47c7-869b-be8f13570731,3501645466,50,Medellín,CE,4_6,arrendada,false,0,casado,true,false,false,false,,carro,VIDAAH-01
b30ab033-dcf9-4c74-b8e0-b7d407ef1330,,29,Medellín,CC,6_8,propia,true,1,soltero,false,false,false,true,gato,ninguno,HOGAR-01
4bbf6973-68d5-40ba-b37d-b10ac4ac371d,3666290913,47,Bogotá,CC,2.5_3,propia,false,0,casado,false,false,false,false,,ninguno,PET-PREP-01
a14fd261-88f1-4578-8f8d-bba172786cd8,3447049867,60,Bogotá,PA,1_1.5,propia,false,0,soltero,false,false,true,true,gato,carro,EXEQ-01
daad9697-06ed-486b-abbf-14f3c549be5b,3260270687,39,Medellín,CC,1_1.5,arrendada,true,1,divorciado,true,false,false,false,,ninguno,DEUDOR-VIDA-01
de5cdc98-5f45-4ca3-b4bf-15961c7ebfc5,maria.garcia96@outlook.com,19,Zipaquirá,CC,3_4,propia,true,3,union_libre,false,false,false,true,gato,bici,DEUDOR-VIDA-01
3f4cd596-00ab-460d-b3b4-73f1dad72c97,3638396878,71,Bogotá,CC,mayor_30,arrendada,true,2,soltero,false,false,false,false,,moto,HOGAR-01
a11dfcc6-81ae-4d90-b6bb-d49a0647ea64,camila.gonzalez25@hotmail.com,24,Medellín,CC,1.5_2,propia,false,0,union_libre,false,false,false,true,perro,ninguno,PET-ASIS-01
c957013d-8b9b-4ca8-b1ce-568c304d399d,diana.castro65@yahoo.com,42,Barranquilla,PA,1_1.5,familiar,false,0,soltero,true,false,false,true,otro,carro,APEXEQ-PAL-01
78a8d8f0-7760-4993-8143-d01335c8cbaa,natalia.sanchez67@hotmail.com,58,Bogotá,CC,menor_smlv,arrendada,false,0,soltero,true,false,false,true,gato,ninguno,BICI-01
e35e2f7c-10c4-47ed-8f36-fd2d369c90d8,,21,Medellín,CC,1.5_2,familiar,true,1,divorciado,true,false,false,true,perro,ninguno,BICI-01
e834a1f9-00ca-4b2e-867f-8772b18cd439,diego.gomez5@gmail.com,27,Zipaquirá,CC,3_4,familiar,true,2,divorciado,false,false,false,true,perro,bici,BICI-01
87ec7661-26c0-48ef-a3cc-20522dc53a6c,3167045023,29,Medellín,CC,10_20,propia,true,2,viudo,true,false,false,false,,carro,SALUD-01
3b782869-a56a-40ad-90e3-586e591d4f06,3151488814,32,Cali,CC,8_10,propia,true,1,union_libre,true,false,false,true,perro,ninguno,HOGAR-01
aa12a0c7-542e-4594-aec7-bf60e0ed78f9,,59,Cali,CC,mayor_30,propia,false,0,soltero,true,false,false,false,,ninguno,VIDA-01
7dddff72-ca4c-47f9-8f42-a159ae0a8127,,75,Zipaquirá,CC,1_1.5,propia,true,3,union_libre,false,false,false,false,,carro,DEUDOR-VIDA-01
c6bc4e3c-7a41-4a82-a0ff-06d657064848,3051834738,58,Bucaramanga,CC,mayor_30,familiar,false,0,viudo,false,false,false,true,perro,ninguno,EXEQ-01
b62a40be-6e19-4fc1-b37a-dfbfb2a5eb7a,3616613063,38,Soacha,CC,2.5_3,familiar,true,3,casado,false,false,false,true,perro,moto,DEUDOR-VIDA-01
c4d26a10-f87a-4e59-b50c-9004260d5e2e,3544066899,64,Cali,CC,2.5_3,propia,true,3,casado,true,false,false,true,gato,ninguno,DEUDOR-VIDA-01
cff3bd39-0f2d-4c3a-8a98-d5947c0d5a04,3424462632,41,Medellín,CC,menor_smlv,arrendada,true,3,viudo,false,false,false,true,otro,bici,APEXEQ-PAL-01
f75e79c0-5a62-4e20-87da-23cf3dc111e8,,69,Bogotá,CC,menor_smlv,arrendada,true,1,casado,false,false,false,false,,ninguno,BICI-01
206ff711-33bc-49f2-b2da-2175200f03ee,3813835817,50,Medellín,CC,1_1.5,propia,true,3,casado,false,false,true,false,,carro,HOGAR-01
d1c30931-8b02-453a-8739-7fcb3950cbcf,andres.martinez18@gmail.com,66,Bogotá,CC,3_4,familiar,true,4,union_libre,false,false,false,true,perro,ninguno,ASMULT-01
3349f194-cf24-4174-844c-58a921e305f2,3050249724,33,Barranquilla,CC,2_2.5,familiar,false,0,casado,true,false,false,false,,carro,ARRENDA-01
bc39e9ba-ca6f-4dc4-91e3-3f70605797d5,camila.torres47@yahoo.com,22,Medellín,CC,1.5_2,arrendada,false,0,union_libre,false,false,false,true,perro,ninguno,PET-SEG-01
486326e7-1587-4348-9234-8e21727a84b4,3212867163,71,Bogotá,CC,2_2.5,arrendada,true,4,divorciado,true,false,false,false,,moto,EXEQ-01
7726a2de-8a35-4bd6-b544-b40f1737076e,diego.torres30@gmail.com,42,Bogotá,CC,4_6,propia,true,3,viudo,false,false,false,true,otro,carro,VIDAAH-01
dbb91e29-1a9f-4aa7-afcc-af1e5a1e3e43,3129824922,31,Bogotá,CC,1.5_2,familiar,false,0,viudo,true,false,false,false,,bici,BICI-01
ffd59879-516d-4863-91c7-f5e0514a5ba4,,56,Funza,CC,menor_smlv,propia,true,1,viudo,false,false,false,true,otro,carro,MOTO-01
4ec2ef40-50c8-435c-baf6-dbf4e6b8206f,3664322394,22,Bogotá,CC,4_6,propia,false,0,casado,true,false,false,true,perro,bici,BICI-01
8069ea62-4487-4146-af22-3c2c8d0af2d0,3363659050,34,Bucaramanga,CC,1_1.5,arrendada,true,2,divorciado,false,false,false,true,perro,bici,ASMULT-01
5181bfa1-1f4b-41e4-93fb-efdbb1aeb6c2,3089122943,57,Bogotá,CC,6_8,propia,true,3,soltero,true,false,false,false,,ninguno,VIDA-01
cea7e902-d63c-451f-ae32-014dd74c02a5,3367813675,47,Bogotá,CC,4_6,familiar,true,3,casado,false,false,false,false,,moto,VIDAAH-01
e70c31b4-1814-4acd-9317-370982ea9c64,3875045328,26,Barranquilla,CC,2.5_3,familiar,false,0,union_libre,false,false,false,false,,carro,ASMED-01
4b28bba0-bb6e-403b-978a-3ebebd7e3f1a,3993842530,55,Bucaramanga,CC,6_8,propia,false,0,viudo,false,false,false,true,perro,carro,VIDAAH-01
dd01e2fc-d336-4bed-b5c1-7c411afd5967,,43,Medellín,PA,20_30,propia,false,0,union_libre,false,false,false,false,,moto,VIDA-01
f5a38613-79b4-4783-8373-64af9d478725,andres.gonzalez62@outlook.com,20,Bogotá,CC,mayor_30,propia,false,0,viudo,true,false,false,false,,bici,PET-ASIS-01
1617b9f2-6e8a-4910-94a9-248a9717c493,3684268517,55,Soacha,CE,6_8,propia,true,4,divorciado,true,false,false,false,,moto,SALUD-01
34eca950-17f0-4a74-9119-7cb2325bb464,3942791916,73,Bogotá,CC,2_2.5,arrendada,false,0,viudo,false,false,false,false,,carro,BICI-01
d23e2e13-ba32-4945-98d2-d6ebf73a0e91,3302025691,49,Bogotá,CC,4_6,propia,true,2,soltero,true,false,false,true,perro,ninguno,VIDAAH-01
1791e2ed-ef3d-405f-8b45-3525b3c47771,3303350037,42,Bucaramanga,CC,4_6,propia,true,1,casado,false,false,false,true,perro,carro,ASMULT-01
8389126c-95cb-4551-b036-429674da94a2,3482488631,40,Bogotá,CC,4_6,propia,true,4,soltero,false,false,false,true,perro,moto,VIDAAH-01
0f929ca7-2439-45b6-82ca-9824bc80bb37,,34,Bucaramanga,PA,mayor_30,familiar,false,0,union_libre,false,false,false,false,,carro,HOGAR-01
3c293ab0-cdcd-47be-bc6f-e0fb2688358c,santiago.gonzalez66@gmail.com,64,Bogotá,CC,1.5_2,propia,false,0,union_libre,false,false,false,false,,moto,DEUDOR-VIDA-01
39cbe7ec-29ee-4f55-a01d-bab76191b433,daniela.florez52@hotmail.com,32,Medellín,CC,10_20,arrendada,true,4,viudo,true,false,false,true,perro,moto,MOTO-01
8faf460b-f80a-4379-8f91-268105715c93,3611407670,32,Bogotá,CC,2.5_3,familiar,true,4,soltero,true,false,false,true,perro,carro,BICI-01
cf58008f-e5bb-4a37-bb5d-74538eacd3e9,3277602180,45,Bogotá,CC,1.5_2,arrendada,true,2,union_libre,true,false,false,true,perro,carro,ASMULT-01
59ecfc32-68ec-450a-8b94-aa091bba68ff,diego.moreno39@yahoo.com,74,Bogotá,CC,10_20,familiar,false,0,soltero,false,false,false,true,gato,carro,EXEQ-01
b5ef18da-ffc6-4961-93da-44162481a9c7,,27,Soacha,CE,2_2.5,familiar,true,2,soltero,false,false,false,false,,moto,DEUDOR-VIDA-01
c8980322-a74f-49cc-9a6f-94f38107b4e1,3588058877,60,Cali,CC,10_20,arrendada,true,1,divorciado,false,false,false,false,,moto,HOGAR-01
818c759d-1df1-4e1c-9fdc-ef1a4fc6d57f,3250105875,27,Bogotá,CC,1_1.5,familiar,false,0,divorciado,false,false,false,true,otro,moto,ARRENDA-01
da94fea6-c525-46b0-a88c-c767699f585d,3903008103,56,Bucaramanga,CC,1_1.5,propia,false,0,soltero,false,true,false,true,perro,carro,PET-PREP-01
4a748ae2-b696-4a4b-8088-39aec10dc51c,3636224462,45,Bogotá,CC,3_4,arrendada,false,0,divorciado,true,false,false,true,otro,bici,VIDA-01
f73e1b9e-8ff6-49f5-9c66-c1e84dc1265a,3610213050,73,Bogotá,CC,10_20,arrendada,false,0,casado,false,false,false,false,,moto,HOGAR-01
f3c92a59-582c-41f8-b4d2-ca820c3b1b12,carlos.rojas20@gmail.com,74,Cali,CC,4_6,familiar,false,0,divorciado,true,false,false,true,otro,moto,HOGAR-01
b347ec97-ca5c-49f2-9e92-53bd9c3b29b2,david.moreno50@hotmail.com,26,Medellín,CC,3_4,familiar,true,1,viudo,false,false,false,false,,ninguno,ASMULT-01
c242c356-37b3-4f84-9094-e861477d99e9,julian.florez38@gmail.com,52,Bogotá,CC,6_8,arrendada,true,1,union_libre,false,false,false,false,,moto,VIDAAH-01
ee19f610-465d-4153-ad68-879648ce8460,,27,Zipaquirá,CC,2.5_3,propia,true,4,union_libre,false,false,false,false,,ninguno,ARRENDA-01
1aa89cda-4a3e-48f2-867c-5bbc3604ca9f,3163656045,20,Bogotá,CE,menor_smlv,arrendada,true,2,union_libre,false,false,false,true,perro,moto,PET-ASIS-01
29f98e85-f6bf-4e4b-b1b2-9249f88cb20a,3791207209,23,Zipaquirá,CC,6_8,familiar,true,1,casado,false,false,false,false,,bici,BICI-01
399b7d2a-0a5b-4a20-82d7-983fbcf106e4,3567715417,73,Mosquera,CC,mayor_30,arrendada,true,4,soltero,false,false,false,true,perro,bici,EXEQ-01
af4bde7e-717c-4fda-b038-9da280fc5801,,61,Cali,CC,menor_smlv,propia,true,4,soltero,false,false,false,false,,ninguno,APEXEQ-PAL-01
6903e546-1df3-40ac-967c-5535c2726549,3033313936,65,Bogotá,CC,menor_smlv,arrendada,false,0,divorciado,true,false,false,true,otro,moto,VIDA-01
8c263cc6-c9f3-4193-a18b-a9a2dac493d7,3140152731,63,Bogotá,CC,10_20,arrendada,true,2,casado,false,false,false,true,perro,ninguno,HOGAR-01
58d7702c-fc49-4fb0-9919-75b0bca7c97b,3531234435,29,Medellín,CC,mayor_30,arrendada,false,0,viudo,false,false,false,true,perro,bici,BICI-01
de37d456-44b1-4c22-b905-5e5df5ff9edb,3121560387,22,Medellín,CC,menor_smlv,familiar,false,0,viudo,true,false,false,true,perro,carro,PET-PREP-01
9b5ebf60-0e2f-488e-84fe-3ec9abc46375,sofia.suarez84@outlook.com,36,Funza,CC,1_1.5,arrendada,false,0,union_libre,false,false,false,true,perro,ninguno,MOTO-01
c58ce41e-a371-4a46-a196-9682257a9b50,3576176572,68,Bogotá,CC,20_30,arrendada,true,3,viudo,false,false,false,true,perro,bici,EXEQ-01
9cb1ea62-005a-4af5-ac8d-6d8a012282ac,3332496757,21,Medellín,CC,2.5_3,arrendada,false,0,soltero,false,false,false,true,perro,ninguno,BICI-01
04bb8542-ea3f-491d-a624-178436384227,paula.ortiz19@gmail.com,69,Medellín,CC,menor_smlv,propia,true,1,union_libre,false,false,false,true,perro,ninguno,ASMULT-01
7d3ba977-183c-404c-a258-83e15743109b,carlos.moreno45@yahoo.com,59,Bogotá,CC,1.5_2,propia,true,2,soltero,false,false,false,true,perro,carro,VIDA-01
bb4381bc-6a9b-460a-bfe9-3bede83be9f0,natalia.gonzalez26@gmail.com,52,Medellín,CC,1_1.5,arrendada,true,4,divorciado,false,false,true,false,,ninguno,BICI-01
59e82c46-37d3-45af-8a58-4dd7d7b0ef19,david.lopez85@outlook.com,75,Cali,CE,3_4,arrendada,false,0,casado,false,false,false,true,perro,ninguno,PET-PREP-01
859d539d-8d12-4a12-b637-7882cabcf3ee,paula.garcia70@hotmail.com,28,Cali,CC,2.5_3,familiar,false,0,divorciado,false,false,false,false,,carro,ASMULT-01
29abd3c8-db84-4fd6-8cb9-7a7b09af536e,felipe.moreno33@hotmail.com,27,Medellín,CC,10_20,familiar,true,4,divorciado,false,false,false,true,perro,moto,BICI-01
9872cb70-041d-49ba-a47c-1d5f9bf3943e,3376764973,46,Barranquilla,CC,8_10,propia,false,0,union_libre,true,false,false,true,gato,moto,PET-SEG-01
82aae1f7-7ec6-4b67-b4e9-ba6564ff3ea6,3497069599,18,Bogotá,CC,1_1.5,familiar,false,0,soltero,false,false,false,true,otro,ninguno,ASMULT-01
34687a61-3f8d-43c6-9b9e-8024457db03a,diana.martinez39@yahoo.com,42,Bogotá,CC,10_20,propia,false,0,casado,true,false,false,true,perro,ninguno,ASMED-01
00c0122b-2b84-4480-8710-66d1b7c5d244,3197015019,37,Medellín,CC,4_6,familiar,false,0,divorciado,false,true,false,true,gato,ninguno,VIDAAH-01
d25d8032-cec7-4746-9b2a-a2dee017eca3,sebastian.florez12@gmail.com,50,Medellín,CC,mayor_30,arrendada,true,1,union_libre,false,false,false,true,gato,ninguno,ARRENDA-01
c8c0ee1d-f6f3-4cae-9aab-f666bacf473f,laura.jimenez18@yahoo.com,37,Medellín,CC,1_1.5,propia,false,0,divorciado,true,false,false,true,perro,carro,ASMULT-01
ea0c5975-221a-4f80-966a-30c718372cc7,3599194564,37,Bogotá,CC,menor_smlv,arrendada,false,0,union_libre,true,false,true,true,perro,moto,ASMULT-01
fdcbead7-92e4-4f6b-8ad1-90e7d13d629c,carolina.ortiz59@hotmail.com,65,Soacha,CC,menor_smlv,arrendada,false,0,soltero,true,false,false,true,gato,carro,ARRENDA-01
23e4aa6b-bede-4cf0-b4bc-3b5e987a3d4a,3675983326,63,Soacha,CC,6_8,propia,true,3,soltero,false,false,false,true,perro,carro,EXEQ-01
e30d0872-67b7-4a05-a34f-2bc4d4d0dd16,3947387930,54,Cali,CC,1.5_2,familiar,false,0,union_libre,true,false,false,true,perro,ninguno,ASMED-01
c6248fb0-86eb-414a-a312-9dc367945837,3267698897,28,Bogotá,CC,8_10,familiar,false,0,divorciado,false,false,false,true,gato,moto,BICI-01
b6e644a0-ae19-437e-9dfa-ba0f4f7e9778,3081472373,40,Bogotá,CC,4_6,arrendada,false,0,soltero,true,false,false,true,gato,ninguno,SALUD-01
8a4ca402-fd95-4fb1-91f0-ebe5a0169eec,natalia.gomez54@yahoo.com,70,Bogotá,CC,4_6,arrendada,false,0,viudo,false,false,false,true,perro,moto,HOGAR-01
dc6e4908-1e5a-41da-b377-8152756b7870,3018242253,40,Funza,CE,2_2.5,arrendada,true,1,union_libre,true,false,false,false,,carro,DEUDOR-VIDA-01
02d985d8-2a2e-4b95-be27-0b8111ca92d5,3716429461,27,Zipaquirá,CC,20_30,arrendada,false,0,divorciado,false,false,false,false,,moto,VIDA-01
7bbce0f3-700a-4b1d-9966-43b2b4faa123,3481818696,56,Zipaquirá,CE,1_1.5,propia,false,0,union_libre,false,false,false,true,perro,carro,MOTO-01
274d18ab-0fc8-4c9e-85c5-07b473368d3d,,21,Bogotá,CC,1_1.5,familiar,false,0,divorciado,false,false,false,true,otro,carro,ASMULT-01
5f8b8d53-e8b2-4aa4-9d18-61d329826ae2,3986409466,41,Manizales,CC,1.5_2,familiar,false,0,divorciado,false,false,false,true,gato,moto,ASMULT-01
72e38f10-69ea-41aa-9abf-d0164d96c774,3785708200,34,Medellín,CC,menor_smlv,propia,false,0,divorciado,false,false,false,false,,carro,APEXEQ-PAL-01
2e415aff-8ea7-4cb0-be88-ad65966dc411,3906540259,59,Bogotá,CC,10_20,familiar,false,0,union_libre,true,false,false,true,otro,moto,EXEQ-01
059d22e9-0401-4a1a-971e-c852ccc2d84c,3007550408,35,Bogotá,CC,1_1.5,familiar,false,0,casado,true,false,false,true,otro,ninguno,SALUD-01
3f8621a4-5d89-47d0-a041-d8f6fa047bdd,3390438303,36,Bogotá,CC,6_8,familiar,true,1,viudo,false,false,false,true,gato,moto,VIDAAH-01
829711ef-094a-4253-987d-77aab0a58d29,,21,Bucaramanga,CC,mayor_30,arrendada,false,0,union_libre,false,false,false,false,,carro,HOGAR-01
760f6647-8b9c-4c78-acb7-3a38ffc9be63,diana.garcia70@hotmail.com,62,Bogotá,CC,3_4,arrendada,false,0,soltero,false,false,false,false,,ninguno,BICI-01
b1ea1dd9-f21c-462d-8737-6fcfd7723139,valentina.gomez14@gmail.com,37,Medellín,CC,3_4,propia,false,0,casado,true,false,false,false,,ninguno,HOGAR-01
ddb5e259-5699-44e1-b50d-2b3fad0d36a6,3602293946,61,Mosquera,CC,2_2.5,familiar,false,0,union_libre,true,false,false,false,,ninguno,ASMULT-01
d09a9a0f-110c-4126-af1e-01d096f419fc,3565037150,18,Barranquilla,CC,6_8,arrendada,false,0,viudo,false,false,false,false,,carro,PET-SEG-01
4ce78b74-8681-47ec-84c2-3814d2a25352,3678530445,42,Medellín,CC,6_8,arrendada,true,1,viudo,false,false,false,false,,carro,VIDA-01
e726ff46-6ab6-483d-93b1-c9d21025553e,3471427205,23,Bucaramanga,CC,mayor_30,propia,false,0,viudo,false,false,false,true,perro,bici,PET-ASIS-01
af925cad-51a9-458f-8c79-bde5e955f5d0,3484685366,34,Bucaramanga,CC,1_1.5,familiar,true,4,viudo,true,true,false,true,perro,carro,APEXEQ-PAL-01
36543951-43a8-4f23-a62d-390f7131b3c6,3071056400,44,Bucaramanga,CC,6_8,arrendada,false,0,soltero,false,false,false,true,perro,ninguno,VIDA-01
0a9dfbf9-9ac5-4be6-a3f6-8fb5df3dc6dd,laura.rojas33@yahoo.com,38,Bogotá,CC,menor_smlv,arrendada,false,0,union_libre,false,false,false,true,perro,moto,APEXEQ-PAL-01
45a1d074-5683-4ef9-aff1-ec2fcfd37675,diego.jimenez69@hotmail.com,18,Medellín,CC,1.5_2,familiar,false,0,viudo,true,true,false,false,,carro,ARRENDA-01
de63d916-c4aa-47be-a0d2-9de7cccb5b2d,3165837379,63,Soacha,CC,1_1.5,arrendada,false,0,union_libre,false,false,false,true,perro,bici,MOTO-01
fc9b141c-50bd-4f42-a908-27aec6985912,3127591700,33,Medellín,CC,3_4,propia,true,4,union_libre,true,false,false,true,perro,carro,ARRENDA-01
a886465a-42c9-4e3e-899d-04d0b4686e4b,,65,Barranquilla,CC,20_30,familiar,true,4,viudo,false,false,false,false,,ninguno,BICI-01
2fd918ff-1650-4e94-9fc7-64f817729431,carlos.lopez54@outlook.com,25,Zipaquirá,CC,1.5_2,propia,true,1,casado,false,false,false,true,perro,carro,MOTO-01
547b8018-2387-4558-93ac-bc9bb239a7fc,david.vargas30@yahoo.com,59,Bogotá,CC,1_1.5,familiar,false,0,divorciado,false,false,false,true,gato,ninguno,ARRENDA-01
9ad86b52-f78c-40fe-b6a9-9f23e87bc8a5,3091949081,59,Bogotá,CC,3_4,propia,false,0,soltero,false,false,false,false,,carro,ARRENDA-01
70a45bf9-9fa5-467a-9d10-97e7025c07a4,3788645552,44,Mosquera,CE,2_2.5,arrendada,false,0,soltero,true,true,false,true,gato,ninguno,DEUDOR-VIDA-01
37cea0c2-17a3-4ba9-b890-ef28c30f8bcd,3072290349,69,Bogotá,CC,2.5_3,familiar,true,3,divorciado,false,false,false,true,perro,ninguno,EXEQ-01
4a2295d7-a3d4-450f-8ffd-104eacd0d72b,3430039878,58,Zipaquirá,CC,menor_smlv,arrendada,true,3,divorciado,false,false,false,true,perro,ninguno,PET-SEG-01
8a8663da-7094-4faf-ac9c-76b77424a90b,,24,Cali,CC,10_20,arrendada,false,0,viudo,false,false,false,true,perro,bici,PET-ASIS-01
9c0c87eb-65e7-46a1-9521-d00459b2bd66,david.castro21@gmail.com,48,Cali,CC,mayor_30,propia,false,0,union_libre,false,false,false,false,,ninguno,PET-PREP-01
9219c5e9-43af-4414-9083-ee699ecbc96b,3324271618,65,Bogotá,CC,2_2.5,arrendada,true,2,viudo,false,false,false,true,perro,moto,ASMULT-01
b8163cdc-52e6-4f17-86fa-a452c5ded3b3,3802040410,69,Bucaramanga,CC,1_1.5,familiar,false,0,soltero,true,false,false,true,gato,ninguno,EXEQ-01
1988cd3e-13f4-49fe-b135-ec9d36380e19,maria.florez41@outlook.com,52,Bogotá,CC,20_30,familiar,true,4,soltero,false,false,false,false,,moto,BICI-01
255a10f4-66cb-4ef8-9e73-665e6934e520,3660968507,41,Bucaramanga,CC,4_6,arrendada,false,0,casado,false,false,false,true,perro,bici,MOTO-01
33e592f7-8d76-4a43-9f6d-47e2cf5f6352,natalia.martinez60@hotmail.com,67,Bucaramanga,CC,1.5_2,propia,false,0,union_libre,false,false,false,true,perro,carro,ASMULT-01
9a960bf0-1903-4205-816e-01c2b4e26d46,,44,Bogotá,CC,20_30,arrendada,true,3,divorciado,false,false,false,true,perro,carro,HOGAR-01
8c4e701e-5962-4664-9027-3dbbc2d522ad,maria.ortiz91@gmail.com,23,Bogotá,CC,4_6,propia,false,0,viudo,false,false,false,false,,ninguno,PET-SEG-01
1ffdcfd6-a455-4543-a42d-b05c401f388e,,23,Bogotá,CC,mayor_30,arrendada,true,4,viudo,true,false,false,true,perro,ninguno,BICI-01
0d061bb7-b524-4bbd-b51e-730aab8b535d,,54,Bucaramanga,CC,menor_smlv,familiar,false,0,soltero,false,false,false,false,,carro,HOGAR-01
a562e970-d072-4c45-bb95-f2b62bb2c354,3633792234,24,Mosquera,CC,1_1.5,propia,false,0,union_libre,false,false,false,true,otro,ninguno,MOTO-01
5d22b215-1b42-45d7-9394-c9e0f09ed48c,3553205285,50,Barranquilla,CE,4_6,arrendada,false,0,soltero,true,false,false,false,,ninguno,VIDAAH-01
ffa1247e-1535-4178-8df3-bd3944888d0d,3051356397,69,Zipaquirá,CC,3_4,familiar,true,2,union_libre,true,false,false,true,gato,moto,MOTO-01
6c793edd-9018-4c65-92e8-488de098d78b,diego.lopez13@yahoo.com,37,Bogotá,CC,4_6,arrendada,true,3,casado,false,false,false,false,,moto,DEUDOR-VIDA-01
65046f5e-10f4-4e34-bf28-595e11ac91e1,3762432657,27,Mosquera,CC,2.5_3,arrendada,false,0,viudo,false,false,false,true,perro,moto,MOTO-01
895548e3-155a-499e-aa03-7c4896c7d8ae,felipe.gomez7@yahoo.com,39,Bogotá,CC,mayor_30,propia,true,4,union_libre,true,false,false,false,,ninguno,VIDA-01
8e03985a-1ec9-42d8-9806-cb9e2c946be9,,44,Cali,CE,1_1.5,familiar,false,0,divorciado,true,false,false,false,,ninguno,DEUDOR-VIDA-01
dce3b6b6-d6ee-4fae-89c1-36fc534809ad,camila.moreno25@outlook.com,58,Zipaquirá,CC,2.5_3,arrendada,false,0,casado,false,false,false,true,perro,carro,ARRENDA-01
9b10b904-8a6e-47ba-b277-a5dbeb64d84f,luis.ortiz37@hotmail.com,55,Bogotá,CC,2.5_3,propia,false,0,viudo,true,false,false,true,otro,moto,VIDA-01
e82a10e1-3426-4392-9613-a93bdb7bd6c2,3848528467,46,Medellín,CC,menor_smlv,propia,true,4,viudo,true,false,false,true,otro,ninguno,SALUD-01
c5fdddaa-ac60-47ce-898d-14ef4796be78,3675014683,73,Zipaquirá,CC,1_1.5,arrendada,false,0,divorciado,false,false,false,true,gato,ninguno,EXEQ-01
dfcc4e11-884f-4eae-8d41-b8ed82e20c98,diana.suarez50@yahoo.com,38,Bogotá,CC,20_30,arrendada,false,0,casado,false,false,false,true,perro,ninguno,PET-PREP-01
f4b51685-d9df-4f3c-91e2-c45525d77a82,sofia.rojas50@gmail.com,22,Bogotá,CC,menor_smlv,familiar,true,3,soltero,true,false,false,true,gato,ninguno,DEUDOR-VIDA-01
8509dca0-7047-4fdc-8806-6b6e46e926ac,,29,Bogotá,CC,menor_smlv,propia,false,0,soltero,false,false,false,false,,carro,ASMULT-01
c65b739b-99cb-4fa4-9d90-29b75ad5749a,felipe.vargas78@yahoo.com,58,Cali,CC,menor_smlv,propia,false,0,divorciado,false,false,false,false,,moto,APEXEQ-PAL-01
2bfc4035-ad0c-4049-afe2-0abc4620d85f,3286358349,35,Bucaramanga,CC,mayor_30,arrendada,false,0,casado,false,false,false,false,,moto,BICI-01
0448d6a8-e3dd-4bc1-a3fd-d63bfe0b22fb,luis.rojas67@yahoo.com,44,Medellín,CC,1_1.5,familiar,true,2,divorciado,false,false,false,true,perro,moto,PET-ASIS-01
a34c498d-4bda-471a-9bac-f193f05e89c0,3289860610,42,Soacha,PA,menor_smlv,arrendada,false,0,divorciado,true,false,false,false,,carro,MOTO-01
27b51151-ff0b-4025-b2ff-506e789a74a3,carlos.rojas17@outlook.com,71,Bogotá,CC,3_4,propia,true,1,union_libre,false,false,false,true,perro,ninguno,ARRENDA-01
9ebe6c69-84aa-4496-8b9d-0679efdf7ec6,andres.lopez67@hotmail.com,28,Cali,CC,menor_smlv,familiar,false,0,soltero,false,false,false,true,gato,ninguno,APEXEQ-PAL-01
d944e849-5c1c-4a8e-914e-bda734b3dd6b,,32,Cali,CC,1_1.5,propia,false,0,soltero,false,false,false,true,otro,bici,ASMULT-01
be5c2598-2f38-4b8d-bbad-04ae7fc41b69,carlos.lopez48@yahoo.com,57,Bogotá,CC,6_8,propia,true,2,soltero,false,false,false,false,,carro,EXEQ-01
70a45877-2b75-4f5e-b6e8-d36d15dcb94d,andres.garcia93@hotmail.com,44,Manizales,CC,menor_smlv,propia,true,4,viudo,false,false,false,false,,moto,VIDA-01
eef1982e-429d-4a60-9bbd-7c38312a68a0,carolina.vargas43@gmail.com,27,Bogotá,CC,menor_smlv,familiar,true,3,viudo,false,false,false,true,gato,ninguno,VIDA-01
871deef9-5f43-4607-919b-6b9e2b92a40a,3915353759,41,Cali,CC,6_8,arrendada,true,1,viudo,false,false,false,true,perro,bici,VIDAAH-01
df09876a-d632-4c7d-a74f-675641a2348a,ana.gomez24@outlook.com,35,Bogotá,CE,1.5_2,arrendada,false,0,viudo,false,false,false,true,perro,ninguno,PET-SEG-01
13ac426f-d2c7-40cf-9dd8-b6b7bdca2a9b,3065487084,69,Barranquilla,CE,8_10,arrendada,true,3,union_libre,true,false,false,false,,ninguno,HOGAR-01
c376798a-7ced-48ed-8948-29bc1e03d37e,3107051843,59,Cali,CC,1_1.5,familiar,false,0,soltero,false,false,false,true,perro,carro,APEXEQ-PAL-01
1fe7eab5-6ba4-4d9e-b41b-492719f885f7,sebastian.vargas23@yahoo.com,46,Medellín,CE,2.5_3,familiar,false,0,casado,true,false,false,true,perro,bici,ASMED-01
e3e88732-2df8-4079-8070-36dd3edd4ddf,andres.ortiz89@outlook.com,22,Bogotá,CC,4_6,familiar,true,2,divorciado,false,false,true,true,perro,ninguno,DEUDOR-VIDA-01
a0364a68-e3ec-4d3b-9616-78b3a06c117b,3234841719,33,Bogotá,CC,1.5_2,propia,true,3,divorciado,false,false,false,false,,bici,MOTO-01
50876631-1d05-4beb-8df1-9b0859ae1a64,valentina.suarez82@hotmail.com,37,Funza,CC,2.5_3,arrendada,true,2,divorciado,false,false,false,true,perro,ninguno,MOTO-01
99ab393b-2004-4a85-b082-b1a88b8c861d,3605932971,60,Medellín,CC,menor_smlv,familiar,false,0,viudo,false,false,false,true,otro,carro,EXEQ-01
645bdcd2-4c48-4c6e-957c-9905dd518e7e,diego.lopez96@gmail.com,53,Bogotá,CC,2_2.5,arrendada,false,0,union_libre,false,false,false,true,gato,moto,DEUDOR-VIDA-01
fc9ac70f-ea53-4aa7-a062-022fe51f63b2,,74,Bogotá,CE,8_10,familiar,true,1,divorciado,false,false,false,true,gato,moto,PET-SEG-01
f4697bde-c992-4471-8c14-df9952909d14,3830094634,51,Bogotá,CC,1_1.5,familiar,true,4,viudo,false,false,false,true,perro,ninguno,VIDAAH-01
275eee2b-3f7d-4158-9893-da8711da99d8,jorge.moreno36@yahoo.com,56,Bogotá,CC,20_30,familiar,false,0,divorciado,false,false,false,true,gato,moto,EXEQ-01
bff49625-b84b-45b9-9353-b34dfd8628ce,3384531563,67,Bogotá,CC,2.5_3,familiar,false,0,casado,true,false,false,true,perro,ninguno,ARRENDA-01
156339ee-1282-4698-b9dc-b1bb66d98e9e,carlos.suarez65@outlook.com,61,Bogotá,CC,2.5_3,propia,true,3,viudo,false,true,false,true,perro,moto,EXEQ-01
1a7da7b9-6a19-4c42-9274-892408b8326c,3851027261,65,Mosquera,CC,10_20,propia,false,0,casado,true,false,false,false,,bici,EXEQ-01
c13bd5b5-c436-4398-b5d8-0d8066931f5d,sebastian.castro97@yahoo.com,57,Bogotá,CC,8_10,arrendada,false,0,casado,false,false,false,true,perro,ninguno,EXEQ-01
ecd41214-439c-443a-a569-ecd68f05cf03,3416177237,54,Medellín,CC,20_30,arrendada,true,2,soltero,false,true,false,true,perro,carro,VIDA-01
32cf8376-3704-433e-bb98-dfa162fd96cd,3783182637,22,Medellín,CC,2.5_3,propia,true,4,soltero,true,false,false,true,perro,ninguno,BICI-01
72a06f1d-4e1c-4d42-ba2a-646e7c74ed7c,paula.martinez5@gmail.com,19,Mosquera,CC,3_4,arrendada,true,4,viudo,false,false,false,true,gato,moto,MOTO-01
80a7e5af-6dd0-4598-882c-218e473c82b0,felipe.rojas16@gmail.com,27,Soacha,CC,4_6,arrendada,true,1,casado,true,false,false,true,gato,ninguno,PET-PREP-01
46782420-2f7b-4009-ba4e-b6e72de4b440,3737826398,28,Mosquera,CC,1.5_2,propia,false,0,union_libre,false,false,false,true,perro,ninguno,BICI-01
49aa492a-4df5-4072-b41d-ead313e55c63,3449176482,45,Soacha,CC,1_1.5,arrendada,false,0,viudo,false,true,false,true,perro,ninguno,HOGAR-01
ca5741ad-7859-4585-996e-4dd703133932,3645892441,69,Bogotá,CC,8_10,propia,true,2,viudo,false,false,false,true,perro,moto,EXEQ-01
ae248aa4-ae55-47ce-bab4-7e8395dfd55b,3174654214,67,Soacha,CC,1_1.5,arrendada,false,0,divorciado,false,false,false,true,perro,moto,ASMULT-01
87219850-b850-4f38-b1c9-ab87c5f0b7ce,3123503687,25,Funza,CC,2_2.5,familiar,true,4,viudo,false,false,false,true,gato,carro,MOTO-01
84575e44-6dbf-4797-9f35-8669ed31f0b0,,29,Bogotá,CC,menor_smlv,propia,false,0,casado,false,false,false,true,perro,carro,BICI-01
047990f5-4d3a-4b6a-96ba-23fc656d64d5,3416749748,68,Bogotá,CE,10_20,familiar,false,0,union_libre,false,false,false,false,,moto,APEXEQ-PAL-01
ab704e08-9be9-4d02-a905-b401454126e8,3508554885,35,Bucaramanga,CC,8_10,familiar,true,1,divorciado,false,false,false,false,,ninguno,BICI-01
3b5b5822-e522-45dc-89f0-bb736410169f,,37,Bogotá,CC,menor_smlv,familiar,false,0,casado,true,false,false,true,gato,carro,APEXEQ-PAL-01
750939a5-09c6-490f-87c8-a32e6ea59274,luis.ramirez62@outlook.com,30,Medellín,CC,1_1.5,arrendada,true,3,divorciado,false,false,false,true,perro,moto,ARRENDA-01
7f8ff7da-7cf7-45a8-b5d9-d89820e93d4f,3618478700,39,Mosquera,CC,3_4,arrendada,true,1,divorciado,true,false,false,false,,carro,MOTO-01
382c91d9-0236-4c9a-95a0-0127c7d39ab6,sofia.rodriguez92@yahoo.com,33,Soacha,CC,6_8,propia,false,0,casado,false,false,false,true,perro,carro,PET-SEG-01
49f01434-4221-4ab1-b6cd-927886081ecd,,64,Medellín,CC,2.5_3,propia,false,0,union_libre,true,false,false,true,otro,carro,EXEQ-01
0809c313-acb4-422f-af25-10cc3b082f32,3534183995,39,Bogotá,CC,menor_smlv,arrendada,false,0,viudo,false,false,false,true,otro,carro,APEXEQ-PAL-01
43805bd6-a273-463c-91ec-ce1935d85baa,natalia.florez90@gmail.com,48,Medellín,CC,3_4,familiar,false,0,casado,true,false,false,true,gato,ninguno,ASMED-01
c397855a-173b-4fb6-8241-35e74397394e,,53,Bucaramanga,CC,6_8,familiar,false,0,union_libre,true,false,false,false,,carro,VIDAAH-01
6e64feac-16bb-4a1f-822d-3da1e73ddcfe,camila.garcia85@hotmail.com,58,Medellín,CC,6_8,propia,true,3,union_libre,false,false,false,true,otro,bici,VIDA-01
459dc505-5662-474d-8207-96a15afa5f8d,3853506292,41,Medellín,CC,8_10,familiar,false,0,soltero,false,false,false,true,perro,ninguno,PET-SEG-01
25caee1a-9467-4d1c-b20d-eed2cf95a862,laura.rodriguez55@outlook.com,38,Bogotá,CC,4_6,propia,false,0,soltero,true,false,false,true,gato,ninguno,VIDAAH-01
32e76e89-1f69-409f-aa2d-a82b2ef62793,3647408031,20,Funza,CC,10_20,familiar,false,0,viudo,false,false,false,true,gato,ninguno,BICI-01
c14d0879-d2a8-4589-8922-7e1aced12bd6,3707897755,28,Bucaramanga,CC,1.5_2,arrendada,true,1,viudo,false,true,false,true,gato,ninguno,BICI-01
fdfbbfcb-0256-445e-833d-347decafb1c8,3712567212,72,Bogotá,CC,2_2.5,propia,false,0,soltero,false,false,false,true,gato,moto,PET-PREP-01
fa865ead-f9c9-43f3-9bb0-da4195af07f3,3966057798,20,Mosquera,CE,4_6,familiar,false,0,divorciado,true,true,false,true,perro,moto,ASMED-01
06a4c550-e71c-49c4-82f9-83ea100a3289,,24,Bogotá,CC,2_2.5,arrendada,false,0,union_libre,false,false,false,true,gato,ninguno,ARRENDA-01
c3bd7d0f-fce5-4e22-88b5-d04c41074afd,3353277376,40,Zipaquirá,CC,1_1.5,arrendada,false,0,divorciado,false,false,false,true,perro,ninguno,MOTO-01
6cd42e5e-5b7a-4c52-8ba9-639ecbacc661,paula.martinez96@yahoo.com,34,Bogotá,CC,mayor_30,propia,false,0,viudo,false,false,false,true,gato,moto,HOGAR-01
5f3895c7-0eee-477c-81d3-ee86dfb5cdb3,,54,Barranquilla,CC,3_4,propia,false,0,viudo,false,false,false,true,perro,ninguno,DEUDOR-VIDA-01
e2591a90-e68b-47da-894f-ea7163aafd0c,,62,Bogotá,CC,1.5_2,familiar,true,3,soltero,false,false,false,true,perro,moto,ASMULT-01
ce4ba2f7-3b17-4199-9bac-c6365344126f,3920167599,61,Funza,CC,menor_smlv,propia,true,1,soltero,true,false,false,false,,ninguno,ASMULT-01
e7bbfb19-7e57-4c34-a5de-72e40a2affc4,3148224302,74,Medellín,CC,3_4,familiar,true,3,viudo,false,false,false,false,,ninguno,HOGAR-01
e8ba2e6c-c2e7-42c5-af00-fefa7b1dd15b,3120976583,58,Bogotá,CC,3_4,arrendada,true,1,divorciado,false,false,false,true,perro,moto,PET-SEG-01
aa1bca99-de91-47b9-8127-a9ff67e3f8c6,3057986626,56,Barranquilla,PA,1.5_2,propia,false,0,casado,true,false,false,true,perro,ninguno,SALUD-01
17d863fd-2391-4cb7-be0e-dd77822bc72e,,42,Bogotá,CC,1.5_2,propia,false,0,casado,false,false,false,true,perro,ninguno,BICI-01
bcd25dfe-6421-4629-b44c-1b087ce934a3,3241248454,44,Zipaquirá,CC,3_4,propia,false,0,soltero,false,false,false,true,gato,ninguno,MOTO-01
4b047752-6e73-4dae-9767-735fca15c381,3710122691,42,Bogotá,CC,4_6,familiar,true,4,viudo,false,false,false,false,,carro,DEUDOR-VIDA-01
2cb960fe-da92-4d5b-a27d-d847d1053f27,3894134352,37,Bogotá,CC,3_4,familiar,false,0,viudo,true,false,false,true,perro,ninguno,ASMULT-01
2bf293db-b6be-4a9b-a577-2e4ac23c84ed,3566865103,27,Zipaquirá,CC,10_20,arrendada,true,2,divorciado,false,false,false,false,,moto,BICI-01
43be9574-a728-4d5d-b972-65d723357253,3337912121,23,Medellín,CC,mayor_30,propia,false,0,viudo,false,false,false,true,perro,carro,HOGAR-01
4c684805-5a13-4196-a7da-2c76f00b8d97,3012418116,21,Soacha,CC,6_8,arrendada,true,2,soltero,true,false,false,true,perro,moto,VIDA-01
c1d81e3d-6221-4650-9d16-41dd1c165656,3246935516,57,Bogotá,CC,6_8,familiar,true,2,divorciado,false,false,false,true,perro,ninguno,DEUDOR-VIDA-01
c2816c62-81c5-4fe2-9cc6-14008d726d2e,diana.gonzalez94@gmail.com,19,Bogotá,CC,mayor_30,familiar,false,0,viudo,true,false,false,true,otro,bici,PET-PREP-01
e4df2035-b43f-421e-97c5-942a548859d5,luis.moreno23@yahoo.com,27,Bogotá,CC,3_4,arrendada,true,4,divorciado,false,false,false,true,perro,carro,DEUDOR-VIDA-01
56b2a39a-652d-429d-be92-42bd6f01fa7d,carlos.castro34@outlook.com,48,Bogotá,CC,2.5_3,propia,false,0,soltero,true,false,false,true,perro,bici,VIDA-01
c0aa11f0-897f-4156-829f-9094ef5bc84d,paula.lopez19@hotmail.com,47,Funza,CC,1_1.5,propia,false,0,soltero,false,false,false,true,otro,moto,APEXEQ-PAL-01
cfc2061c-5835-419d-8614-d03e43eae1bc,,48,Bogotá,CC,6_8,propia,false,0,casado,false,false,false,true,perro,moto,VIDAAH-01
a8c82a23-415e-4712-bda4-a1075a63c194,,63,Bogotá,CC,1_1.5,arrendada,true,1,divorciado,false,false,false,false,,ninguno,APEXEQ-PAL-01
33359ef0-5d5f-4cad-a9da-27c975955d6a,natalia.lopez73@outlook.com,53,Soacha,CC,1_1.5,propia,true,4,viudo,false,false,false,true,perro,ninguno,MOTO-01
3b7a9503-a2e1-4add-b7c3-1b2cbf207a1e,3558681900,68,Bucaramanga,CC,1_1.5,propia,false,0,union_libre,false,false,false,false,,moto,APEXEQ-PAL-01
8bf3cd73-278c-4f62-a32b-b7ffcfc378f5,,24,Bogotá,CC,2.5_3,propia,false,0,soltero,true,false,false,true,gato,bici,PET-SEG-01
21d22cd9-e4c9-41f8-8c33-667748bfdf78,3010783567,37,Medellín,CC,2_2.5,propia,false,0,soltero,true,false,false,true,perro,moto,PET-PREP-01
4bcbb995-e3a9-46d6-bed3-aa19bd55c11e,3312797573,21,Medellín,CC,4_6,propia,true,4,union_libre,false,false,false,false,,carro,BICI-01
d542ffa4-54a1-48d9-8580-9ae83e49d01f,3509977008,53,Zipaquirá,CC,4_6,propia,false,0,soltero,true,false,false,true,perro,ninguno,ASMED-01
2a37bfb4-8ae9-4298-b6db-5438b81299e4,3289802714,71,Bogotá,CC,3_4,familiar,false,0,divorciado,true,false,false,true,gato,bici,DEUDOR-VIDA-01
dec012ad-80f9-44f9-87e7-d499544de591,david.moreno99@yahoo.com,70,Bogotá,CC,1_1.5,familiar,false,0,union_libre,false,true,false,true,otro,ninguno,DEUDOR-VIDA-01
99a8e94b-fb6d-46da-8574-85c10942ad0d,3162206591,67,Bogotá,CC,menor_smlv,familiar,false,0,union_libre,false,false,false,false,,moto,EXEQ-01
48134ed3-ac15-4568-910d-3ebbbf6d8d1f,3420062987,46,Medellín,CC,3_4,familiar,false,0,divorciado,true,false,false,true,otro,ninguno,ARRENDA-01
707ff94d-6833-4d23-a79c-4bf72eb5a728,3191898755,49,Bogotá,CC,10_20,familiar,true,2,casado,true,false,false,true,gato,moto,SALUD-01
36985d7e-8d8e-4a76-8161-a13381ad9c1d,,53,Bogotá,CC,20_30,familiar,true,4,union_libre,false,false,false,false,,moto,HOGAR-01
3977d8e2-6abf-4016-b253-4b354becd4f6,3109452658,58,Bogotá,CC,1.5_2,propia,false,0,divorciado,false,false,false,false,,carro,VIDA-01
621d17c9-fdba-4b44-a1f3-184397ff4e6b,3671255935,75,Funza,CC,1.5_2,propia,true,4,divorciado,false,false,false,false,,moto,ARRENDA-01
6cc15865-6558-4ea5-8f9e-d90fca28b0c9,3910245109,23,Bogotá,CC,2_2.5,familiar,false,0,soltero,false,false,false,false,,ninguno,ARRENDA-01
bb7810fa-3516-46ac-aea6-b60b6e4093ff,3401625953,34,Bogotá,CC,3_4,arrendada,true,4,viudo,false,false,false,true,otro,carro,PET-PREP-01
e5ec9c08-5c81-4a61-a28d-6207a09f48c9,,53,Bogotá,CC,20_30,familiar,true,1,casado,false,false,false,true,perro,carro,PET-SEG-01
6b733d39-e4cd-4926-afec-793cdc7fb374,daniela.rojas23@yahoo.com,48,Cali,CC,menor_smlv,familiar,false,0,viudo,false,false,false,false,,ninguno,APEXEQ-PAL-01
e58ed4f2-3c2f-4002-ba5c-0935810c9bc2,3779830020,30,Medellín,CC,menor_smlv,arrendada,false,0,casado,true,false,false,false,,ninguno,PET-SEG-01
165dcf1d-9373-4b74-a327-a83889b20181,3656130876,42,Bogotá,CC,6_8,familiar,true,2,casado,false,false,false,false,,moto,VIDAAH-01
02344803-7464-458e-81e0-11f29e16deaa,3438006399,75,Bogotá,CC,2_2.5,arrendada,false,0,viudo,true,false,false,true,perro,moto,PET-SEG-01
bec4986e-8031-46de-8f43-02a34d640a58,3957001684,40,Soacha,CC,1_1.5,familiar,true,2,casado,false,false,false,true,perro,ninguno,VIDA-01
969e4ef9-e773-4298-b67f-c061787ea28f,3703793061,24,Bogotá,CC,8_10,familiar,true,2,soltero,false,false,false,true,gato,ninguno,BICI-01
4e29370b-f922-4e52-9e23-6e6d979789e7,3876807981,20,Bogotá,CC,3_4,propia,false,0,casado,true,false,false,true,perro,ninguno,PET-SEG-01
baa18dc7-1793-45db-9e0d-5b2b9dec9e74,3678563716,36,Medellín,PA,2.5_3,arrendada,false,0,soltero,false,false,false,true,perro,moto,ARRENDA-01
701f59a0-b096-4b9d-99a9-a2998a6e9b86,3484856944,39,Bogotá,CC,1_1.5,familiar,false,0,union_libre,true,false,false,true,perro,moto,PET-ASIS-01
e59e1769-fefc-42c1-b998-628a2ba9de01,3117549449,39,Cali,CC,1_1.5,familiar,true,3,casado,false,false,false,true,otro,moto,ASMULT-01
0e2d65d2-e9ee-465b-97d4-3b3265ca8871,jorge.ramirez97@outlook.com,65,Bogotá,CC,8_10,familiar,true,2,viudo,false,false,false,true,perro,carro,EXEQ-01
a4c75d2e-057f-4e8c-baa6-091dbf7c6f18,santiago.martinez27@hotmail.com,65,Bogotá,CC,1_1.5,propia,false,0,casado,false,false,false,true,otro,carro,ASMULT-01
d18e8b30-3a45-4edd-8446-b6ed90629dd1,3959792962,70,Manizales,CC,4_6,propia,false,0,casado,false,false,false,true,gato,ninguno,EXEQ-01
32a1e111-b6ce-4739-ae12-3e062d793357,diana.ortiz91@outlook.com,31,Bogotá,CC,6_8,familiar,true,1,union_libre,true,false,false,true,gato,moto,ASMED-01
96e21e63-bba8-49ea-87f8-d53aa448698e,3421135796,23,Funza,CC,2.5_3,arrendada,false,0,union_libre,true,false,false,true,perro,ninguno,BICI-01
8a968799-68f4-4fa2-9bb7-cc07a6c57582,,24,Barranquilla,CC,1.5_2,familiar,false,0,viudo,true,false,false,true,perro,moto,PET-ASIS-01
2c8806cc-ba70-421e-bfca-54c49ee36e23,carlos.rojas24@yahoo.com,18,Manizales,CC,3_4,arrendada,true,3,viudo,true,false,false,true,gato,ninguno,ASMED-01
591c895b-2447-4a6b-a2d9-587fe8062e13,felipe.ramirez77@yahoo.com,30,Cali,CC,1_1.5,propia,true,3,divorciado,true,false,false,false,,bici,APEXEQ-PAL-01
570fb5df-a508-4a3e-9984-c7e24589f2a4,,31,Bogotá,CC,menor_smlv,arrendada,true,4,divorciado,false,true,false,true,perro,carro,BICI-01
15743b03-de9b-4831-aabe-eeaeb986d9f0,juan.ramirez16@yahoo.com,64,Medellín,CC,3_4,familiar,true,4,soltero,false,false,false,false,,ninguno,EXEQ-01
bca73488-61fc-41e7-9ef3-023a7aaf8fda,,64,Medellín,CC,2_2.5,propia,false,0,soltero,false,false,false,true,gato,bici,EXEQ-01
55315b31-aaa5-42ec-8988-25c18d6f41ec,3624588469,72,Bogotá,CC,2_2.5,arrendada,true,1,union_libre,true,false,false,true,gato,ninguno,SALUD-01
555ea02c-554c-4163-ba7e-f494db0b2663,3786118919,28,Soacha,CC,8_10,propia,true,3,union_libre,true,false,false,false,,carro,DEUDOR-VIDA-01
84e52d6a-0acd-475e-a429-840ad09cd9c2,3476834201,25,Bogotá,CC,4_6,arrendada,true,3,casado,true,false,false,true,gato,bici,BICI-01
8d716829-be76-4eca-8543-5ab11b177179,3345923258,41,Bogotá,CC,6_8,propia,false,0,union_libre,false,false,false,true,perro,ninguno,VIDAAH-01
dd9da1d4-a356-47ff-98e8-fa433c4c1b1c,3128343703,47,Bogotá,CC,3_4,propia,true,4,viudo,false,false,false,true,gato,moto,VIDA-01
ae6f4773-d757-4991-b7c7-008ce6f7a2af,,53,Bogotá,CC,mayor_30,propia,false,0,union_libre,true,false,false,true,perro,ninguno,PET-SEG-01
e025af47-56d5-4bd4-b0f2-24288a8bf7a0,ana.martinez51@hotmail.com,31,Medellín,CC,2_2.5,familiar,false,0,casado,true,false,false,true,gato,moto,PET-PREP-01
f7729194-5c7c-4e9b-9573-f8e363cf2912,3764878496,28,Bogotá,CC,1_1.5,arrendada,true,3,union_libre,false,true,false,false,,bici,APEXEQ-PAL-01
bc88acbf-8ed5-4c72-8ead-389e9692ba9a,diego.gomez42@yahoo.com,71,Bucaramanga,CC,menor_smlv,familiar,true,3,viudo,true,false,false,true,perro,ninguno,HOGAR-01
8863bc19-7186-482b-9f95-712f5f4e65a0,3040623215,25,Bucaramanga,CC,mayor_30,arrendada,true,3,soltero,false,false,false,true,otro,ninguno,PET-PREP-01
320cb998-9a43-4a28-99bc-aa9244af6b3d,carlos.gomez96@gmail.com,34,Medellín,CE,10_20,familiar,true,4,divorciado,false,false,false,true,gato,bici,HOGAR-01
a952bfae-21e9-4db2-bf06-4b1b742535af,,67,Cali,CC,4_6,arrendada,true,3,soltero,true,false,false,true,gato,carro,DEUDOR-VIDA-01
ca042417-bf5d-499f-b019-6e4ab17cd320,3090857537,56,Bogotá,CC,2_2.5,arrendada,false,0,divorciado,false,false,false,false,,moto,DEUDOR-VIDA-01
d7a45664-472b-4f00-b303-dcbf90ecefd7,3777414651,62,Cali,PA,2_2.5,propia,false,0,divorciado,true,false,false,true,gato,ninguno,EXEQ-01
c789c796-c1d8-4b73-959e-45d7b412c416,3696318158,56,Medellín,CC,10_20,arrendada,true,1,viudo,false,false,false,true,otro,ninguno,VIDA-01
5478bdc7-8805-4a93-80fa-e59aaaf1be16,ana.rodriguez81@yahoo.com,39,Medellín,CC,4_6,familiar,false,0,soltero,false,false,false,true,perro,bici,VIDAAH-01
cf5b6c49-885f-4657-b3ee-517b94c140d0,juan.moreno86@outlook.com,51,Cali,CC,6_8,arrendada,false,0,casado,true,false,false,true,gato,moto,VIDAAH-01
290a29a7-b8a9-422e-93e3-e2df70d9e937,3811722512,69,Bogotá,CC,3_4,arrendada,true,3,viudo,true,false,false,true,perro,carro,HOGAR-01
78ed96c2-d89a-44c5-911a-2e5864b8d0be,3105920865,26,Bogotá,CC,mayor_30,arrendada,false,0,union_libre,false,false,false,true,perro,ninguno,BICI-01
5bcef798-089a-4dbf-992b-16d236053295,3811200565,61,Bucaramanga,CC,3_4,arrendada,false,0,casado,true,false,false,false,,ninguno,HOGAR-01
df72f53c-76bf-467d-b6a0-2cbb1d5cb232,juan.garcia16@yahoo.com,21,Bogotá,CC,10_20,familiar,true,1,divorciado,false,false,false,false,,ninguno,PET-SEG-01
7eb363ac-5ebe-43d7-9afc-e2754f7da40e,jorge.ortiz80@hotmail.com,31,Cali,CC,8_10,arrendada,true,4,soltero,true,false,false,true,gato,ninguno,ASMED-01
c790e0d1-88b2-4a15-87e8-fed52ad789ac,3705472092,45,Bogotá,CC,2.5_3,arrendada,false,0,union_libre,false,false,false,true,perro,ninguno,PET-PREP-01
83a5c49b-e8ee-4dfa-b0b3-d2405667c5c0,3115913268,37,Medellín,CC,2_2.5,propia,false,0,casado,false,false,false,true,perro,moto,ASMULT-01
e55da449-333d-4301-b53c-754286352d2e,sebastian.lopez54@outlook.com,49,Mosquera,CC,2_2.5,arrendada,false,0,soltero,false,false,false,true,otro,ninguno,DEUDOR-VIDA-01
fedf6cc2-eb5f-4506-bac8-f0ee41a5e932,3973145726,59,Bucaramanga,CC,3_4,arrendada,false,0,casado,false,false,false,true,perro,carro,EXEQ-01
36769183-572b-412f-9a42-16e45524e4c0,3074390648,34,Medellín,CC,1.5_2,arrendada,true,2,viudo,true,false,false,false,,moto,ASMULT-01
1e9ac23a-7079-49ee-a028-844215fa22d8,andres.jimenez56@hotmail.com,35,Funza,CC,8_10,familiar,false,0,union_libre,false,false,false,true,perro,moto,HOGAR-01
d92a39bc-04cc-456e-819d-2e0437bb7add,3810535216,29,Medellín,CC,1.5_2,familiar,false,0,divorciado,false,false,false,false,,bici,ARRENDA-01
3ef0fc05-d464-4b67-a283-e123fb9c8500,natalia.sanchez32@hotmail.com,47,Bogotá,CC,1.5_2,propia,false,0,viudo,false,false,false,true,perro,moto,PET-PREP-01
565a4b63-bf9e-4f77-879e-9c9c8053d171,3524719535,31,Bogotá,CC,menor_smlv,familiar,true,4,divorciado,false,false,false,false,,moto,HOGAR-01
5c251c00-9084-4511-8f8e-0e87cae3cd68,3809049526,19,Soacha,CE,3_4,familiar,true,1,viudo,false,false,false,false,,bici,BICI-01
b162a104-5463-4326-8511-d5906595ac78,,37,Medellín,CC,1.5_2,arrendada,false,0,viudo,false,false,false,false,,moto,DEUDOR-VIDA-01
fa2fd87f-ffc5-42c7-90af-08de2c730ede,carolina.castro89@hotmail.com,68,Barranquilla,CC,6_8,propia,false,0,soltero,true,false,false,true,perro,ninguno,EXEQ-01
4a8bae84-b6b8-4d23-b3f3-b30320bf18d0,3994819406,63,Bogotá,CC,8_10,propia,false,0,casado,true,false,false,true,perro,carro,ASMED-01
a20ac765-8df4-484c-8445-71f5322c04af,3603891736,56,Medellín,CC,6_8,arrendada,true,3,divorciado,false,false,false,false,,ninguno,HOGAR-01
255138b8-a011-46e8-af78-f80f7dff156c,3537006323,56,Medellín,CC,10_20,familiar,true,4,divorciado,true,false,false,false,,ninguno,ASMED-01
d1a54110-1699-4acc-9a02-cfb5d7734868,laura.florez66@yahoo.com,28,Bucaramanga,CC,menor_smlv,familiar,true,1,soltero,false,false,false,true,perro,carro,APEXEQ-PAL-01
8134e1e6-b5c2-4bc6-a020-dd44a4e0da65,3677546586,25,Soacha,CC,3_4,propia,true,3,divorciado,false,false,false,false,,bici,ARRENDA-01
a3c9bafc-409c-40ac-8519-7ec2b66547bb,3833364770,42,Medellín,CC,6_8,propia,false,0,casado,false,false,false,true,perro,carro,VIDAAH-01
5008098e-8fb0-4f78-9d0d-0256069f3eb2,carlos.sanchez3@hotmail.com,25,Barranquilla,CC,1.5_2,arrendada,false,0,union_libre,false,false,false,true,perro,moto,BICI-01
49f2dc8f-705a-400c-8c8a-22af0d8312fa,3216893639,26,Medellín,CC,4_6,arrendada,true,3,divorciado,false,false,false,true,perro,ninguno,BICI-01
b2141a78-962a-4540-8dc6-eb4cb4b341d6,3525417832,23,Bogotá,CC,1_1.5,propia,false,0,divorciado,false,false,false,true,perro,moto,PET-SEG-01
20e9b8e7-b875-4747-8be4-5333fad485d1,carlos.lopez20@yahoo.com,25,Bogotá,CC,10_20,familiar,false,0,viudo,false,false,false,false,,moto,HOGAR-01
ccd9c6eb-d8ac-4325-91f0-c8fa8cd633f3,3405835501,49,Bogotá,CE,menor_smlv,arrendada,false,0,casado,false,false,false,true,perro,carro,APEXEQ-PAL-01
11091e59-82fc-4f7f-ba36-fa8b7386efda,3107283947,71,Manizales,CC,2.5_3,arrendada,false,0,divorciado,false,false,false,true,perro,ninguno,DEUDOR-VIDA-01
2a7fdb85-84d3-40d1-92fe-cb17e5e30334,,22,Bogotá,CC,2_2.5,familiar,true,3,union_libre,false,false,false,true,perro,ninguno,ASMULT-01
9f80b2d6-689e-4d03-a2a1-64ed20d989a1,3288156603,19,Bogotá,CC,1_1.5,familiar,false,0,soltero,false,false,false,false,,moto,ASMULT-01
03016daa-6175-470b-8e32-5da51eaa400a,,25,Cali,CE,1_1.5,arrendada,false,0,viudo,false,false,false,true,gato,ninguno,BICI-01
ef6cb66b-5205-4678-8eff-114b36a092cf,3059488753,62,Bogotá,CC,2.5_3,propia,true,4,casado,true,false,false,true,gato,carro,PET-SEG-01
dacc6761-0593-46fc-95ed-2afe793fdeec,luis.ortiz34@hotmail.com,64,Bogotá,CC,20_30,propia,true,1,soltero,false,false,false,true,gato,ninguno,PET-PREP-01
c1cf100a-0061-4c74-84dd-a38b8f148bc0,3944387871,47,Bogotá,CC,3_4,propia,true,3,viudo,true,false,false,true,perro,bici,DEUDOR-VIDA-01
901f99ba-c795-40ae-9b25-e4780eb490d6,3467004758,47,Bogotá,CC,menor_smlv,propia,false,0,casado,false,false,false,false,,ninguno,BICI-01
315f6d42-3a05-4e8c-ac7c-3a1d7cc2599c,3512343353,45,Bogotá,CC,1_1.5,arrendada,false,0,divorciado,false,false,false,true,perro,ninguno,APEXEQ-PAL-01
1cea621b-dd3f-4c22-8b23-caeb0b01d11c,3660030119,32,Zipaquirá,CC,20_30,propia,false,0,casado,false,false,false,false,,carro,BICI-01
593f4351-f796-44df-9895-1ae5557f65a7,,50,Soacha,CC,menor_smlv,familiar,true,3,divorciado,false,false,false,false,,carro,ARRENDA-01
b34ef19b-1f9b-4cc0-953a-b378615b5d20,3051558866,46,Medellín,CC,4_6,familiar,false,0,union_libre,false,false,false,true,perro,carro,VIDAAH-01
f21bc0c3-ede5-4c24-aec5-c1d506a22523,3604817549,30,Cali,CC,20_30,arrendada,false,0,soltero,false,false,false,false,,carro,BICI-01
757bc918-8fe5-4d38-831f-7ce9bcfb0748,camila.garcia70@outlook.com,55,Bogotá,CC,1_1.5,familiar,false,0,viudo,false,false,false,true,perro,carro,HOGAR-01
e6d327ca-e08b-4d67-b4e6-c037e8ee89e7,3504505669,68,Cali,CC,1_1.5,arrendada,false,0,union_libre,false,false,false,false,,moto,ASMULT-01
d4216f0f-4d71-431a-b4d0-852255c2763c,3698237618,26,Cali,PA,3_4,familiar,false,0,viudo,true,false,false,true,perro,ninguno,ASMED-01
c189274a-f16d-40ac-b215-c1b81c194040,3259512286,66,Bogotá,CC,10_20,arrendada,false,0,casado,false,false,false,true,perro,carro,PET-SEG-01
ceab590e-b5c8-420b-866c-231c5aa7ad02,felipe.rojas96@gmail.com,57,Barranquilla,CC,20_30,propia,false,0,divorciado,true,false,false,true,perro,ninguno,SALUD-01
bb608212-ae35-4297-aab2-69d9c730f267,3868623785,55,Bogotá,CC,4_6,arrendada,false,0,soltero,false,false,false,false,,bici,VIDAAH-01
62674691-08ff-444a-b3c4-b4a143cb718e,laura.martinez10@gmail.com,20,Medellín,CC,10_20,propia,false,0,soltero,true,false,false,false,,carro,ASMED-01
28f31284-9104-41df-93c6-0a146a12eb52,3206632673,55,Barranquilla,CC,3_4,familiar,false,0,viudo,false,false,false,true,perro,ninguno,PET-SEG-01
509ce350-c1ba-4578-8aaf-d959ea416cbc,paula.lopez33@hotmail.com,48,Bogotá,CC,2.5_3,arrendada,true,1,soltero,true,false,false,false,,ninguno,ARRENDA-01
203ed30b-ed45-4494-8aed-8ce19e91cb43,3951083278,29,Bucaramanga,CC,4_6,familiar,false,0,divorciado,false,false,false,true,perro,ninguno,BICI-01
5eb54e3a-c7f5-4903-aaea-b2405c2ce3af,natalia.castro2@outlook.com,58,Barranquilla,CC,2_2.5,propia,true,2,casado,false,false,false,true,gato,moto,PET-SEG-01
2b8bbe9f-a2ba-419c-9e30-bc8f4d8bd10e,felipe.vargas38@hotmail.com,50,Mosquera,CC,menor_smlv,propia,true,2,casado,false,false,false,true,perro,bici,MOTO-01
0ffb40da-410f-495b-9461-fed7965728e2,diana.vargas69@outlook.com,57,Bogotá,CC,2.5_3,familiar,false,0,union_libre,true,false,false,true,gato,carro,EXEQ-01
8ac9a6e8-485e-4212-a3d6-98ce6cf4b588,3984914986,20,Medellín,CC,2.5_3,familiar,false,0,viudo,false,false,true,true,perro,moto,ASMULT-01
e602395c-d16d-4d98-82ad-0817936fba0d,3403002143,25,Bogotá,CC,4_6,arrendada,false,0,viudo,false,false,false,false,,ninguno,BICI-01
7e02e223-3f6a-4e64-a08e-40b72d1fd7cc,3607491698,72,Barranquilla,CC,1_1.5,arrendada,true,3,union_libre,false,false,false,true,gato,bici,DEUDOR-VIDA-01
c485929c-c92f-40ed-b939-aff4231572a5,laura.castro58@outlook.com,66,Bogotá,CC,3_4,propia,false,0,divorciado,false,false,false,false,,carro,DEUDOR-VIDA-01
127020e8-f097-4417-99d0-66563c4e674d,3267312343,40,Bogotá,CC,6_8,familiar,false,0,viudo,false,false,false,true,perro,ninguno,VIDAAH-01
1696987b-9944-46af-90f6-b575410f0005,3227275215,64,Medellín,CC,1.5_2,arrendada,false,0,casado,true,false,false,true,perro,ninguno,EXEQ-01
32fe3b58-b572-44bf-9ce0-c105cc434709,3144129870,22,Soacha,CC,2_2.5,familiar,true,2,casado,true,false,false,true,otro,ninguno,MOTO-01
edaae056-72ff-4e2a-bd3c-de21ecabebee,3587669494,46,Zipaquirá,CC,1.5_2,propia,true,3,union_libre,false,false,false,false,,carro,MOTO-01
87707e5d-a83a-48dd-af5d-9f97065533b4,natalia.gomez21@gmail.com,44,Mosquera,CC,3_4,arrendada,true,2,union_libre,false,false,false,false,,ninguno,MOTO-01
039698a2-6594-4d8f-8e14-a1d2fe4592e1,3487774763,55,Bogotá,CC,1_1.5,familiar,true,1,soltero,true,false,false,false,,carro,APEXEQ-PAL-01
f2677389-518b-42ce-8a93-3472e9e784f5,3539354358,61,Soacha,CC,4_6,arrendada,false,0,union_libre,false,false,false,true,perro,carro,PET-SEG-01
f9edc66e-fd22-4bfb-bc9f-e0ad6a2f6502,3378457362,40,Zipaquirá,CC,2_2.5,propia,false,0,casado,false,false,false,false,,moto,DEUDOR-VIDA-01
0e0d5620-7938-423b-be44-07e6c1d39efc,3922384357,56,Mosquera,CC,menor_smlv,propia,true,3,viudo,false,false,false,true,perro,carro,APEXEQ-PAL-01
82f13b57-62a6-4dc4-a970-056accf3eda7,,64,Bogotá,CC,8_10,propia,false,0,viudo,true,false,true,false,,ninguno,HOGAR-01
8d8a2b38-7e4b-4e46-863e-1bc65371abd2,3695521109,66,Zipaquirá,CC,3_4,propia,true,1,divorciado,false,false,false,true,otro,carro,MOTO-01
9fcca285-04af-4136-afc1-fb202e3b59de,3309917922,63,Bogotá,PA,10_20,propia,true,1,viudo,false,false,false,true,perro,ninguno,ASMED-01
a40f3cd6-c008-4ea9-9243-be19e51593c7,3315727919,59,Bogotá,CC,8_10,propia,false,0,viudo,false,false,false,true,perro,ninguno,HOGAR-01
e5293c51-80d2-4ba6-838f-5e3b0d7cd368,3152213368,56,Bogotá,CC,4_6,propia,false,0,soltero,false,false,false,false,,ninguno,DEUDOR-VIDA-01
1ebbe372-52a1-49f9-8790-94c165ea590e,valentina.gonzalez24@gmail.com,26,Barranquilla,CE,4_6,propia,true,4,viudo,false,false,false,false,,carro,HOGAR-01
c1eff98b-86b6-472d-b021-d1db46533afa,camila.ramirez93@outlook.com,66,Bogotá,CC,20_30,arrendada,false,0,viudo,false,false,false,true,perro,moto,ARRENDA-01
a265cada-b8bd-4939-84ae-0931ebfb4b40,camila.ramirez28@hotmail.com,62,Bogotá,CC,10_20,familiar,true,4,soltero,false,false,false,true,otro,moto,EXEQ-01
19cb3b6c-cf48-46a1-a94a-4abd13680175,3630286653,41,Bogotá,CC,mayor_30,familiar,true,1,viudo,false,false,false,false,,ninguno,VIDA-01
7fc5e1b8-dee6-41ea-993c-a68a8d846680,3470062250,22,Funza,CC,6_8,arrendada,false,0,union_libre,false,false,false,true,otro,carro,PET-SEG-01
49a310b5-b916-4e67-952a-c4de276fc2d7,3233451100,54,Bogotá,PA,3_4,familiar,false,0,divorciado,false,false,false,true,perro,ninguno,DEUDOR-VIDA-01
a9de3fd4-f957-421e-9c5f-45f9f29f8e72,,71,Barranquilla,CC,20_30,arrendada,true,4,viudo,false,false,false,true,gato,ninguno,EXEQ-01
d9b55de1-8e34-4e8f-9bbd-3f98abd5e259,diana.vargas47@gmail.com,62,Bogotá,CC,6_8,familiar,false,0,union_libre,false,false,false,true,gato,carro,DEUDOR-VIDA-01
d05592c7-12b1-4490-9160-f80d5d3602d3,santiago.torres88@yahoo.com,64,Zipaquirá,CC,mayor_30,propia,false,0,divorciado,false,false,false,true,otro,ninguno,EXEQ-01
e5e537e2-82ff-4d27-a404-984635a98bbf,luis.suarez87@hotmail.com,48,Bogotá,CC,1.5_2,arrendada,true,2,soltero,false,false,false,true,perro,moto,DEUDOR-VIDA-01
61b17ccc-ed15-452d-bf00-61850c36bce5,daniela.sanchez46@outlook.com,43,Bogotá,CC,3_4,propia,true,2,viudo,false,false,false,true,perro,carro,VIDA-01
c7256059-69c8-460a-9231-2a72ec9ca2db,natalia.perez84@yahoo.com,60,Bogotá,CC,2_2.5,arrendada,true,1,casado,false,false,false,false,,bici,ASMULT-01
e6ccd14c-0235-4f31-aade-2a2d601356a2,carlos.castro74@hotmail.com,73,Cali,CC,2_2.5,arrendada,true,1,divorciado,false,false,false,true,perro,bici,ARRENDA-01
66222d37-1e56-4a30-acc7-2c8d2e1e317d,,40,Funza,CC,menor_smlv,propia,false,0,viudo,true,false,false,false,,bici,MOTO-01
7e3d400b-0ef1-4383-8c31-92a6f6cecb56,3366098591,56,Barranquilla,CC,6_8,propia,true,4,union_libre,false,false,false,false,,carro,HOGAR-01
5f193000-c23a-4f73-ae74-352aae2686d2,paula.perez58@gmail.com,63,Bogotá,CC,6_8,propia,true,4,casado,false,false,false,true,perro,ninguno,HOGAR-01
5e7fda44-b5ff-4e75-88ea-a34e6c9d2a15,3696667252,24,Zipaquirá,CC,1_1.5,arrendada,false,0,casado,false,false,false,true,perro,ninguno,APEXEQ-PAL-01
5fd8f90e-7c23-47be-bdc2-35c0e7ad39db,3898500038,53,Bogotá,PA,20_30,familiar,false,0,soltero,true,false,false,true,perro,carro,APEXEQ-PAL-01
2f34394d-14a2-4cf1-b16a-81733755fd82,3429326834,21,Barranquilla,CE,6_8,propia,true,2,viudo,false,false,false,true,perro,carro,BICI-01
d5579992-e2a0-4fde-bd58-18c008a0cc72,3661945887,53,Bogotá,CC,4_6,propia,true,3,union_libre,true,false,false,true,otro,carro,VIDAAH-01
9fa7cf41-4c0b-46ea-88a1-ecb7b6454803,sebastian.gomez37@hotmail.com,58,Cali,CC,1_1.5,familiar,true,1,casado,false,false,false,true,otro,moto,DEUDOR-VIDA-01
cb08e33f-8b75-4ec6-b223-206d525d9ee7,3800756582,39,Bucaramanga,CC,3_4,arrendada,true,2,viudo,false,false,false,false,,carro,BICI-01
305b145c-fc2d-4868-a923-02a5a4a9f4b3,3728702456,37,Soacha,CE,mayor_30,arrendada,true,2,soltero,false,false,false,true,perro,carro,PET-SEG-01
4c3db254-49b9-4600-9a95-13cce421971d,3671978897,48,Cali,CC,2_2.5,propia,true,1,divorciado,false,false,false,true,gato,carro,DEUDOR-VIDA-01
556e3fc7-0ac5-436b-bdb2-dc1144afb16a,3046682121,39,Bogotá,CC,20_30,arrendada,true,3,viudo,false,false,false,true,otro,moto,PET-SEG-01
08258ab0-efe9-4cff-850c-51be1bb7fa39,3314919058,45,Funza,CC,menor_smlv,arrendada,false,0,soltero,false,false,false,true,perro,moto,MOTO-01
c5699dd6-2337-4779-b6e0-e7ef525a20b6,,57,Barranquilla,CC,1.5_2,familiar,true,3,casado,false,false,false,true,gato,ninguno,DEUDOR-VIDA-01
daa19333-1847-49e6-9fc6-9ac58e564087,3439044890,55,Bogotá,CC,menor_smlv,propia,true,2,union_libre,false,false,false,true,gato,moto,APEXEQ-PAL-01
ed8d1a0f-adbd-42a6-8e99-89521508d042,3449347430,32,Zipaquirá,CE,1.5_2,familiar,false,0,casado,false,false,false,true,otro,ninguno,ASMULT-01
4e57d240-fd33-417b-a5d6-18b6ec3e68c3,,46,Bogotá,CC,6_8,arrendada,false,0,union_libre,false,false,false,false,,carro,VIDAAH-01
2f391436-5936-4e29-89d0-ff00aed9aa8f,3770859426,63,Soacha,CC,1.5_2,propia,false,0,viudo,false,false,false,false,,moto,EXEQ-01
8f24528a-9071-4db9-a380-405978d5805b,juan.gonzalez7@outlook.com,70,Soacha,CC,1.5_2,propia,false,0,soltero,true,false,false,true,gato,bici,MOTO-01
dc62af46-2aaf-429f-9d5f-006a088800e3,3054914774,29,Cali,CC,6_8,propia,true,3,casado,false,false,false,false,,moto,BICI-01
cd67ae1f-f5a9-49e7-924d-5c3b9ceef5b8,3164838953,33,Bucaramanga,CC,2_2.5,arrendada,false,0,viudo,false,false,false,false,,bici,ARRENDA-01
9451bccd-26c4-4f50-9802-67778f6c71e2,3679542832,23,Bogotá,CC,4_6,arrendada,false,0,soltero,true,false,false,true,perro,ninguno,BICI-01
af89a305-0fde-4200-9f43-23d508ffc366,3596677153,73,Mosquera,CC,3_4,propia,true,2,casado,false,false,false,true,perro,ninguno,MOTO-01
a8be4961-fd2e-4b19-ac96-a871873f36ee,3415507576,34,Soacha,CC,2.5_3,familiar,true,4,casado,false,false,false,true,gato,moto,PET-SEG-01
4fcec468-4bfb-4395-962c-d4e4f513278e,diana.perez45@yahoo.com,21,Cali,CC,2_2.5,arrendada,false,0,union_libre,false,false,false,true,perro,moto,ARRENDA-01
1efd0b2a-fcdc-42d2-94e9-044137f04211,3961479793,74,Bogotá,CC,8_10,familiar,true,2,divorciado,false,false,false,false,,moto,ASMULT-01
98687e5d-e48e-471d-8e8a-d20e03e88ab1,andres.sanchez42@hotmail.com,37,Bogotá,CC,menor_smlv,arrendada,false,0,divorciado,false,false,false,false,,moto,APEXEQ-PAL-01
ce509ae3-8bad-4ba5-b8d4-b5ac00d8784d,3119569646,19,Bogotá,CC,6_8,arrendada,false,0,casado,false,false,false,true,gato,carro,PET-ASIS-01
2185f709-9d05-43bf-9dae-0cfbf635f048,andres.rodriguez63@hotmail.com,44,Barranquilla,PA,2_2.5,familiar,false,0,soltero,false,false,false,true,otro,moto,ARRENDA-01
6fe65726-192b-45a3-9dd9-d4b0e921c4f1,valentina.moreno40@hotmail.com,56,Bucaramanga,CC,1_1.5,arrendada,false,0,divorciado,false,false,false,true,perro,ninguno,BICI-01
25765504-c1d9-4705-9d89-173a5eac1b1a,3419938927,33,Bogotá,CC,2_2.5,arrendada,true,1,viudo,false,false,false,true,otro,ninguno,HOGAR-01
cf396a27-acda-4cd2-bdec-b9ffc68c698b,3681187233,31,Barranquilla,CC,3_4,propia,true,1,union_libre,true,false,false,false,,ninguno,ASMULT-01
40a20236-c4d8-42db-ae6e-116fe0de76eb,david.martinez67@hotmail.com,48,Bogotá,CC,1.5_2,propia,false,0,divorciado,true,false,false,false,,carro,ASMULT-01
3c6de1f5-e8bf-4738-b4b8-e16a3534540a,3086523777,26,Bogotá,CC,10_20,arrendada,false,0,divorciado,true,false,false,true,perro,carro,SALUD-01
53dac84d-9f42-47c3-b4b7-f64b34b16437,,66,Cali,PA,1.5_2,propia,true,4,casado,false,false,false,true,perro,carro,ASMULT-01
580d1703-d945-44d1-a95d-29b69dc997d6,3530601198,20,Soacha,CC,3_4,arrendada,true,1,divorciado,false,false,false,true,otro,moto,BICI-01
a00f9071-9fd8-4d99-b915-af4083100515,camila.garcia43@outlook.com,69,Bogotá,CC,menor_smlv,arrendada,true,4,viudo,true,false,false,true,perro,ninguno,SALUD-01
175eda56-0648-4775-bad7-6e48d3e030f1,3925751171,34,Bogotá,CC,2.5_3,familiar,false,0,soltero,false,false,false,true,gato,carro,BICI-01
21345c5c-1f31-4d5c-962c-a86eea852867,3803397401,61,Funza,PA,2.5_3,familiar,false,0,viudo,true,false,false,false,,ninguno,SALUD-01
94fe922c-63d4-4a67-840a-dd36eb9a22f1,3376836759,65,Bogotá,CC,2_2.5,propia,false,0,divorciado,false,false,false,true,perro,carro,DEUDOR-VIDA-01
06fe22e4-9100-4002-a397-d470c6901242,diego.ramirez28@outlook.com,38,Soacha,CC,menor_smlv,arrendada,false,0,casado,false,false,false,true,perro,bici,MOTO-01
8b03cd14-8381-42cd-b2fc-e385469e7d4e,julian.moreno4@yahoo.com,68,Medellín,CC,3_4,propia,true,2,soltero,true,false,false,true,perro,carro,ASMULT-01
6fd7e93e-9ec9-4678-96d8-dfc94afcf7b5,3856817697,41,Bogotá,CC,menor_smlv,arrendada,false,0,viudo,true,false,false,true,perro,moto,PET-SEG-01
bdfc0a58-eea1-4eed-bb66-46e6fae8c024,3138415510,54,Medellín,CC,1_1.5,arrendada,false,0,union_libre,false,false,false,true,perro,carro,APEXEQ-PAL-01
ac6fa91b-ff46-4709-a955-976f075dcab8,3193928456,48,Medellín,CC,1_1.5,familiar,false,0,divorciado,true,false,false,true,perro,ninguno,APEXEQ-PAL-01
fc868b7c-5747-4633-b64e-f1c53770be21,3882603359,64,Bogotá,CC,1_1.5,propia,false,0,soltero,false,false,false,true,perro,ninguno,PET-SEG-01
ab2350ec-074e-45fe-a5d7-cdafa8a106c5,3087384322,24,Bogotá,CC,3_4,arrendada,true,2,union_libre,false,false,false,false,,carro,BICI-01
7fdc69d5-da9e-4927-9f10-10962be6aad8,david.vargas24@gmail.com,47,Bogotá,CC,4_6,familiar,true,2,viudo,true,false,false,true,otro,ninguno,VIDAAH-01
c9e4e8c5-c232-4306-9cc6-0c1c0392f851,3424431029,54,Medellín,CC,2_2.5,propia,false,0,soltero,true,false,false,true,perro,carro,HOGAR-01
8de0811f-bf44-4fa7-9b08-d51fa9eb7c04,,51,Medellín,CC,1_1.5,propia,false,0,casado,true,false,false,true,gato,ninguno,HOGAR-01
426bd3c2-e7a8-4d2c-a9c7-12c4e2c414ff,3437490607,26,Mosquera,CC,menor_smlv,familiar,false,0,casado,true,false,false,true,perro,ninguno,MOTO-01
6f2c150a-635f-4845-b4c0-024cfb1f1286,3777459254,74,Bogotá,CE,mayor_30,propia,true,2,casado,false,false,false,true,gato,ninguno,PET-SEG-01
de2aa2d5-9108-4cc8-80f5-2f1f0c9fd93d,3567535153,34,Medellín,CC,20_30,familiar,false,0,divorciado,true,false,false,true,perro,ninguno,SALUD-01
1984bf90-dc3a-4acf-94dc-f0ec50c889aa,sofia.perez43@outlook.com,70,Manizales,CC,6_8,arrendada,false,0,viudo,false,false,false,true,perro,ninguno,EXEQ-01
43573daf-9db0-48de-8274-52a8d73f994d,sebastian.florez92@hotmail.com,56,Bogotá,CC,10_20,familiar,false,0,viudo,true,false,false,false,,carro,HOGAR-01
5860b7d7-1dff-43c4-b4d4-f0403c0e5629,3029446276,33,Medellín,CC,1_1.5,familiar,true,1,union_libre,false,false,false,false,,ninguno,DEUDOR-VIDA-01
c2e0d6ca-32ed-4d1d-b0b8-f190e03f3473,andres.torres90@outlook.com,62,Soacha,CC,mayor_30,arrendada,false,0,soltero,true,false,false,false,,ninguno,BICI-01
f8fccac7-4195-4167-b16a-4750e391cf2b,juan.sanchez8@yahoo.com,62,Funza,CC,1.5_2,familiar,true,1,divorciado,false,false,false,true,gato,ninguno,MOTO-01
7efd51db-2e22-4a27-a608-940e13dc571f,,25,Bucaramanga,CC,1_1.5,familiar,true,3,viudo,false,false,false,false,,carro,APEXEQ-PAL-01
06663cbf-c307-43a9-afb6-cc497ecf4cfb,3183085800,44,Bogotá,CC,4_6,familiar,true,4,casado,true,false,false,true,otro,moto,VIDAAH-01
d663665b-7379-487d-820e-a3b2c4264213,3502551309,66,Medellín,CC,20_30,familiar,true,4,casado,false,false,false,true,perro,carro,BICI-01
9887f9de-12d5-4756-8481-9ae19eb92275,,18,Bogotá,CC,1.5_2,familiar,false,0,soltero,true,false,false,false,,ninguno,ASMED-01
a74f9a8d-dfa9-4787-a865-0881795f414d,,53,Barranquilla,CC,2.5_3,familiar,false,0,divorciado,false,false,false,true,perro,ninguno,DEUDOR-VIDA-01
8f2bccba-cae9-4f99-9f2c-47ecb0e4080b,,45,Bogotá,CC,4_6,propia,true,2,soltero,true,false,false,true,otro,ninguno,DEUDOR-VIDA-01
70a83054-4386-44b1-a3eb-2e2385303584,,72,Bogotá,CC,2_2.5,propia,true,2,casado,false,false,false,true,otro,bici,PET-SEG-01
2e594b85-12e8-4ab5-9b32-f212e36987d9,3156229493,29,Zipaquirá,CE,1_1.5,arrendada,false,0,casado,false,false,false,true,gato,ninguno,BICI-01
ff780d0c-6ace-4bcd-bb85-9ea1543c72b1,3083209143,58,Cali,CC,1_1.5,familiar,true,2,viudo,false,false,false,true,otro,ninguno,HOGAR-01
774a8f15-25f9-4fe5-ba3c-751efc84d815,3495665660,29,Bogotá,CC,20_30,propia,true,4,divorciado,false,false,false,false,,carro,ARRENDA-01
c740d000-69cf-4708-98a4-9d093d3fa65f,3452280156,25,Soacha,CC,4_6,propia,false,0,soltero,false,false,false,false,,moto,HOGAR-01
7a4dfb5b-dbb0-4cc8-81c1-5150406e6f70,3190221797,64,Bogotá,CC,3_4,familiar,false,0,soltero,false,false,false,true,otro,carro,DEUDOR-VIDA-01
8c35f28e-9cbe-4068-bb8c-ef01a9835be9,3942505925,32,Mosquera,CC,2.5_3,propia,true,3,union_libre,false,false,false,true,otro,ninguno,MOTO-01
0f40184b-bcb7-47f4-834a-9e55306c446b,3003354216,50,Zipaquirá,CC,3_4,arrendada,false,0,casado,true,false,false,false,,ninguno,MOTO-01
45d8add0-a2b1-498b-a5f9-8c93756502cd,3239604244,38,Mosquera,CC,2.5_3,propia,true,3,divorciado,false,false,false,true,gato,bici,MOTO-01
8f3d33ce-dce5-4e5c-9f89-c3c3067661cd,3077113062,23,Soacha,CC,2.5_3,propia,false,0,casado,false,false,false,true,otro,carro,MOTO-01
4a16e5db-6564-4056-810b-05bdd6cf1d7e,3025254110,75,Medellín,CC,2.5_3,arrendada,true,4,casado,false,false,false,false,,bici,DEUDOR-VIDA-01
94ee5fdd-3f52-4a84-9166-8722beb693b3,3492225716,64,Cali,CC,2.5_3,propia,true,1,union_libre,false,false,false,true,gato,ninguno,HOGAR-01
418b21bd-db4f-4bf0-80fa-dc5f74321c71,,19,Cali,CC,4_6,propia,true,1,viudo,false,false,false,true,otro,ninguno,BICI-01
15685120-b137-4754-be62-f10740116b18,3825431832,63,Bogotá,CC,1_1.5,propia,true,2,casado,false,false,false,false,,moto,DEUDOR-VIDA-01
afc3681c-d291-44ed-92f5-db21f6a96b7a,,35,Medellín,CC,2.5_3,propia,false,0,casado,true,false,false,true,perro,bici,SALUD-01
28c07cd4-ed1e-464b-9b4c-872112f0f258,luis.gonzalez83@gmail.com,36,Soacha,CC,1_1.5,propia,false,0,soltero,false,false,false,false,,carro,ASMULT-01
63f0f6c5-76d5-4930-8e30-e844e09beb0e,3198780927,18,Medellín,CC,10_20,arrendada,true,2,casado,false,false,false,true,otro,bici,HOGAR-01
2a9fef66-19b6-4b6d-81d3-d442a0646ca0,3959476111,21,Bogotá,CC,10_20,familiar,true,4,divorciado,false,false,false,true,perro,ninguno,HOGAR-01
77113ab6-b71c-4b54-829d-0a63cc77a47a,santiago.torres18@outlook.com,49,Bogotá,CC,2_2.5,propia,true,2,divorciado,false,false,false,true,perro,ninguno,ASMULT-01
ce708422-4fe2-4633-a47d-2cd703f82bd6,santiago.jimenez45@yahoo.com,32,Bogotá,CE,2_2.5,familiar,false,0,union_libre,false,false,false,false,,carro,BICI-01
040e4a92-ec16-4d81-83df-d3eceea11e44,daniela.florez53@outlook.com,27,Bucaramanga,CE,10_20,familiar,false,0,casado,false,false,false,true,gato,ninguno,BICI-01
a251ff09-a535-4535-afb5-771ad8817c55,3361968931,33,Barranquilla,CC,menor_smlv,propia,false,0,casado,false,true,false,true,perro,moto,APEXEQ-PAL-01
2d6f8e2f-f3eb-49f7-b748-3a7175a1b371,,39,Medellín,CC,4_6,familiar,true,4,viudo,false,false,false,true,perro,moto,VIDAAH-01
a3df5f2b-85f7-4e55-bef7-fbfdb31479ca,laura.rojas31@hotmail.com,31,Medellín,CC,8_10,propia,false,0,viudo,false,false,false,true,perro,moto,HOGAR-01
ba12ed38-a12e-4c54-9d05-1aaabda3ca25,,58,Bogotá,CC,3_4,arrendada,false,0,soltero,false,false,false,true,gato,carro,BICI-01
5ce0ea1d-5f06-4db7-b434-65a7344755f7,juan.martinez70@outlook.com,59,Bogotá,CC,1.5_2,arrendada,false,0,soltero,true,false,false,false,,ninguno,VIDAAH-01
c1b98ad4-784e-424e-b6b5-90d955d4efb5,3021166732,57,Funza,CC,menor_smlv,arrendada,false,0,union_libre,false,false,false,true,otro,bici,PET-ASIS-01
fdbe4fab-688c-4e03-93e2-45a6509b591f,diana.gomez43@outlook.com,60,Medellín,CC,1.5_2,propia,false,0,casado,false,false,false,true,perro,carro,DEUDOR-VIDA-01
8412a136-3a38-439a-8e17-08caee246097,3275006921,39,Medellín,CC,2_2.5,familiar,true,1,soltero,false,false,false,true,perro,ninguno,PET-SEG-01
9f4cafd6-f456-4996-9e98-ea406af7f78d,3409965678,54,Barranquilla,CC,3_4,familiar,true,4,union_libre,false,false,false,true,perro,carro,PET-SEG-01
b7b1fc82-0dcc-42b5-9160-16c4f803ad99,,67,Cali,CC,6_8,propia,false,0,casado,false,false,true,true,otro,ninguno,HOGAR-01
1c496b6f-c7b7-4ac5-a690-2fa5c73d654d,3488725639,64,Bogotá,CC,2.5_3,propia,false,0,divorciado,true,false,false,true,perro,moto,SALUD-01
fca8043d-d6b3-4ab4-848b-581f038dc92e,3965273983,22,Medellín,CC,mayor_30,propia,true,2,union_libre,false,false,false,true,perro,ninguno,DEUDOR-VIDA-01
ef516fd4-514c-47cd-ae7b-f893c50debc2,ana.ortiz23@outlook.com,57,Mosquera,CC,1_1.5,propia,true,4,union_libre,false,false,false,false,,carro,MOTO-01
dc9a2d80-d798-4501-a9be-c2a76b4a577d,,42,Bogotá,CC,3_4,arrendada,false,0,casado,false,false,false,false,,moto,ARRENDA-01
56191734-b978-4fb3-b842-349c8ce7f559,3121435939,32,Bogotá,CE,10_20,arrendada,false,0,casado,false,false,false,true,gato,ninguno,VIDA-01
49a65810-08d1-4526-8ba8-866ddd1f9fef,3453478277,60,Bogotá,CC,3_4,arrendada,false,0,casado,false,false,false,true,perro,ninguno,DEUDOR-VIDA-01
b3e8387a-b961-4766-9c23-fa781ab0cdde,3392831995,26,Barranquilla,CC,8_10,familiar,false,0,soltero,false,true,false,true,otro,carro,HOGAR-01
10f63019-ef4a-4fd6-9b99-444b81ca63f0,luis.ramirez58@outlook.com,21,Bogotá,CC,1.5_2,propia,true,3,union_libre,false,false,false,true,perro,carro,DEUDOR-VIDA-01
ba981b6a-b5f3-4bf1-9816-c7c8dec16b65,3014618702,57,Medellín,CC,mayor_30,propia,false,0,viudo,true,false,false,true,perro,moto,EXEQ-01
fce7f0e4-bc98-4828-b10f-6610d84770ab,3254496550,28,Medellín,CC,8_10,arrendada,true,2,soltero,false,false,false,false,,bici,HOGAR-01
3ac41f8f-bba4-44d1-a57c-e8f192059da3,diego.lopez67@outlook.com,32,Bucaramanga,CC,1_1.5,propia,true,3,divorciado,true,false,false,false,,carro,APEXEQ-PAL-01
386ff43f-7a7e-443f-9a7f-c128fe8d3b01,3553691585,38,Bogotá,CC,6_8,arrendada,true,1,divorciado,true,false,false,false,,carro,SALUD-01
3024a5c6-b420-46ed-88d7-54ea1b2ae2b4,3706198780,59,Bogotá,CC,1_1.5,familiar,false,0,divorciado,false,false,false,false,,ninguno,PET-PREP-01
9b31aa6a-832f-4df9-9927-0ad34f95a77d,carolina.ramirez24@outlook.com,31,Medellín,CC,1.5_2,propia,false,0,viudo,true,false,false,true,perro,ninguno,SALUD-01
f84fa12a-a1b8-4d19-af23-c227276ba233,paula.lopez14@hotmail.com,58,Bogotá,CC,20_30,arrendada,false,0,union_libre,false,false,false,false,,moto,BICI-01
48dea76b-8009-47e3-a2af-50b057e1f64b,,64,Soacha,CC,3_4,familiar,true,4,viudo,true,false,false,false,,ninguno,ARRENDA-01
71e8a1b7-0a65-43fa-987d-f697ddaeb816,felipe.ortiz83@gmail.com,71,Soacha,CC,2_2.5,propia,false,0,casado,false,false,false,true,perro,ninguno,MOTO-01
536ef181-70f3-4fe9-8357-cd3bef99660a,3927812079,58,Bucaramanga,CC,6_8,propia,false,0,union_libre,false,false,false,true,perro,ninguno,HOGAR-01
bb7361d5-624b-4cff-868c-4bffcd817c85,3467720517,24,Barranquilla,CC,1.5_2,arrendada,false,0,casado,true,false,false,false,,carro,ARRENDA-01
313fc281-da2a-430c-8c60-ccb8997e217e,3209679042,75,Manizales,CC,20_30,arrendada,false,0,soltero,false,false,false,true,perro,carro,EXEQ-01
b7e5d455-c04f-43bc-9192-88120868ddb2,3072662925,19,Bogotá,CC,8_10,propia,true,4,divorciado,false,false,false,true,perro,ninguno,PET-ASIS-01
5cba6427-8f63-4f5a-a8b2-ed5ebebef82d,carolina.suarez34@outlook.com,51,Soacha,CC,3_4,familiar,true,2,divorciado,false,false,false,false,,bici,MOTO-01
973a77a6-85ef-4c04-bd76-159c6eb4c79a,3370632300,58,Bucaramanga,CC,1_1.5,arrendada,true,1,viudo,false,false,false,true,perro,carro,HOGAR-01
45c52a32-62ce-4647-804d-b41dcce6a540,,56,Soacha,CC,1.5_2,propia,false,0,casado,true,false,false,true,gato,bici,ASMULT-01
a11f24ad-65fd-44b3-98d6-3ae180e45e5b,3354563679,50,Bogotá,CC,3_4,familiar,true,2,divorciado,false,false,false,true,perro,ninguno,ASMULT-01
9be9f64f-94f6-40ac-a97f-8008bc65291e,3108296829,26,Bucaramanga,CC,2.5_3,familiar,true,3,viudo,true,false,false,true,perro,moto,VIDAAH-01
303b8986-f8ee-4374-beff-b5618185b552,3540574487,73,Bogotá,CC,menor_smlv,propia,true,1,divorciado,true,false,false,true,perro,ninguno,PET-SEG-01
c711c8ba-fcdc-480a-b81f-8dfa946ddbad,3932133480,73,Bogotá,CC,2_2.5,familiar,true,4,union_libre,false,false,false,false,,carro,EXEQ-01
19bad2ad-f1e1-4398-8082-4c32634f97b0,,41,Bogotá,CE,3_4,arrendada,true,1,casado,false,false,false,false,,moto,DEUDOR-VIDA-01
b478db3c-9063-4e2c-8d8b-c42bb400ec67,,47,Zipaquirá,CC,2_2.5,familiar,true,4,union_libre,false,false,false,false,,carro,ARRENDA-01
4e97a404-5ace-4691-ae69-d865c91ac213,,24,Zipaquirá,CC,1_1.5,familiar,true,3,soltero,true,false,false,false,,carro,MOTO-01
2cd39af9-2a8c-4f13-a47f-71425008b0e7,3150939834,30,Cali,CC,menor_smlv,propia,true,4,soltero,false,false,false,true,perro,ninguno,PET-ASIS-01
d1dd869d-7a5c-4489-a7c5-0eacecea4608,camila.rodriguez55@yahoo.com,43,Bogotá,CC,1_1.5,familiar,false,0,soltero,false,false,false,false,,carro,DEUDOR-VIDA-01
f9a91e08-fb44-48af-904b-fa3b6a39a1c1,,74,Bogotá,CC,1_1.5,arrendada,true,2,viudo,false,false,true,true,perro,ninguno,VIDA-01
79f4cdf4-d942-4f52-ab80-ad49db790679,paula.torres19@hotmail.com,48,Medellín,CC,4_6,familiar,false,0,union_libre,false,false,false,true,perro,moto,DEUDOR-VIDA-01
ae1a8789-ab13-4be9-83a0-61df5107ba7b,3139594592,63,Barranquilla,CC,2_2.5,propia,false,0,viudo,false,false,false,true,perro,moto,DEUDOR-VIDA-01
97cc6c0a-c210-4a5e-a5f1-e6e1714cf708,natalia.gonzalez72@gmail.com,26,Soacha,CC,2_2.5,propia,false,0,casado,true,false,false,true,perro,moto,DEUDOR-VIDA-01
2f218315-228c-4edb-b098-8f2417932dad,3079047552,30,Funza,CC,menor_smlv,propia,true,2,union_libre,false,true,false,true,perro,ninguno,VIDA-01
d143d324-8f65-4bd5-b22b-7d00f1aa81f9,3226189628,53,Soacha,CC,menor_smlv,arrendada,true,3,casado,false,false,false,true,otro,carro,MOTO-01
95a13171-d4fa-40b3-89e5-e9f4417179c5,3605033746,55,Zipaquirá,CE,8_10,propia,true,2,soltero,true,false,false,false,,ninguno,ASMED-01
aab63e1b-5d8f-4863-a19b-106848518b6c,sebastian.jimenez74@outlook.com,48,Barranquilla,CC,menor_smlv,familiar,false,0,viudo,false,false,false,true,gato,carro,APEXEQ-PAL-01
fe587763-2a38-4daa-a14f-50bf0865637f,3033714213,69,Funza,CC,6_8,arrendada,false,0,divorciado,false,false,false,true,perro,bici,PET-SEG-01
11c96909-1632-464e-964d-9d9d10a30970,carlos.martinez22@gmail.com,63,Bogotá,CC,mayor_30,propia,true,1,soltero,false,false,false,false,,moto,HOGAR-01
0b23f6ec-395a-4518-8d71-544962faf46a,3594463428,60,Bogotá,CC,3_4,propia,false,0,union_libre,false,false,false,true,perro,moto,APEXEQ-PAL-01
c55cbfcb-7e18-4345-b4ef-7004019c1bb6,3241985778,48,Cali,CC,2_2.5,arrendada,true,1,casado,false,false,false,true,gato,moto,BICI-01
de9566e3-bd3a-4104-9cb5-abf5861288cb,3393132155,22,Medellín,CC,2.5_3,propia,true,3,union_libre,false,false,false,false,,carro,ARRENDA-01
a226b48a-ca8b-4857-9dcd-5ea3f06271cc,david.torres70@gmail.com,66,Funza,CC,2.5_3,propia,false,0,viudo,false,true,false,false,,moto,ARRENDA-01
ab41046c-c338-48c0-afae-4e4380b03f68,3696569325,68,Bogotá,CC,10_20,arrendada,false,0,casado,false,false,false,true,gato,moto,EXEQ-01
886be658-90df-4f3a-af66-f9b6a48e9147,3824199626,37,Bogotá,CC,6_8,propia,false,0,casado,false,false,false,false,,carro,VIDAAH-01
efc11dd4-01da-462f-88af-977a75f6ae08,3585081432,71,Soacha,CC,3_4,familiar,true,4,divorciado,false,false,false,true,otro,ninguno,MOTO-01
656bdba8-c850-4b76-b409-c639c7cab7d4,3248889957,28,Bogotá,CC,1.5_2,familiar,true,2,divorciado,false,false,false,true,perro,ninguno,ASMULT-01
b66d2832-b9de-4718-b747-ebf938ffa946,3321711467,38,Bogotá,CC,2_2.5,propia,true,1,union_libre,false,false,false,true,perro,bici,PET-SEG-01
01dc8b89-de47-427b-8e27-4769511d3d98,,75,Bogotá,CC,20_30,familiar,false,0,union_libre,false,false,false,true,perro,carro,PET-SEG-01
3072c728-3347-467a-9f30-cc14dfe96be6,sofia.torres71@yahoo.com,71,Soacha,CC,10_20,arrendada,false,0,union_libre,true,false,false,true,perro,ninguno,HOGAR-01
2df21346-21e4-421f-b63b-aca5f5be0137,3748189301,43,Bogotá,CC,2_2.5,familiar,false,0,divorciado,false,false,false,true,gato,moto,BICI-01
8a922385-36e5-44d8-9b47-bd1f64a006fd,3515071081,44,Bogotá,CC,3_4,propia,false,0,union_libre,false,false,false,true,perro,ninguno,DEUDOR-VIDA-01
0509a10c-17aa-4348-991a-8e1cf2b6ae74,3909546887,65,Medellín,CC,2_2.5,familiar,true,1,union_libre,true,false,false,true,perro,ninguno,SALUD-01
d4cecff7-eeb6-4454-8f7c-77d096f39ca8,sofia.moreno13@outlook.com,29,Mosquera,CC,1_1.5,propia,true,3,viudo,true,false,false,true,gato,carro,ARRENDA-01
6194a574-1dbb-4289-ab2d-7bc31214d153,3628346334,61,Bogotá,CC,4_6,familiar,false,0,viudo,true,false,false,true,perro,bici,HOGAR-01
0dd5f3f8-4020-4e6f-92d3-cd6c2e41db6e,3964402825,33,Medellín,CC,1_1.5,arrendada,false,0,divorciado,false,false,false,false,,ninguno,ASMULT-01
dece191a-a68b-415d-a58d-4ddd4f726274,3574119353,54,Bogotá,CC,2_2.5,familiar,false,0,soltero,true,false,false,true,perro,ninguno,ARRENDA-01
bfc73d3b-20c3-4dcb-a692-fa94bb66f633,3139154804,54,Barranquilla,CC,6_8,familiar,true,2,divorciado,false,false,false,true,perro,ninguno,VIDAAH-01
2b0d90be-108b-43ea-91ac-2e333405efe6,3354064282,32,Mosquera,CC,2.5_3,familiar,false,0,viudo,false,false,false,true,otro,ninguno,ARRENDA-01
680ac16b-9ef1-45f8-9a55-002910dbd4cb,,39,Barranquilla,CC,8_10,arrendada,true,1,union_libre,true,false,false,true,gato,carro,PET-SEG-01
31c0ece0-b5df-41c4-98ca-4af54ca0f062,3138651767,61,Bucaramanga,CC,20_30,familiar,false,0,casado,false,false,false,true,gato,moto,HOGAR-01
91fa89ef-eba0-4f43-898d-fb57d279f5c1,3394564523,37,Bogotá,CC,menor_smlv,familiar,false,0,divorciado,false,false,false,true,otro,moto,ARRENDA-01
12421336-cbc8-4c92-aac0-b89ff608295f,3383805826,33,Bogotá,CC,10_20,propia,false,0,viudo,false,false,false,true,perro,ninguno,BICI-01
ed7e3521-e1fb-4538-a6c7-367d2aa923b3,3925139002,55,Bogotá,CC,3_4,arrendada,false,0,soltero,true,false,false,true,perro,carro,ASMULT-01
c23ffad4-04ee-46ba-b234-9eec8f81bf71,paula.moreno22@gmail.com,35,Cali,CC,2_2.5,familiar,true,2,casado,false,false,false,true,gato,ninguno,ARRENDA-01
92b25bf5-507b-4e24-a5be-9d1e32b8f03e,3147118563,64,Barranquilla,CC,menor_smlv,arrendada,true,1,divorciado,false,false,false,true,perro,ninguno,ARRENDA-01
2161a3ab-ad4f-4e14-9086-5dc1263f5abf,jorge.gonzalez93@gmail.com,64,Zipaquirá,CC,1_1.5,propia,false,0,casado,true,false,false,false,,bici,APEXEQ-PAL-01
913b6808-7edd-4c51-a18c-ec8f426db0d5,sebastian.castro46@yahoo.com,45,Bogotá,CC,menor_smlv,arrendada,true,4,divorciado,true,false,false,true,perro,carro,ARRENDA-01
4dd859bb-94b6-469f-bb72-666ff5f59842,3510819484,63,Barranquilla,PA,1.5_2,propia,true,4,casado,true,false,false,false,,carro,ASMED-01
ee1ce96d-22b1-4a0f-affe-88088ef719b1,valentina.suarez66@gmail.com,49,Bucaramanga,CC,1_1.5,arrendada,false,0,casado,false,false,false,true,perro,ninguno,ARRENDA-01
89b79b0e-d58a-484f-a055-ff12b45f9430,juan.moreno20@hotmail.com,57,Barranquilla,CC,1_1.5,arrendada,true,4,soltero,false,false,false,false,,carro,APEXEQ-PAL-01
0d656587-dfa2-4f58-965b-f18de35b3de0,3246095396,20,Bogotá,CC,20_30,familiar,false,0,soltero,false,false,false,true,perro,carro,BICI-01
66231b8e-ac34-435b-8f7e-7e91b142d95f,juan.ortiz1@hotmail.com,42,Medellín,CC,2_2.5,arrendada,false,0,soltero,false,false,false,true,perro,bici,DEUDOR-VIDA-01
14f49ef5-5221-4c25-aadf-f114fb1f9c69,3740739729,58,Bogotá,CC,4_6,propia,false,0,divorciado,false,false,false,true,perro,carro,PET-SEG-01
dbe20e40-1022-4c40-b99a-d182b8c4bd2a,diego.perez60@yahoo.com,68,Bogotá,CC,6_8,propia,true,4,soltero,false,false,false,true,perro,carro,EXEQ-01
89b9500e-8cdd-4099-a92c-6abb752045cd,paula.garcia87@outlook.com,64,Bogotá,CC,4_6,familiar,false,0,casado,false,false,false,false,,ninguno,VIDA-01
d7d9f719-0a62-4661-bc2b-94b60b392cda,3102977115,19,Bogotá,CC,4_6,propia,true,1,divorciado,false,false,false,false,,ninguno,HOGAR-01
a8e165fd-ada1-4d1b-947d-dfeaf8682004,andres.lopez22@gmail.com,36,Cali,CC,20_30,propia,false,0,viudo,false,false,false,true,perro,carro,PET-SEG-01
6c8f3f74-506a-4ceb-87d9-96655fdd4a48,juan.gonzalez11@hotmail.com,39,Bogotá,CC,20_30,arrendada,true,3,casado,true,false,false,true,perro,moto,SALUD-01
4d6949be-15fa-4f73-ab0e-f8d5dd245b11,3725812259,20,Bogotá,CC,2.5_3,familiar,false,0,union_libre,false,false,false,false,,ninguno,ASMULT-01
d24ecc49-0240-4da8-b56f-6175c4a12888,3461433700,68,Barranquilla,CC,1.5_2,familiar,false,0,viudo,true,false,false,true,perro,moto,ASMULT-01
3c6c8ff3-7a84-4edb-ae21-51eaa994dc8b,3754507568,60,Medellín,CC,4_6,familiar,true,1,union_libre,false,false,false,false,,carro,VIDAAH-01
44527035-d0d0-4351-9f9f-d1ed0c81552f,3031805339,43,Bogotá,CC,20_30,arrendada,true,3,divorciado,false,false,false,true,perro,carro,HOGAR-01
a6a64822-7fc4-432f-9673-1c8a94f4e3ca,paula.castro30@hotmail.com,69,Manizales,CC,8_10,arrendada,false,0,soltero,false,false,false,true,perro,ninguno,PET-ASIS-01
f881cd65-fc0e-4e9e-8215-db63a3a3a1e9,3635367355,26,Bogotá,CC,8_10,familiar,false,0,divorciado,true,false,false,false,,moto,BICI-01
2c68ea93-9f0d-49f9-b981-1267836ec42b,3124987641,38,Bogotá,CC,3_4,arrendada,true,2,soltero,false,false,false,false,,carro,PET-SEG-01
0d079019-ab3f-41fc-b4d1-2df23f816696,santiago.rojas52@hotmail.com,20,Funza,CC,1.5_2,propia,true,4,union_libre,false,true,false,false,,moto,ASMULT-01
b4a46f00-6e70-4395-9c77-724e47ad1dc3,paula.rodriguez84@hotmail.com,57,Soacha,CE,2_2.5,propia,false,0,divorciado,false,false,false,true,gato,moto,MOTO-01
160e5c07-61f5-4867-b19e-44f226eb4a03,3189485432,69,Bogotá,CE,1.5_2,familiar,true,4,divorciado,false,false,false,false,,moto,ARRENDA-01
60e6e0b5-4ea8-4fdf-a3af-59218cb38c1c,diego.moreno36@gmail.com,50,Mosquera,CC,4_6,familiar,true,3,soltero,true,false,false,true,gato,ninguno,VIDAAH-01
4f70eddf-cbca-4b14-bbd1-f1f97d3ed4fd,santiago.gonzalez69@gmail.com,54,Zipaquirá,CC,1_1.5,propia,true,1,divorciado,false,false,false,true,gato,ninguno,APEXEQ-PAL-01
cf0ca588-b013-43ea-8f1a-de43ee139342,3413135183,18,Bogotá,CC,20_30,arrendada,true,3,casado,false,false,false,false,,moto,HOGAR-01
493d8ce4-0da3-4547-83f1-9f40c0c44b65,,57,Bogotá,CC,menor_smlv,arrendada,true,2,divorciado,false,false,false,true,otro,ninguno,EXEQ-01
68ae1b28-3f35-440b-925b-b3d6ca026185,daniela.jimenez43@outlook.com,18,Barranquilla,CC,1_1.5,familiar,true,3,union_libre,false,false,false,true,perro,ninguno,APEXEQ-PAL-01
cef29542-6f66-4fc9-af09-d0f6092b0e6e,carlos.martinez75@hotmail.com,19,Bogotá,CC,menor_smlv,propia,true,1,soltero,false,false,false,true,gato,carro,VIDAAH-01
5c66fcb6-c429-4642-b9be-c4f50d703f8d,3542493214,57,Funza,CC,3_4,familiar,false,0,divorciado,true,true,false,true,perro,ninguno,SALUD-01
c8b8c6ce-efb7-491c-a084-b02dd2ecd894,3536889089,45,Medellín,CE,2.5_3,propia,true,3,casado,false,false,false,false,,carro,BICI-01
d748620e-43d3-422b-bfb7-8c214ce3ee0e,juan.moreno63@hotmail.com,57,Bucaramanga,CC,8_10,arrendada,true,2,divorciado,false,false,false,true,perro,ninguno,HOGAR-01
17f9db63-e166-4d88-a144-ee349820e0da,3014971103,69,Medellín,CC,2_2.5,arrendada,false,0,divorciado,true,false,false,false,,carro,ARRENDA-01
ebe25d8f-48d2-4f26-8d30-6039e737fe61,3801771086,56,Bogotá,CC,4_6,arrendada,true,3,soltero,false,false,false,false,,ninguno,VIDA-01
b1f1e87f-11bc-4092-99da-ad3f583b2da8,3507695559,62,Cali,CC,menor_smlv,arrendada,true,3,viudo,false,false,false,true,perro,bici,APEXEQ-PAL-01
2ea65492-c848-4fb7-8ca0-8577fa29cd46,valentina.rojas3@hotmail.com,28,Bogotá,CC,6_8,propia,false,0,viudo,false,false,false,false,,moto,HOGAR-01
53924b95-53fd-445c-84af-e41dc6f0fac3,3340163611,29,Medellín,CC,8_10,familiar,true,3,viudo,false,false,false,true,perro,carro,PET-PREP-01
a1721485-955e-4fbd-bf86-4485c0cb816e,,63,Zipaquirá,CC,8_10,familiar,false,0,divorciado,false,false,false,true,perro,carro,PET-SEG-01
217f3c67-cf35-4661-83ea-456fab0e2fab,3490910091,56,Bogotá,CC,4_6,arrendada,false,0,viudo,false,false,false,true,perro,bici,EXEQ-01
f339e1f9-2f4e-4495-aeef-359f41617e17,3638762157,63,Bogotá,CC,menor_smlv,arrendada,true,1,union_libre,false,false,false,true,gato,ninguno,ARRENDA-01
a3917423-76b4-4eec-947d-5fba0a6036f2,3986514364,45,Medellín,CC,1.5_2,familiar,false,0,divorciado,false,false,false,true,otro,bici,HOGAR-01
b4f9344d-fa65-44b0-a2ec-b7ddf50e7f9b,,22,Bogotá,CE,mayor_30,propia,false,0,divorciado,true,false,false,false,,ninguno,BICI-01
c35e4116-4947-4e49-a80b-e02698f2d1aa,3569044846,49,Bogotá,CC,1_1.5,propia,false,0,casado,true,false,false,true,perro,moto,APEXEQ-PAL-01
59db3fea-bbae-4e65-8dee-d1593f4f0c59,,50,Zipaquirá,CE,menor_smlv,arrendada,false,0,union_libre,true,false,true,true,perro,carro,VIDA-01
74d05fc4-6636-42b1-9d63-2684ebc15690,3629870252,24,Medellín,CC,4_6,familiar,true,1,union_libre,false,false,false,true,perro,carro,HOGAR-01
1205112f-1bdd-49ee-94bb-7a5040dedb1d,3179395384,30,Zipaquirá,CC,menor_smlv,arrendada,true,1,viudo,false,false,false,false,,moto,VIDA-01
97ab9202-5919-4e43-a724-2b525245c649,diego.garcia79@outlook.com,49,Medellín,CC,1_1.5,propia,false,0,soltero,false,false,false,true,gato,carro,APEXEQ-PAL-01
c1c89885-8b52-4f21-a559-292422bec91b,3261197892,71,Manizales,CC,3_4,familiar,true,3,divorciado,false,false,false,true,gato,carro,ASMULT-01
7ac0cf16-5cec-4852-85c3-95e78c0da9b9,,28,Cali,PA,10_20,arrendada,false,0,viudo,false,false,false,true,perro,moto,BICI-01
82c4603f-a8ed-4c6c-a4cf-e00d16c7139e,3086283557,24,Bogotá,CC,2.5_3,propia,false,0,divorciado,true,false,false,true,perro,carro,DEUDOR-VIDA-01
ac240c18-dfa1-4f36-9938-9f23c3d421e5,diego.ramirez90@gmail.com,54,Bogotá,CC,6_8,propia,false,0,casado,true,false,false,false,,ninguno,ASMED-01
5febff77-effc-4113-9a08-5222c0e5dbc0,3804420678,65,Bucaramanga,CC,8_10,propia,true,1,divorciado,true,false,false,true,perro,bici,SALUD-01
59a92abc-80eb-4eaf-89aa-25a8d40c79c4,,74,Bogotá,CC,3_4,familiar,false,0,casado,false,false,false,false,,ninguno,ASMULT-01
90a925e3-4218-4847-9644-8276e24e1432,3824347769,40,Soacha,CC,2_2.5,arrendada,false,0,union_libre,true,false,false,true,perro,ninguno,ASMULT-01
ca1d2e18-e77d-40d8-81bf-12fe2afbe2f1,3932008587,38,Barranquilla,CC,1.5_2,propia,false,0,viudo,true,false,false,true,perro,bici,BICI-01
fa58c145-bc3f-4012-a5a7-4f9e7503e876,carlos.gonzalez83@yahoo.com,20,Bogotá,CE,1_1.5,arrendada,true,3,casado,true,false,false,true,gato,ninguno,BICI-01
b10638ab-bc14-4a33-be1a-3e2c3444332f,3948670769,52,Soacha,CC,4_6,arrendada,true,3,union_libre,false,false,false,true,perro,ninguno,HOGAR-01
4d74027d-87f9-4393-a492-30652cf13e1b,sofia.torres54@yahoo.com,53,Funza,CC,1.5_2,familiar,true,3,viudo,false,false,false,true,gato,moto,VIDA-01
aacc4f7b-ae00-4048-9245-9c5041cf99f1,3233440258,59,Bogotá,CC,8_10,arrendada,false,0,union_libre,false,true,false,true,perro,moto,VIDA-01
1b5c3150-c0e8-49d1-9701-8e129806cdad,sebastian.gonzalez36@yahoo.com,43,Cali,CC,4_6,propia,true,3,union_libre,false,false,false,true,perro,carro,DEUDOR-VIDA-01
4525d3ad-7f3c-4524-8dde-4f16aa2d5617,daniela.lopez62@hotmail.com,48,Bogotá,CC,6_8,familiar,true,4,casado,true,false,false,true,perro,carro,VIDAAH-01
c08fff65-bcee-4507-87e6-f02ad301d469,sebastian.rojas26@hotmail.com,72,Mosquera,CC,mayor_30,familiar,true,2,soltero,false,false,false,true,perro,carro,EXEQ-01
ba1d23b6-bc9c-4755-8812-da5f7aa80d61,andres.martinez67@outlook.com,73,Medellín,CC,10_20,familiar,false,0,casado,false,false,false,false,,moto,DEUDOR-VIDA-01
122380ea-3a97-4dff-9f3d-b499e81b89fe,,75,Bogotá,CE,menor_smlv,propia,true,4,viudo,false,false,false,false,,carro,PET-SEG-01
649ce2be-45ee-4127-98ae-9eff9133f3d0,3527625593,49,Bogotá,CC,10_20,familiar,false,0,union_libre,true,false,false,true,perro,ninguno,HOGAR-01
5585b771-6a7b-4de8-a07c-2c2bbff85098,3404210014,30,Bogotá,CC,10_20,familiar,true,4,soltero,true,false,false,false,,ninguno,BICI-01
8f27c375-fd4d-4763-ac41-58cb0feefa2f,3710029596,60,Cali,CC,3_4,propia,false,0,viudo,false,false,false,true,gato,moto,EXEQ-01
a1f2a6c1-7465-47f6-9b9f-2c68ade8e21b,3513420457,51,Bogotá,CC,1_1.5,propia,false,0,soltero,false,false,false,true,perro,ninguno,APEXEQ-PAL-01
c8ab3672-12fc-4595-8650-190ab3e36ef9,3126917649,53,Mosquera,CC,20_30,arrendada,false,0,divorciado,false,false,false,true,otro,ninguno,HOGAR-01
9c9f9ed3-8e11-4879-a1b6-9afe060f9615,santiago.rojas23@yahoo.com,61,Medellín,CC,4_6,propia,false,0,divorciado,true,false,false,true,otro,moto,ASMED-01
6a39d551-39be-46a9-832e-d4099af51026,,75,Medellín,CC,mayor_30,familiar,true,2,casado,true,false,false,false,,ninguno,SALUD-01
e24a3aeb-c884-4b0f-9d22-5e9f1c7fb53f,luis.moreno85@yahoo.com,55,Medellín,CC,4_6,familiar,false,0,divorciado,false,false,false,true,perro,carro,VIDA-01
febd6603-3f9a-4d5d-9b2c-f0fc27e4c63d,diego.martinez34@hotmail.com,31,Funza,CC,1_1.5,arrendada,false,0,soltero,false,false,false,true,gato,ninguno,MOTO-01
913b3b38-3fec-41fb-9f37-089c0f5e8475,3101094597,40,Funza,CC,20_30,propia,false,0,casado,true,false,false,false,,ninguno,ASMULT-01
94971e02-f294-43b3-90eb-439280d55d2d,3116992135,33,Medellín,CC,1_1.5,familiar,false,0,divorciado,false,false,false,true,perro,carro,DEUDOR-VIDA-01
4828024b-0441-4fd9-8e85-7bf9ec71f5fe,juan.florez50@hotmail.com,43,Soacha,CC,1_1.5,arrendada,false,0,viudo,false,false,false,true,gato,ninguno,ARRENDA-01
02291ce9-3f80-4e89-ae73-fb3ee4ff510a,3502814353,74,Soacha,CC,1.5_2,propia,false,0,divorciado,false,false,false,true,gato,moto,DEUDOR-VIDA-01
a3d96d9e-a726-421e-9af4-460f321a4974,3827906545,46,Bogotá,CC,2_2.5,arrendada,true,3,union_libre,true,false,false,false,,carro,EXEQ-01
b490b85b-3b07-4485-8ff7-f6368cb550ee,andres.perez20@hotmail.com,60,Manizales,CC,6_8,arrendada,true,4,soltero,false,false,false,false,,bici,HOGAR-01
4b2084ea-a806-419a-8df6-bb9b45302366,3012221988,37,Bogotá,PA,8_10,propia,false,0,casado,true,false,false,true,otro,carro,PET-SEG-01
9930dd73-7cbd-431b-8a2e-0a892dec7808,3573783159,58,Bogotá,CC,3_4,arrendada,true,2,viudo,false,false,false,true,perro,carro,EXEQ-01
90d89fe3-5a1a-430f-bcc6-496c3859ec7d,3612734857,69,Medellín,CC,10_20,familiar,false,0,union_libre,false,false,false,true,perro,carro,BICI-01
e8a5b9bc-6fc2-48c5-9a7b-cd7896fb480d,3279354445,68,Medellín,CC,8_10,familiar,false,0,viudo,true,false,false,true,perro,ninguno,VIDA-01
94534122-ecc1-449d-97cc-ba9d42085f30,3558922355,74,Bogotá,CC,1_1.5,familiar,false,0,viudo,false,false,false,false,,moto,ARRENDA-01
3da2431c-3f4c-4c93-a2bd-556f1d13e0bb,3088669320,49,Medellín,CC,2_2.5,propia,true,2,union_libre,false,false,false,false,,ninguno,ARRENDA-01
06f23935-a663-403b-be50-056c1a0993a3,3457195549,66,Medellín,CC,4_6,familiar,true,3,divorciado,true,false,false,true,perro,ninguno,HOGAR-01
c129c7e2-42de-4f41-a561-98364719a391,3184581630,70,Bogotá,CC,1_1.5,propia,false,0,viudo,false,false,false,false,,ninguno,EXEQ-01
eae0b76b-ae77-4631-9b1f-93d4fb6e28c6,,29,Bucaramanga,CC,1.5_2,familiar,false,0,divorciado,false,false,false,true,perro,carro,BICI-01
119cc6af-9437-42b2-b7ce-febea1b5f0aa,3305644685,33,Bucaramanga,CC,20_30,propia,false,0,union_libre,false,false,false,true,perro,carro,PET-PREP-01
08175766-c15c-488e-911e-380677da57f3,3066958049,35,Medellín,CC,menor_smlv,arrendada,true,4,union_libre,false,false,false,true,perro,moto,BICI-01
36be7a57-2995-4917-abd0-ee959e8b4de4,3872540774,52,Manizales,CC,8_10,familiar,true,1,divorciado,false,false,true,true,perro,moto,VIDA-01
dac3340c-1386-4a4e-ad5f-0e536a01d814,diego.moreno1@gmail.com,24,Bogotá,CC,1_1.5,familiar,true,1,casado,false,false,false,true,perro,carro,APEXEQ-PAL-01
d198e723-457d-41fd-8ea5-dcfe5b8ee57c,valentina.martinez45@yahoo.com,55,Bogotá,CC,2.5_3,familiar,true,4,casado,false,false,false,true,gato,carro,DEUDOR-VIDA-01
0def4dd1-e5e5-4756-8b2c-0227c8c2cff5,3614109661,61,Soacha,CC,2.5_3,familiar,false,0,casado,false,false,false,true,gato,ninguno,MOTO-01
4ebce219-3ad3-481c-ab32-7fbcbc51a649,3144665849,21,Barranquilla,CC,8_10,familiar,false,0,viudo,false,false,false,false,,moto,DEUDOR-VIDA-01
16e91370-dca0-4f8e-8ef2-479f775b9bc7,3560229351,21,Bogotá,CC,20_30,arrendada,true,3,viudo,false,false,false,true,perro,ninguno,BICI-01
d1ac9525-5808-4bdd-a45b-890a8e58319b,3164598243,67,Bogotá,CC,8_10,propia,true,3,divorciado,true,false,false,true,perro,ninguno,EXEQ-01
d95f5859-8e56-4826-a2e3-41ce6e17fb7c,3112928810,35,Funza,CE,2.5_3,propia,false,0,viudo,false,false,false,false,,ninguno,MOTO-01
fda7f104-990d-4540-bbb2-e5b7d56d2fa7,3264395678,35,Zipaquirá,CC,2.5_3,familiar,false,0,divorciado,true,false,false,true,otro,bici,ASMED-01
2c787233-c839-41ca-9369-69a12a2508ee,juan.castro38@yahoo.com,18,Cali,CC,6_8,familiar,true,3,union_libre,false,false,false,true,gato,carro,HOGAR-01
b3059e6c-99cd-45fa-ae75-45bd76d483d6,,40,Bucaramanga,CC,menor_smlv,familiar,false,0,union_libre,false,false,false,true,perro,ninguno,APEXEQ-PAL-01
26551b50-50d1-4fc7-9555-d4259b2936e4,santiago.ramirez85@gmail.com,43,Medellín,CC,1_1.5,arrendada,true,3,divorciado,false,false,false,true,perro,ninguno,BICI-01
7cb67655-e884-475c-89fc-1b081989f499,3905150267,25,Medellín,CE,3_4,familiar,false,0,soltero,true,false,false,true,perro,moto,BICI-01
c81ee3e2-b11c-44d9-a2e4-ca7ca7d28d6a,luis.suarez2@hotmail.com,25,Bogotá,CC,6_8,familiar,false,0,divorciado,false,false,false,true,perro,bici,HOGAR-01
40cb1135-2136-4796-90be-78e61909c76f,3534749162,24,Bogotá,CC,6_8,arrendada,false,0,union_libre,false,false,true,true,perro,ninguno,BICI-01
edd6aea3-6eee-4954-abef-b64d27fcbacf,3772217043,35,Medellín,CC,2_2.5,propia,false,0,union_libre,false,false,false,false,,moto,BICI-01
447b6330-07b2-44ad-a2cd-3aa3c01b430a,3604377587,62,Bucaramanga,CC,3_4,propia,true,4,soltero,false,false,false,true,gato,bici,EXEQ-01
20a35a94-345d-4569-bacb-7f53d3e6dc23,,66,Bogotá,CC,menor_smlv,propia,true,1,soltero,false,false,false,true,gato,ninguno,APEXEQ-PAL-01
2f6214f7-dbe2-43e2-87d3-4fa20237a4c7,paula.suarez69@hotmail.com,39,Cali,CC,6_8,propia,false,0,divorciado,false,true,false,true,gato,ninguno,PET-SEG-01
7d63b874-57b9-4694-8b95-047bbe08a58d,3231243292,66,Bogotá,CC,20_30,propia,false,0,casado,false,false,false,true,perro,bici,PET-ASIS-01
778459f7-ac9e-475b-a1da-c3d5b868fdd4,3942710036,70,Medellín,CC,4_6,arrendada,true,1,divorciado,true,false,false,false,,carro,PET-ASIS-01
754a3373-9c62-4f36-8c2b-60efc031a469,3130112738,32,Bogotá,CC,1_1.5,familiar,false,0,viudo,true,false,false,true,gato,ninguno,SALUD-01
86fe7569-beec-4c70-a5dc-10f2208591fe,andres.rojas4@gmail.com,49,Zipaquirá,CC,menor_smlv,familiar,false,0,union_libre,false,true,false,true,gato,carro,MOTO-01
9ea38d89-d058-49d7-915e-73fc4e2b4531,3521501642,42,Medellín,CC,3_4,propia,true,4,soltero,true,false,false,false,,ninguno,DEUDOR-VIDA-01
d65ea9b5-02dc-4920-b4c8-03575299be2b,3509563603,59,Cali,CC,3_4,familiar,true,3,casado,false,false,false,true,perro,moto,EXEQ-01
e42aefab-f9de-48d8-9a74-2a102237a662,diana.rojas98@hotmail.com,45,Cali,CC,10_20,familiar,true,2,soltero,false,false,false,false,,bici,HOGAR-01
d58779bb-b1a8-4721-a50f-190bf0d5f7a8,3254422535,25,Medellín,CC,8_10,arrendada,true,2,viudo,true,false,false,false,,bici,HOGAR-01
f57d0300-6248-4043-a264-e2584317f4cb,,51,Medellín,CE,1_1.5,familiar,true,4,viudo,false,false,false,false,,ninguno,VIDA-01
cfb4628f-af26-4b78-b420-665d118581ed,3764420707,49,Zipaquirá,CC,1_1.5,propia,false,0,union_libre,false,false,false,true,perro,carro,VIDAAH-01
e3f788b6-b81f-4fc2-ac66-dabac1a5fbe5,3771988837,71,Bogotá,CC,2_2.5,arrendada,true,3,soltero,false,false,false,false,,carro,EXEQ-01
189d61e0-0cf4-49ba-864a-ff03e9e33a94,,46,Medellín,PA,20_30,arrendada,true,2,soltero,false,false,false,true,perro,bici,DEUDOR-VIDA-01
df51a486-3ba7-44dd-bb64-6c954fdfb471,3071957145,24,Bogotá,CC,8_10,familiar,false,0,union_libre,true,false,false,true,perro,moto,HOGAR-01
b6980db7-f395-4070-bee8-94adf71bfed3,maria.vargas40@hotmail.com,65,Bogotá,CC,4_6,arrendada,false,0,divorciado,false,false,false,true,perro,carro,EXEQ-01
1202fe4d-66c4-4321-9800-e60ae35050c8,natalia.garcia18@hotmail.com,59,Bogotá,CC,1.5_2,propia,true,3,soltero,false,false,false,true,otro,ninguno,EXEQ-01
ae2a4b57-a209-4f73-b1a1-84e2ae883dc7,3271875003,42,Medellín,CC,1_1.5,propia,false,0,union_libre,false,false,false,true,gato,ninguno,ASMULT-01
99d116cf-ce9a-4a5e-ba93-2285394eca0c,santiago.garcia51@hotmail.com,69,Bogotá,CC,menor_smlv,propia,true,1,viudo,false,false,false,true,otro,carro,APEXEQ-PAL-01
9b249474-0485-4d04-b94e-25490313abe8,3716643335,23,Medellín,CC,10_20,familiar,true,4,casado,false,false,false,true,gato,carro,PET-SEG-01
a5a3a459-28f3-4acd-b19b-73ab50ccbb74,3603850506,72,Mosquera,CC,menor_smlv,familiar,false,0,union_libre,true,false,false,true,perro,carro,MOTO-01
9658b18b-030a-452c-859c-9780d521f6a3,carolina.florez92@gmail.com,68,Medellín,CC,2_2.5,familiar,false,0,divorciado,true,false,false,false,,moto,EXEQ-01
1f0de8e4-62d8-4bd2-ad0f-b5c16fe9628c,3792611980,56,Cali,CC,3_4,arrendada,false,0,soltero,false,false,false,false,,ninguno,VIDA-01
edfc1b6c-ed00-460e-997b-3e4ed0e2d6ae,3830220502,72,Barranquilla,CC,menor_smlv,familiar,true,3,union_libre,false,false,false,false,,ninguno,APEXEQ-PAL-01
2788e443-663b-473d-888b-113e7881412e,3881946877,49,Barranquilla,CC,4_6,familiar,true,2,viudo,false,false,false,false,,carro,VIDAAH-01
f890d250-16c9-42bb-b40d-9fafc0515274,laura.jimenez97@outlook.com,48,Zipaquirá,CC,mayor_30,propia,false,0,viudo,true,false,false,false,,ninguno,ASMED-01
8b85f484-f6e8-4a81-a197-f5fc5e48b273,3767719288,56,Funza,CC,1.5_2,propia,false,0,casado,true,false,false,true,perro,bici,MOTO-01
49f1bfd7-38fc-44c5-b0e2-adc61432f4d0,3687220307,22,Cali,CC,menor_smlv,familiar,false,0,soltero,false,false,false,true,otro,ninguno,APEXEQ-PAL-01
2f47d571-0cd6-417e-a615-d146170c4153,3118242241,27,Zipaquirá,CC,2.5_3,arrendada,false,0,casado,true,false,false,true,gato,moto,ASMED-01
9f5da7a4-e6a9-4ee4-970e-3c73357ef7f5,3061298897,27,Medellín,CC,1_1.5,arrendada,true,2,divorciado,false,false,false,true,perro,ninguno,APEXEQ-PAL-01
45a6e765-2128-4786-9c70-10f8602e0fc9,3416936835,59,Mosquera,CC,10_20,familiar,true,1,divorciado,false,false,true,true,perro,bici,EXEQ-01
aa437786-e540-4507-b1bc-46ded7ecb030,3892625660,38,Manizales,CE,6_8,propia,false,0,union_libre,true,false,false,false,,ninguno,VIDAAH-01
d6c7fea2-db7b-422c-b87a-5b799ef2fee7,3078361340,61,Bogotá,CC,2.5_3,arrendada,false,0,soltero,false,false,false,false,,ninguno,EXEQ-01
776e253c-7d61-45dd-bd2f-25eed8c991b2,,69,Barranquilla,CC,mayor_30,familiar,false,0,viudo,false,false,false,true,otro,ninguno,PET-SEG-01
c498dc14-95bd-40b5-b1be-a42a9725f398,david.lopez66@gmail.com,60,Medellín,CC,3_4,familiar,true,3,union_libre,false,false,false,true,perro,moto,ASMULT-01
8d68c30c-ec96-4c5e-a1aa-854a0f2b30ec,3810801533,47,Funza,CC,1_1.5,propia,true,3,divorciado,false,false,false,true,perro,moto,MOTO-01
fd885217-1f62-499b-91f0-96ece3c5f9d7,3749504432,28,Barranquilla,CC,1_1.5,familiar,true,2,viudo,false,false,true,true,perro,moto,BICI-01
005b13e6-e2aa-469c-a4d3-b5184587fd0b,3649703506,65,Funza,CC,3_4,arrendada,true,4,viudo,false,false,false,false,,ninguno,EXEQ-01
6ce6622c-8506-4a93-8b6b-a54f826613cf,felipe.rojas59@outlook.com,39,Medellín,CC,1_1.5,arrendada,true,4,soltero,false,false,false,true,gato,carro,APEXEQ-PAL-01
ed80e8d0-dd19-4738-a8ef-d2aa77675764,3124137394,57,Zipaquirá,CC,2_2.5,propia,true,3,viudo,false,false,false,true,perro,carro,ARRENDA-01
29abbd7f-093d-47a4-bb19-41393db1345a,3661706166,53,Cali,CC,1_1.5,arrendada,true,4,union_libre,false,false,false,true,perro,carro,DEUDOR-VIDA-01
e86e9618-4914-4442-b55e-82c395353b76,3577441662,25,Mosquera,CC,2.5_3,familiar,false,0,union_libre,false,false,false,true,perro,carro,PET-SEG-01
42767d0c-a3be-4bbe-93a5-dc6d0d34e040,,59,Medellín,CC,20_30,familiar,false,0,divorciado,false,false,false,false,,ninguno,EXEQ-01
1bf07469-a5a6-4439-a395-a1bcb362f380,3944139995,22,Medellín,CC,1_1.5,arrendada,true,4,viudo,false,false,false,false,,carro,BICI-01
ee207806-a927-48e3-b9e1-4e28c7d4c53a,3000994248,55,Barranquilla,CC,3_4,propia,true,1,union_libre,false,false,false,true,perro,carro,ASMULT-01
720ce345-27fd-45bd-8170-2075bc0367f0,maria.vargas62@hotmail.com,51,Cali,CC,menor_smlv,familiar,false,0,soltero,true,false,false,true,perro,carro,APEXEQ-PAL-01
e398fc50-717a-4f8b-8ba4-352ceeebb25b,maria.florez2@hotmail.com,29,Bogotá,CC,6_8,propia,true,1,viudo,true,false,false,false,,ninguno,BICI-01
87f81833-6969-48ff-8ef1-5bf2a1382a4c,3539276871,34,Funza,CE,2.5_3,propia,false,0,casado,false,false,false,false,,moto,MOTO-01
0d1a2fb3-8b23-47f0-b9ee-3f76d61df43f,paula.gomez70@yahoo.com,27,Bucaramanga,CC,menor_smlv,familiar,false,0,casado,true,false,false,true,otro,ninguno,APEXEQ-PAL-01
484ec630-d52e-458c-8504-e6a5f1919518,,57,Cali,CC,1_1.5,arrendada,true,4,divorciado,false,false,false,true,perro,bici,PET-SEG-01
16eed803-bbb1-41ba-abd3-2ee85284f8c7,3672872866,18,Soacha,CC,20_30,propia,true,4,union_libre,false,false,false,false,,ninguno,HOGAR-01
bc7709dd-ad40-453c-a638-44852f64329c,3197731739,72,Bogotá,CC,2.5_3,arrendada,false,0,casado,false,false,false,true,perro,bici,EXEQ-01
2000edca-309d-443a-9859-6bca09a4ad6f,sofia.florez22@gmail.com,29,Barranquilla,CC,3_4,arrendada,false,0,casado,true,false,false,false,,ninguno,SALUD-01
dc1155a7-8690-4f15-a2ed-725d5e6c4db4,natalia.florez12@outlook.com,52,Medellín,CC,10_20,arrendada,true,3,casado,false,false,false,true,gato,carro,BICI-01
f1e1e12d-682d-458f-a8ea-3f39c06ba7ea,3719093661,48,Medellín,CC,4_6,arrendada,false,0,viudo,false,false,false,true,perro,ninguno,VIDA-01
e5040629-e438-4b1d-a0d5-57662b1fbf65,julian.jimenez1@gmail.com,21,Medellín,CC,6_8,arrendada,true,4,soltero,false,false,false,true,perro,moto,DEUDOR-VIDA-01
2e095368-e4ec-4caf-b17f-c7240566dc17,,18,Cali,CC,1.5_2,familiar,false,0,divorciado,true,false,false,false,,moto,BICI-01
c7dc254e-fd36-4401-96ef-f44db148383b,3321553397,32,Cali,CC,3_4,propia,true,1,divorciado,false,false,false,true,perro,moto,BICI-01
49e71813-7200-4448-a94c-6e3ba0d125a1,david.jimenez51@outlook.com,46,Barranquilla,CC,4_6,propia,false,0,divorciado,true,false,false,true,perro,moto,SALUD-01
23d859c8-9902-4c84-b530-6f9bbf3ee32b,3079520757,19,Medellín,CC,2.5_3,familiar,false,0,divorciado,false,false,false,false,,moto,VIDAAH-01
33114fd3-5284-43e2-8dea-80cfaf813189,3634844305,24,Bogotá,CC,2.5_3,arrendada,false,0,divorciado,false,false,false,true,otro,ninguno,BICI-01
01b07784-85d1-44a7-9e09-3fd2d06544b8,3869611084,18,Funza,CC,2.5_3,propia,false,0,viudo,true,false,false,false,,ninguno,DEUDOR-VIDA-01
835cb253-f8aa-47f6-801d-66bebcf05bf4,luis.suarez17@gmail.com,63,Mosquera,CC,4_6,propia,true,2,union_libre,false,false,false,true,otro,moto,VIDAAH-01
d636da61-43c5-4c29-b00c-65f85acb501c,sofia.sanchez93@yahoo.com,22,Soacha,CC,2_2.5,familiar,false,0,soltero,false,false,false,false,,ninguno,MOTO-01
9022112b-9932-4b99-bde1-89006d83ed92,3292781362,34,Bogotá,CC,20_30,familiar,true,1,union_libre,false,false,false,true,perro,moto,VIDA-01
c11dc863-9d16-4a80-9f4f-4bae0ec5ec91,,39,Bogotá,CC,mayor_30,propia,false,0,casado,false,false,false,true,otro,carro,BICI-01
ba89fa79-6dc4-457e-8913-de9272bb8c0f,3362748187,30,Cali,CC,1_1.5,arrendada,true,3,casado,false,false,false,false,,bici,PET-SEG-01
15d0d5f1-4aa9-4a32-91c2-a65951e3168e,ana.gomez55@outlook.com,35,Zipaquirá,CC,2.5_3,propia,false,0,union_libre,false,false,false,false,,ninguno,MOTO-01
247ff9bf-fb40-4cf7-984f-3f8d84940f81,3886016744,54,Bucaramanga,CC,20_30,familiar,false,0,casado,true,false,false,true,perro,carro,HOGAR-01
ed3013ac-c291-4c7b-a899-dd438629f6a6,3829912699,49,Medellín,CC,4_6,propia,true,1,divorciado,false,false,false,false,,moto,VIDAAH-01
5ff74f83-7849-4a35-af67-ac500a9f3d74,3255313417,47,Bogotá,CC,6_8,propia,false,0,viudo,true,false,false,true,perro,carro,VIDAAH-01
bebe78fd-522c-46c5-a90b-1527f60bee0c,camila.ramirez14@yahoo.com,41,Barranquilla,CC,10_20,propia,true,2,casado,false,false,false,true,gato,moto,HOGAR-01
5d91980e-3c8c-45fd-8ff8-f37d15f9e14b,natalia.torres90@gmail.com,64,Bogotá,CC,4_6,propia,false,0,divorciado,false,false,false,true,perro,ninguno,HOGAR-01
21a7195a-b828-40a8-be7e-bf85553ee6be,luis.rojas23@hotmail.com,59,Bogotá,CC,8_10,arrendada,false,0,union_libre,false,false,false,true,gato,carro,BICI-01
ddd051a1-b7ff-428d-8413-5e40b4ad15e8,maria.martinez7@yahoo.com,73,Bogotá,CC,4_6,arrendada,false,0,soltero,false,false,false,false,,ninguno,HOGAR-01
76f1fc8a-c7c5-4aa4-976d-71369865187e,sofia.gomez84@gmail.com,70,Bucaramanga,CC,menor_smlv,propia,false,0,soltero,false,false,false,false,,moto,ARRENDA-01
422e361e-fe2a-4f6f-af77-42207fe17f22,carlos.ortiz20@yahoo.com,43,Mosquera,CC,1_1.5,propia,false,0,divorciado,false,false,false,true,perro,ninguno,MOTO-01
53714dc4-4a65-464b-97ce-4eb5dcd1ad80,,18,Bucaramanga,CC,1_1.5,familiar,false,0,divorciado,true,false,false,true,perro,moto,ASMULT-01
8fcbb4ee-383a-47ec-8000-93bbf1caaa82,,63,Soacha,CC,2.5_3,familiar,true,3,soltero,false,false,false,true,gato,ninguno,MOTO-01
20e63987-4e8a-4cca-8edc-96b3b3200aac,3669687403,31,Bogotá,PA,menor_smlv,arrendada,false,0,union_libre,false,false,false,false,,carro,ARRENDA-01
72e9bd68-37c3-4251-ad1b-221386604fa2,3441572814,45,Bogotá,CE,4_6,familiar,false,0,divorciado,false,false,false,true,gato,carro,VIDAAH-01
2c952307-0b9d-4a63-97f1-5264b3adb835,juan.gomez27@gmail.com,20,Bogotá,CC,4_6,propia,true,3,divorciado,false,false,false,true,gato,carro,DEUDOR-VIDA-01
a1beb3c8-9456-4b7f-87d9-e2ed1337f025,3437631855,54,Funza,CC,1.5_2,arrendada,true,1,divorciado,false,false,false,false,,moto,ASMULT-01
34d933f9-b1de-41f1-a6f8-8528518a9064,3237738133,18,Soacha,CC,2.5_3,familiar,true,2,soltero,false,false,false,true,otro,moto,MOTO-01
56990729-7044-4505-a949-a0051f8582df,3409435334,35,Cali,CC,8_10,arrendada,true,4,soltero,false,false,false,true,otro,ninguno,PET-ASIS-01
4415514d-058b-4498-9546-7870d11ab43b,felipe.rojas84@hotmail.com,20,Medellín,CC,4_6,propia,true,4,viudo,true,false,false,true,perro,carro,HOGAR-01
8c0da11e-5fb5-4951-b5b2-cf5bf7f09d97,3155039303,58,Medellín,CC,menor_smlv,propia,true,3,union_libre,true,false,false,true,perro,carro,EXEQ-01
5e85773c-8ce5-4843-aa18-02c4fab182ed,3721434869,47,Bogotá,CC,4_6,arrendada,true,2,divorciado,true,false,false,true,perro,carro,VIDAAH-01
4db1766a-e3ed-4611-a589-9dc03bf93560,jorge.ramirez87@hotmail.com,23,Medellín,CC,mayor_30,familiar,true,4,soltero,false,false,false,false,,carro,DEUDOR-VIDA-01
8f69ce72-874b-444d-8cc9-458e953dbc61,3741427853,58,Medellín,CC,1_1.5,arrendada,false,0,soltero,false,false,false,true,perro,ninguno,APEXEQ-PAL-01
61463290-4c7a-4368-b67f-4325b2900fdf,3274208600,29,Zipaquirá,CC,1_1.5,familiar,true,1,casado,false,false,false,true,perro,ninguno,PET-PREP-01
9af44758-9d23-4b23-a179-0238c5d019f3,3105925121,25,Bogotá,CC,8_10,familiar,true,3,divorciado,true,false,false,true,otro,carro,BICI-01
a4b3eebd-09cb-4102-a0ef-0efc9160e8dd,3956515822,63,Barranquilla,CC,20_30,propia,false,0,viudo,false,false,false,true,gato,ninguno,HOGAR-01
4fd7972e-5e9c-40c5-bafe-e999e48ef588,,62,Bogotá,CC,3_4,familiar,true,3,viudo,true,false,false,false,,carro,EXEQ-01
14b680ac-871d-49dd-9e42-80b96b83e1bd,3152174653,23,Medellín,CC,mayor_30,propia,false,0,divorciado,false,false,false,true,perro,moto,BICI-01
29847424-a1dd-4da0-a374-d4676d999579,,64,Medellín,CC,1_1.5,arrendada,true,4,casado,false,false,false,false,,moto,EXEQ-01
06c15654-0618-48a8-beed-935c24a6c1c8,valentina.florez55@hotmail.com,42,Medellín,CC,1_1.5,arrendada,true,3,soltero,false,false,false,true,otro,carro,PET-SEG-01
9bd08797-ed2f-4860-b846-fc9c9f7250bb,3299074729,44,Bogotá,CC,4_6,familiar,true,3,soltero,true,false,false,true,gato,bici,SALUD-01
216d3293-d648-49bd-8f59-58d38c73796a,3552255494,69,Bucaramanga,CC,1.5_2,propia,false,0,viudo,false,false,false,false,,ninguno,DEUDOR-VIDA-01
57dc52e8-ac7a-4c2f-a348-fe1d4d98900b,david.florez30@hotmail.com,25,Bogotá,CC,10_20,propia,true,2,soltero,false,false,false,false,,moto,HOGAR-01
a079984d-7c42-4bc3-a6a5-ea2d38f52a8d,camila.castro84@yahoo.com,43,Bogotá,CC,2_2.5,familiar,true,4,divorciado,false,false,false,true,gato,ninguno,ARRENDA-01
0b248f88-e58b-465e-b5d9-e48d4b04491b,3723627330,50,Bogotá,CC,3_4,familiar,false,0,soltero,true,false,false,true,perro,moto,ARRENDA-01
1693e883-67c7-44f5-8c74-3c1e79a2c0f5,3719670683,31,Bogotá,CC,1_1.5,propia,false,0,viudo,true,false,false,true,otro,bici,APEXEQ-PAL-01
8ec3e29b-5169-4ba9-aacd-004ae1ccda0c,3537644512,63,Bogotá,CC,3_4,arrendada,true,2,casado,true,false,false,false,,moto,EXEQ-01
bafb871b-d49a-4c26-a448-4b9c8db6f3c8,3719619971,42,Zipaquirá,CE,2_2.5,familiar,false,0,viudo,false,false,false,false,,carro,MOTO-01
207dfe48-2424-4b38-b183-e1abc8ecfe14,jorge.sanchez69@outlook.com,70,Cali,CC,1_1.5,arrendada,false,0,soltero,false,false,false,true,otro,ninguno,APEXEQ-PAL-01
556eb184-51ce-4999-b30e-a6aa45b35ac9,,69,Cali,PA,20_30,arrendada,true,3,viudo,false,false,false,true,perro,bici,PET-SEG-01
c05f4800-3876-4da8-a30b-81fbe37dc094,3997526570,70,Bogotá,CC,menor_smlv,arrendada,true,4,casado,false,false,false,false,,ninguno,VIDA-01
6aaee86c-d74c-4c9f-9cd5-0ff63cb310fb,3938373965,65,Soacha,CC,1.5_2,arrendada,false,0,casado,false,false,true,false,,ninguno,MOTO-01
e248c8d9-731e-42c1-a168-199c911b2027,3954316526,74,Soacha,CC,4_6,familiar,false,0,casado,true,true,false,true,perro,ninguno,PET-ASIS-01
8bfa6367-f437-4349-bcbf-731385d901a2,maria.martinez20@outlook.com,50,Medellín,CC,6_8,arrendada,true,4,viudo,false,false,false,true,otro,moto,VIDAAH-01
7ddbe073-ec88-4c9b-a758-017eba99f2c8,3273654852,29,Cali,CC,menor_smlv,arrendada,false,0,casado,true,false,false,true,gato,ninguno,BICI-01
8bc1a740-0c50-4e1e-b778-f518cfb88b90,3467391900,51,Bogotá,CC,8_10,familiar,true,1,soltero,false,false,true,true,perro,moto,PET-SEG-01
3a79024f-02f2-4ee6-8e0a-ab3d447ddccd,3976263748,62,Bogotá,CC,1_1.5,arrendada,true,3,casado,false,false,false,false,,ninguno,APEXEQ-PAL-01
5fcd1bbe-1bc9-4499-a8fb-fff2073f3128,3960225092,61,Bucaramanga,CC,menor_smlv,propia,false,0,soltero,false,false,false,true,gato,carro,EXEQ-01
0e5bb3f4-c98b-4636-9a84-f7144f311c24,,58,Cali,CC,1_1.5,propia,true,1,union_libre,false,false,false,false,,ninguno,ASMULT-01
4bf309d1-105b-445d-9b9d-1683e74be9a2,3783990497,56,Bogotá,CC,mayor_30,propia,true,1,casado,true,false,false,false,,moto,PET-SEG-01
3b3f3eb2-ba7c-4848-9ff8-93874ccc1f07,3398402891,37,Bogotá,CC,1_1.5,arrendada,false,0,soltero,false,false,false,true,otro,moto,ARRENDA-01
6b8a6608-37fb-487f-9270-ce7fed08fbe5,felipe.jimenez97@outlook.com,23,Bucaramanga,CC,1.5_2,arrendada,false,0,divorciado,false,false,false,false,,moto,BICI-01
53750a1a-862a-4e33-a663-da812d8aaf5c,3665493478,24,Bogotá,CE,4_6,arrendada,false,0,viudo,false,false,true,true,perro,ninguno,DEUDOR-VIDA-01
834387c8-f56d-45b2-a85f-b74cf83a2dcb,3933589513,73,Medellín,CC,2_2.5,propia,true,4,union_libre,false,false,false,false,,ninguno,ASMULT-01
ebc3eaa7-b743-4e20-a3f1-b8e0df927936,sebastian.sanchez35@gmail.com,30,Medellín,CC,menor_smlv,familiar,true,3,casado,true,false,false,false,,ninguno,VIDA-01
e8ed08d1-c134-4182-ba51-4417b101e29f,3396907844,48,Cali,CC,2_2.5,familiar,true,4,union_libre,false,false,false,true,perro,ninguno,ARRENDA-01
3bdfeb37-f996-432e-a8b3-5ab19c1bbbee,daniela.martinez82@yahoo.com,66,Bogotá,CC,20_30,familiar,false,0,casado,false,false,false,true,perro,ninguno,HOGAR-01
723ad2fc-47e6-432f-9c46-d2f0797c521c,3735965528,54,Bogotá,CC,8_10,propia,false,0,soltero,false,false,false,false,,ninguno,PET-ASIS-01
fd238eb4-ff3c-4e27-96fd-2d85e3a9007f,3586703656,27,Mosquera,CC,3_4,propia,false,0,divorciado,true,false,false,false,,moto,DEUDOR-VIDA-01
0cc9020e-2424-4012-85b7-8dacc5bbed0b,3090372247,28,Bogotá,CC,2.5_3,propia,true,3,casado,true,false,false,false,,carro,PET-PREP-01
7d9986fb-bb67-4641-9d44-16b6264a3b94,3952076991,40,Zipaquirá,CC,2.5_3,familiar,false,0,casado,true,false,false,true,gato,moto,MOTO-01
02403ea1-b70b-41d8-b9ac-8d97b9d1ced0,3855202981,68,Cali,CC,2_2.5,arrendada,true,2,viudo,false,false,false,true,perro,carro,MOTO-01
40d781a5-6f5d-4760-b645-9793279d5683,julian.ramirez52@hotmail.com,44,Barranquilla,CE,8_10,familiar,false,0,viudo,false,true,false,false,,moto,MOTO-01
2eaa0201-d853-4896-bfaf-2b8a0b20812e,3164756091,39,Bogotá,CC,6_8,familiar,false,0,union_libre,false,false,false,true,perro,moto,EXEQ-01
73e63cf0-7c2d-46b8-af9a-e89b32d67322,,41,Zipaquirá,CC,1_1.5,propia,true,3,union_libre,false,false,false,false,,carro,MOTO-01
002b1912-0eb3-4057-8b05-9c83e312e127,3188264909,34,Bogotá,CC,1_1.5,familiar,false,0,casado,false,false,false,false,,moto,EXEQ-01
a98d1283-b24b-41cd-9dfb-781abda59d77,juan.moreno74@outlook.com,56,Bucaramanga,CC,menor_smlv,propia,false,0,soltero,false,false,false,false,,ninguno,APEXEQ-PAL-01
23739bf3-8241-4eb7-a0dc-9fb3f281614d,3757988027,66,Cali,CC,1.5_2,propia,true,2,union_libre,true,false,false,false,,ninguno,PET-SEG-01
85b73870-ed0d-4561-a593-e3488407ef41,3834791005,54,Mosquera,CC,menor_smlv,propia,false,0,union_libre,false,false,false,true,otro,moto,MOTO-01
fcc03b1e-0240-42aa-b943-3874b9e40585,3438500953,47,Bucaramanga,CC,menor_smlv,propia,false,0,union_libre,false,false,false,true,perro,moto,APEXEQ-PAL-01
2195a893-587f-4498-87d3-5196d1e5044f,maria.rodriguez57@gmail.com,18,Zipaquirá,CC,2_2.5,familiar,false,0,soltero,true,false,false,false,,moto,DEUDOR-VIDA-01
0118e99d-4656-4f04-a5b9-03f9cb28b99d,3445187053,72,Barranquilla,CC,10_20,arrendada,false,0,viudo,true,false,false,true,perro,ninguno,EXEQ-01
bf6d7458-3e3b-4737-b581-ab076097cdc3,3011308523,24,Cali,CC,1_1.5,arrendada,false,0,viudo,false,false,false,false,,bici,APEXEQ-PAL-01
8718f3ec-3536-4fdd-9548-ae140574fa33,3316037811,59,Bogotá,CC,20_30,familiar,true,1,union_libre,true,false,false,true,gato,moto,SALUD-01
45af589a-22d2-4463-a9c3-8c126d3fb61f,3807461204,71,Bogotá,CC,3_4,arrendada,true,3,union_libre,false,false,false,true,perro,carro,ARRENDA-01
97fb19a1-18a0-45d8-80c2-96970a322d5a,sofia.ortiz79@hotmail.com,24,Cali,CC,1.5_2,arrendada,true,1,divorciado,false,false,false,false,,ninguno,PET-ASIS-01
c143519d-6cb1-4f27-9038-f93b69d8ae83,3206345911,28,Bogotá,CC,10_20,familiar,false,0,casado,false,false,false,true,perro,ninguno,HOGAR-01
9a4ff329-4a42-4b19-9ec5-60b8759fb0dd,david.jimenez20@gmail.com,75,Zipaquirá,CE,1_1.5,familiar,false,0,viudo,false,false,false,false,,moto,MOTO-01
1663e883-4e59-4a7e-877c-da211fa182f7,3814443944,44,Funza,CC,mayor_30,familiar,true,2,divorciado,false,false,false,true,perro,carro,HOGAR-01
cacb3c5c-b2b1-4585-9b30-23214016f152,luis.sanchez71@hotmail.com,27,Bogotá,CC,menor_smlv,propia,true,2,union_libre,true,false,false,false,,carro,APEXEQ-PAL-01
5e699e1a-e46d-4cdc-94e3-e2f2787659cc,3314214723,69,Medellín,CC,8_10,propia,false,0,casado,true,false,false,true,gato,carro,BICI-01
ed056f6b-77c1-4e59-9fd8-1dc7926c3a79,3880819048,60,Barranquilla,CC,20_30,familiar,true,2,union_libre,false,false,false,true,perro,ninguno,HOGAR-01
57a1f1c7-353b-4302-aaf9-ab6914cbe303,carolina.ortiz15@gmail.com,72,Bogotá,CC,4_6,arrendada,false,0,union_libre,false,false,false,false,,ninguno,HOGAR-01
d3030968-4fa2-4be2-b210-71bae9f8483c,sebastian.lopez25@hotmail.com,74,Funza,CC,3_4,arrendada,false,0,casado,false,false,false,true,perro,ninguno,BICI-01
51b93e1d-c89a-4787-a63b-0355cd92da71,luis.rodriguez36@outlook.com,43,Funza,CC,2.5_3,arrendada,true,3,union_libre,false,false,false,true,perro,carro,MOTO-01
d3c6a9c7-1b91-4489-a9d4-a32c8594bb65,david.ortiz33@yahoo.com,44,Barranquilla,CC,20_30,arrendada,true,2,union_libre,true,false,false,true,otro,carro,SALUD-01
3aa9a2e2-ad99-4bff-b761-6c1b6f13a142,3582637478,51,Bogotá,CC,mayor_30,familiar,true,2,union_libre,false,false,false,true,perro,moto,PET-SEG-01
c93e3d59-97b5-44f2-aa77-3e9d83d0770a,felipe.sanchez44@yahoo.com,52,Zipaquirá,CC,menor_smlv,familiar,true,4,union_libre,false,false,false,true,perro,moto,PET-ASIS-01
4e092549-4193-49e6-b977-84f68140094d,3949307845,47,Bogotá,CC,8_10,arrendada,false,0,union_libre,false,false,false,true,perro,ninguno,VIDA-01
07f25d2d-5b78-48df-bdad-7803f8464e85,,29,Bogotá,CC,1.5_2,familiar,false,0,casado,false,false,false,true,gato,ninguno,ASMULT-01
1314757b-c0d2-43d3-8367-6e9e41a7c36f,3162287947,32,Soacha,CC,1_1.5,propia,false,0,soltero,false,false,false,true,perro,ninguno,BICI-01
92e4b978-eee0-487f-96ca-051f17d9eb58,maria.castro53@hotmail.com,61,Bogotá,CC,6_8,propia,false,0,viudo,false,false,false,true,gato,ninguno,PET-PREP-01
bfe65421-92bc-4c1b-89f9-0a00559e38b1,3945802845,47,Zipaquirá,CC,4_6,familiar,true,4,viudo,false,false,false,true,gato,moto,DEUDOR-VIDA-01
6112fe03-81d0-445a-9d96-efe48b8b177e,3331614082,30,Cali,CC,1_1.5,propia,true,1,divorciado,true,false,false,true,perro,ninguno,PET-PREP-01
665e8bde-ac35-4e32-b7d4-385911625a81,3706983292,70,Funza,CC,2.5_3,propia,true,1,soltero,false,false,false,false,,moto,DEUDOR-VIDA-01
80722e3a-9952-4c45-b4bd-093747bda00f,3693215299,41,Cali,CC,10_20,arrendada,false,0,soltero,false,false,false,true,otro,bici,MOTO-01
15c695a6-7217-4f3a-acce-4ca1938e3ac3,paula.florez22@gmail.com,58,Bogotá,CC,1.5_2,arrendada,false,0,casado,false,false,false,true,gato,carro,EXEQ-01
28620128-226b-4d20-bee1-e5d5254025ee,3920148292,30,Medellín,CC,6_8,familiar,false,0,casado,false,false,false,false,,ninguno,PET-SEG-01
47cfd280-335a-437b-8eb4-77696e538a30,,42,Mosquera,CC,2_2.5,propia,false,0,soltero,false,false,false,true,perro,carro,MOTO-01
84b2aaa3-5774-4a06-b9a4-652e4f60cac7,3168839211,74,Medellín,CC,2.5_3,propia,true,4,divorciado,false,false,false,false,,carro,HOGAR-01
f6e16b33-16ad-4892-92fa-23f7301d007b,natalia.ortiz71@yahoo.com,68,Cali,CC,1.5_2,familiar,true,4,union_libre,false,false,false,true,perro,ninguno,PET-SEG-01
c851f781-fa06-441b-aa13-a4857297f28d,3318829787,42,Barranquilla,CC,8_10,familiar,false,0,casado,false,false,false,true,perro,bici,VIDA-01
0551089c-4c50-405e-a8c0-e31011ebb9d5,3386908716,49,Bogotá,CC,3_4,propia,false,0,soltero,true,false,false,true,perro,carro,ASMULT-01
afe7fd5c-b612-47e1-b026-d6e393543422,3924013859,71,Zipaquirá,CC,8_10,arrendada,false,0,union_libre,false,false,false,false,,ninguno,VIDAAH-01
1236d881-ceab-4be7-a8bf-65ce746c9484,,59,Bogotá,CC,1.5_2,arrendada,true,2,union_libre,false,false,false,true,perro,carro,PET-SEG-01
adcf4199-c27e-4563-8ea8-2214626f1af5,daniela.martinez87@gmail.com,59,Cali,CC,1.5_2,propia,false,0,casado,false,false,false,true,otro,ninguno,ARRENDA-01
4dd81c24-3bfb-4403-b0d9-5953b5af85a1,camila.rodriguez72@hotmail.com,68,Bogotá,CC,20_30,arrendada,false,0,casado,false,false,false,false,,moto,APEXEQ-PAL-01
aa0a93aa-2f08-4555-b214-dccb4119d8e7,andres.gomez9@yahoo.com,49,Cali,CC,8_10,familiar,false,0,casado,false,false,false,true,otro,moto,PET-PREP-01
999a7852-6062-4516-bf67-380ac84591ea,3176755004,30,Zipaquirá,CC,mayor_30,arrendada,false,0,casado,false,false,false,false,,carro,HOGAR-01
e840f082-5a90-4c85-b843-387292f749a0,3697338287,50,Medellín,CC,20_30,familiar,false,0,viudo,false,false,false,false,,ninguno,ASMED-01
438bc75b-001d-4017-bb80-49737f9bce34,laura.sanchez56@gmail.com,48,Bogotá,CC,2.5_3,arrendada,false,0,viudo,true,false,false,false,,moto,ASMED-01
74f6793a-dbe4-42b9-9143-2bed0cb4b593,3931769708,68,Bogotá,CC,2.5_3,arrendada,true,4,union_libre,false,true,false,true,otro,moto,DEUDOR-VIDA-01
f9bc48f0-ab87-49bb-a09f-25605a73da6c,,53,Bucaramanga,CC,10_20,familiar,false,0,casado,false,false,false,true,gato,carro,DEUDOR-VIDA-01
9cf97603-1960-45f8-b8b6-2786402c9046,sofia.rojas82@gmail.com,69,Barranquilla,CC,8_10,propia,false,0,union_libre,false,false,false,true,otro,ninguno,VIDA-01
6171ad49-2b3b-4fd4-a07e-11232421356e,julian.moreno17@hotmail.com,33,Zipaquirá,CC,3_4,propia,false,0,casado,false,false,false,true,gato,ninguno,MOTO-01
b2ae332b-7a04-4a65-a356-259bdb4c4683,sebastian.rojas67@outlook.com,46,Cali,PA,menor_smlv,propia,true,1,casado,true,false,false,false,,carro,APEXEQ-PAL-01
8cd0b3ab-dd5d-4234-affd-eadb43ded210,3019395898,23,Medellín,CC,mayor_30,familiar,true,3,casado,false,false,false,false,,ninguno,HOGAR-01
07694e35-0a18-48d1-8f8b-920616bbcb3b,3685270171,26,Bucaramanga,CC,menor_smlv,familiar,false,0,casado,false,false,false,false,,ninguno,BICI-01
dd35eccf-ebf3-4822-afac-ae3c192b430c,3168674478,55,Barranquilla,CC,6_8,arrendada,false,0,casado,true,false,false,true,perro,ninguno,VIDAAH-01
f12c0444-4d74-4c03-9d6f-034c84b3e15e,ana.lopez29@gmail.com,74,Bogotá,CC,menor_smlv,familiar,true,2,casado,false,false,false,false,,moto,DEUDOR-VIDA-01
d88ab971-e140-4fa5-aae3-4fafd21dea3b,diana.ramirez92@yahoo.com,45,Medellín,CC,6_8,propia,false,0,viudo,false,false,false,true,perro,carro,VIDAAH-01
12facaad-3d33-41f8-a22f-8fb8527e371e,3608495880,31,Barranquilla,CC,1_1.5,familiar,false,0,union_libre,false,false,false,true,gato,bici,APEXEQ-PAL-01
afe465d5-1d82-475c-8348-7f4358df129e,daniela.ortiz3@hotmail.com,49,Bucaramanga,CE,20_30,familiar,false,0,viudo,false,false,false,true,perro,ninguno,VIDA-01
96d5049f-73ea-4e32-8dd4-a65840c90f49,carlos.ramirez9@hotmail.com,31,Bogotá,CE,2.5_3,arrendada,false,0,union_libre,true,false,false,false,,carro,VIDA-01
85365fdb-4a9b-44fd-979f-adb34b3d427b,sebastian.ramirez67@gmail.com,44,Bogotá,CC,1_1.5,familiar,true,4,viudo,false,false,true,false,,ninguno,ASMULT-01
972b02fc-c012-41ee-9cbc-90e66a5f2ce1,3776561248,22,Barranquilla,CC,3_4,arrendada,false,0,viudo,true,false,false,true,gato,ninguno,SALUD-01
0f3132c3-cac2-4fcb-b480-71c17e5dae76,3965754278,44,Bogotá,CC,2.5_3,arrendada,true,1,viudo,false,false,false,true,gato,carro,DEUDOR-VIDA-01
005cbcc7-ba7e-4acd-8448-a177842430f1,natalia.martinez65@yahoo.com,53,Bogotá,CC,6_8,familiar,false,0,union_libre,false,false,false,true,gato,ninguno,VIDAAH-01
99e42aa1-bbe5-44b1-ae60-89ced8ea8f82,juan.florez72@gmail.com,61,Bogotá,CC,1_1.5,arrendada,false,0,union_libre,false,false,false,false,,carro,APEXEQ-PAL-01
33135257-55ce-4275-b2a8-ece5b188178f,sebastian.ramirez75@hotmail.com,36,Bucaramanga,CC,6_8,familiar,true,2,divorciado,false,false,false,true,perro,ninguno,VIDAAH-01
d1e2f9d7-ef11-4c79-afa7-6de9efaffd5d,carolina.rojas63@hotmail.com,27,Soacha,CC,4_6,familiar,true,2,casado,false,false,false,true,gato,bici,PET-SEG-01
73b05ddb-e757-4983-a65e-5f816b7bc620,3107818710,57,Manizales,CC,20_30,arrendada,true,3,divorciado,true,false,false,true,perro,ninguno,ASMED-01
7d3aacc0-910b-4677-98df-6a78941b8aa6,3549305397,74,Bucaramanga,CC,2_2.5,arrendada,true,3,soltero,true,false,false,true,otro,carro,PET-PREP-01
e17a0b68-f6e7-40ac-8143-e1679ae23ef5,3968636470,71,Mosquera,CC,menor_smlv,arrendada,true,3,divorciado,false,false,false,true,perro,moto,MOTO-01
8df44d1b-7fc2-4b26-a8d2-10da655cdbc1,carolina.torres85@gmail.com,70,Bogotá,CC,2.5_3,propia,true,2,divorciado,false,false,false,true,perro,carro,EXEQ-01
60418d78-37c5-48c3-aeae-9072f4701331,daniela.vargas82@yahoo.com,32,Medellín,CC,2_2.5,propia,false,0,casado,false,false,false,true,otro,moto,ARRENDA-01
5b2c7271-a693-45a9-93c0-1cd131da5520,david.garcia67@yahoo.com,49,Bogotá,CC,4_6,propia,true,3,viudo,false,false,false,true,perro,ninguno,VIDAAH-01
48ac3dba-102f-4bd3-88cd-4c908f097da0,3960889586,57,Bogotá,CC,1_1.5,familiar,false,0,casado,false,false,false,false,,bici,ASMULT-01
5666423b-786a-476c-ac9d-7ce9a9e25b5a,carlos.jimenez61@outlook.com,57,Barranquilla,CC,1.5_2,familiar,true,1,soltero,false,false,false,true,perro,bici,ARRENDA-01
ed4da394-e153-484f-97dc-caae0294e610,3542709831,62,Bogotá,CE,8_10,propia,false,0,viudo,true,false,false,true,perro,carro,BICI-01
4bde0f66-1031-4298-8d00-c0b812a7b504,3947396543,56,Soacha,CC,menor_smlv,arrendada,false,0,union_libre,false,false,false,false,,carro,EXEQ-01
50863bfb-0f5b-484b-bc52-07b045429e33,carolina.vargas10@outlook.com,24,Bogotá,CC,menor_smlv,familiar,true,4,union_libre,false,false,false,true,otro,ninguno,APEXEQ-PAL-01
3fb84057-52a3-4d25-9379-99527c9134b9,3360635999,56,Manizales,CC,menor_smlv,arrendada,false,0,divorciado,false,true,false,true,gato,moto,ARRENDA-01
b0c0605a-963f-4568-b90f-103462b7fdaf,3023332470,60,Medellín,CC,2_2.5,propia,true,2,soltero,true,false,false,false,,moto,DEUDOR-VIDA-01
e804d2bb-8b07-4aef-b7da-a4d2116e41d4,,51,Mosquera,CC,3_4,arrendada,false,0,casado,false,false,false,true,perro,ninguno,MOTO-01
6b403f11-4a59-4830-add6-b4da4f56b84c,andres.ortiz20@gmail.com,39,Zipaquirá,CC,3_4,arrendada,true,4,viudo,true,false,false,true,gato,ninguno,ASMULT-01
b57a4690-3168-4053-a83c-cb4ca2bbf12b,3087056833,39,Bogotá,PA,1_1.5,arrendada,true,4,casado,false,false,false,true,gato,ninguno,APEXEQ-PAL-01
999c4454-2b9d-4d52-b27a-ef785e035b5b,diego.rojas15@gmail.com,75,Bogotá,CC,1.5_2,arrendada,true,2,viudo,false,false,false,true,perro,moto,EXEQ-01
878d97ff-0e1d-4e73-92e6-68aadfce7848,3883680898,51,Mosquera,CC,mayor_30,familiar,true,1,viudo,false,false,false,false,,ninguno,BICI-01
1d71f090-9733-4aca-9940-33c3213f8739,3680408509,66,Mosquera,CC,3_4,arrendada,true,2,soltero,false,false,false,true,perro,bici,ARRENDA-01
8b0309bc-ec5f-475b-87ec-23f13adb51a5,3798173618,51,Cali,CC,3_4,arrendada,false,0,union_libre,true,false,false,false,,carro,DEUDOR-VIDA-01
7db1ace5-d16b-405b-b195-dc9f67c33f08,paula.gonzalez78@outlook.com,42,Bogotá,CC,6_8,propia,false,0,soltero,true,false,false,true,perro,moto,VIDAAH-01
dbe839a3-a1d5-46cc-8137-74a8c21d14b5,3028022244,33,Bogotá,CC,4_6,arrendada,true,1,divorciado,false,false,false,false,,ninguno,BICI-01
c132e4e7-f432-494f-a3c2-bec8cd600436,3905992937,35,Bogotá,CC,2.5_3,propia,true,4,soltero,true,false,false,false,,moto,BICI-01
28b34514-33b7-4eea-8c99-83cb0b42ce55,3485340012,29,Bogotá,CC,6_8,arrendada,false,0,casado,true,false,false,false,,carro,BICI-01
c01ec99a-4424-4174-80bd-c5d602db64db,diana.perez58@yahoo.com,64,Bogotá,CC,8_10,arrendada,false,0,union_libre,false,false,false,true,perro,moto,EXEQ-01
bdbe53a7-35c5-4ecc-b17f-2163bd5cc167,3357756942,67,Bogotá,CC,10_20,familiar,true,3,soltero,true,false,true,true,perro,carro,SALUD-01
491a27d7-0b0d-464d-9c87-f7d7d97de1bd,,48,Bogotá,CC,6_8,propia,false,0,union_libre,false,false,false,false,,ninguno,VIDAAH-01
623fe8a9-a40f-41bf-bddb-f0d0eb39663b,camila.torres92@yahoo.com,40,Bogotá,CC,menor_smlv,familiar,true,1,viudo,false,false,false,true,otro,moto,ASMULT-01
bd111952-3b2b-40b5-ab88-8edff9f045fa,,20,Medellín,CC,4_6,propia,true,3,viudo,false,false,false,false,,bici,PET-SEG-01
b4ab0b00-71b6-4556-b2f6-f6aacd01b8ef,3996165926,58,Mosquera,CC,4_6,propia,false,0,soltero,false,false,false,false,,carro,DEUDOR-VIDA-01
281f1b9b-c6c9-46ed-ad4b-c5420c406580,3244900915,73,Bogotá,CC,mayor_30,arrendada,true,2,casado,true,false,false,true,gato,ninguno,PET-SEG-01
31606000-484a-4c49-9b26-503b1d8964c2,juan.moreno70@yahoo.com,20,Funza,CC,2.5_3,propia,false,0,soltero,false,false,false,true,perro,ninguno,MOTO-01
c7d52822-db09-46d1-91ef-ca275a409f04,valentina.ortiz68@gmail.com,27,Bogotá,CE,8_10,propia,false,0,union_libre,false,false,false,false,,carro,BICI-01
a2498478-afd3-4ea0-8bfa-edf5af041913,3917232882,59,Bogotá,CC,2_2.5,familiar,false,0,casado,false,false,false,true,perro,moto,DEUDOR-VIDA-01
ee564a1f-32d0-401f-a5a2-aa9e15183e87,3628191502,31,Zipaquirá,CC,4_6,arrendada,false,0,casado,false,false,false,false,,moto,HOGAR-01
9bc1ee3f-a78d-4e4e-ba80-74bcb711771b,3704559484,49,Bogotá,CC,6_8,familiar,false,0,divorciado,false,false,false,true,perro,carro,VIDAAH-01
1f701d1d-2085-47fa-bfe1-265762a85d0d,3972048730,22,Bogotá,CC,3_4,propia,false,0,viudo,false,false,false,true,perro,ninguno,BICI-01
523809cb-95af-42fb-9a30-507c6362cb29,diana.ramirez24@gmail.com,35,Manizales,CC,2.5_3,arrendada,false,0,union_libre,false,false,false,true,perro,ninguno,DEUDOR-VIDA-01
34e96cc4-a6e7-4bc9-8a36-ceb0180bddb1,3846503350,35,Barranquilla,CC,4_6,familiar,true,1,soltero,false,false,false,true,perro,bici,EXEQ-01
49e9f70e-2ca2-45e5-a86d-dbc7fa5166ab,3368149802,40,Cali,CC,2_2.5,familiar,true,1,viudo,false,false,false,true,gato,carro,PET-SEG-01
e5a84262-3b90-441f-8234-73d61dcdc23c,3329271296,58,Barranquilla,CC,4_6,arrendada,true,4,divorciado,false,false,false,true,perro,ninguno,HOGAR-01
e93cca23-c092-489e-8c82-a1a0ec1cb61d,,73,Barranquilla,CC,2.5_3,propia,true,1,soltero,false,false,false,true,perro,moto,VIDAAH-01
cb146bae-164f-4eaf-bd2e-f3d24045bd8a,3010898726,54,Bogotá,CC,20_30,propia,true,3,viudo,false,false,false,true,perro,ninguno,ASMULT-01
9b17fff8-8e72-41d3-be26-089e7379f2e1,sebastian.perez11@yahoo.com,69,Bogotá,CC,1.5_2,propia,true,3,casado,false,false,false,false,,ninguno,DEUDOR-VIDA-01
4b402627-332d-4da7-8c17-d69add59ec1a,,60,Barranquilla,CC,4_6,propia,true,3,viudo,false,false,false,true,perro,moto,DEUDOR-VIDA-01
7e904dd0-4e98-4a4d-ab6f-2a52d9010fcc,3686227837,57,Soacha,CE,20_30,familiar,false,0,casado,false,false,false,true,perro,ninguno,EXEQ-01
9d879870-030f-4b82-98a0-98d86913f866,3360157911,39,Cali,CC,menor_smlv,familiar,true,1,soltero,true,false,false,false,,ninguno,ARRENDA-01
8503de2c-bfdd-473e-bccc-882806743051,,64,Soacha,CC,1.5_2,familiar,false,0,union_libre,true,false,false,true,perro,ninguno,MOTO-01
0fa78c7c-cbbd-4885-8478-137b6ba56f00,3594882188,35,Zipaquirá,CC,10_20,arrendada,false,0,viudo,true,false,false,true,perro,bici,ASMED-01
a15497c6-6062-430a-9a3c-5af6a07d3553,paula.martinez76@outlook.com,62,Medellín,CE,6_8,arrendada,false,0,casado,false,false,false,true,gato,ninguno,EXEQ-01
917cd045-cfc3-48a9-b012-ad8b12f9c3f6,3990881172,33,Bucaramanga,CC,10_20,familiar,false,0,soltero,false,false,false,true,perro,moto,BICI-01
502768d8-f2ea-407e-8293-eaf73f6afd76,3058328371,62,Medellín,CC,3_4,familiar,true,4,union_libre,false,false,false,false,,carro,ASMED-01
737d3a4d-6b89-4a82-b572-e349a8073bba,daniela.lopez22@outlook.com,20,Soacha,CC,6_8,arrendada,false,0,soltero,true,false,false,false,,carro,ASMED-01
c7341dbf-29a9-44ad-8265-783b9b847aa4,3341137320,60,Bogotá,CC,20_30,familiar,true,2,casado,true,false,false,false,,ninguno,PET-SEG-01
56b0993c-b825-4ce3-a312-c572f89c779c,sofia.torres23@yahoo.com,41,Mosquera,CC,4_6,propia,false,0,viudo,false,false,false,true,gato,bici,VIDAAH-01
407dfd63-0fd4-4cf9-937a-08265d503dd3,3552957873,38,Cali,CC,1_1.5,arrendada,false,0,viudo,true,true,false,true,otro,bici,APEXEQ-PAL-01
d9b12cd7-2f18-4b5b-a468-9dd866ab2aaa,juan.moreno20@yahoo.com,54,Bogotá,CC,6_8,arrendada,true,4,casado,false,false,false,true,gato,bici,HOGAR-01
5d49af8d-0293-40af-ae76-46677afe63b9,3476115584,55,Soacha,CC,20_30,arrendada,true,2,viudo,false,true,false,false,,ninguno,DEUDOR-VIDA-01
a9e2bdce-2683-40ba-a5ba-4e66f03f0a53,3843237603,38,Barranquilla,CC,4_6,arrendada,true,2,viudo,false,false,false,false,,ninguno,BICI-01
e340a876-cb86-4ca1-9493-9e0cc0844b1e,3736226609,53,Bogotá,CC,4_6,arrendada,true,4,divorciado,true,false,false,true,gato,bici,VIDAAH-01
e4f9d7a7-c7bc-4f25-8241-0336db0da46e,3799368919,40,Medellín,CC,1.5_2,propia,false,0,viudo,false,false,false,false,,bici,ASMULT-01
66fc919c-20f7-4d1b-bb32-19a3feb03986,natalia.florez23@gmail.com,65,Medellín,CC,3_4,arrendada,true,1,casado,false,false,false,true,perro,ninguno,ASMULT-01
c33ca1ff-bcd0-4685-aa25-94b134eb3121,carlos.florez17@hotmail.com,61,Bogotá,CC,4_6,propia,false,0,soltero,true,false,false,true,perro,moto,SALUD-01
087f3a34-fd4e-436e-9522-15c90b7e4329,,70,Funza,CC,1.5_2,familiar,true,3,casado,false,false,false,false,,ninguno,MOTO-01
48dbb48d-a619-4eef-9626-9ae992088e08,,37,Bogotá,CC,1_1.5,propia,false,0,union_libre,false,false,false,false,,carro,APEXEQ-PAL-01
bb86772a-fe85-4216-9063-9894003e3e60,3390363857,35,Bogotá,CC,2_2.5,propia,false,0,viudo,true,false,false,true,otro,carro,SALUD-01
80beb50a-7adb-4968-a8b9-64c43eebceea,3957164682,24,Bogotá,CC,mayor_30,propia,false,0,soltero,true,false,false,true,perro,ninguno,PET-SEG-01
3ddea285-d73b-4303-a7f9-5710c086d649,,32,Medellín,CC,2_2.5,familiar,false,0,casado,false,false,false,true,perro,ninguno,VIDA-01
4b3172f4-7247-4fa1-9cc1-28aba1a88af8,3406400584,36,Cali,CC,3_4,propia,false,0,casado,false,false,false,true,perro,ninguno,VIDA-01
3938cb35-6c33-4e6b-aec9-5d24e22ad458,3647089440,42,Barranquilla,CC,20_30,familiar,false,0,union_libre,false,false,false,true,gato,moto,HOGAR-01
75ef051a-1f5f-4fa3-9f65-afb6954b40b2,3997719445,57,Cali,CC,3_4,familiar,true,4,soltero,false,false,false,true,perro,bici,BICI-01
c6bb932f-4578-4693-818c-382bd24f9c73,3205708392,70,Bogotá,CC,20_30,propia,true,4,casado,false,true,false,true,gato,moto,DEUDOR-VIDA-01
714e0b58-0fab-4941-b9c9-8c6181d72250,diana.florez13@gmail.com,53,Bogotá,CC,2_2.5,familiar,false,0,soltero,false,false,false,true,perro,carro,ASMULT-01
c084aa7d-3328-4b13-a5b6-61b4db262c7b,,42,Bogotá,CC,2_2.5,arrendada,false,0,divorciado,true,false,false,true,perro,ninguno,ARRENDA-01
0e01158d-c996-4922-a825-026bfa0e6039,3586998008,52,Bogotá,CE,1_1.5,arrendada,false,0,viudo,false,false,false,true,perro,carro,HOGAR-01
edfb64be-b6b6-4d34-b220-6bbc2c774429,carlos.rodriguez10@gmail.com,55,Barranquilla,CC,2_2.5,propia,true,1,divorciado,true,false,false,true,perro,moto,ARRENDA-01
2e3a377c-a6cf-4b32-abae-2b60da5322ac,3462404416,31,Bogotá,CC,1_1.5,arrendada,true,4,union_libre,false,false,false,true,gato,ninguno,VIDA-01
095a48bc-2a76-4f3b-910e-5fe5ed02da89,3720476766,34,Mosquera,CC,mayor_30,propia,true,2,viudo,false,false,false,false,,carro,BICI-01
c4b5e841-2bd1-47b2-a2e4-3b0684b32ad2,sofia.vargas16@yahoo.com,29,Bogotá,CC,3_4,familiar,true,3,soltero,false,false,false,true,otro,bici,PET-SEG-01
e269bfd8-eb8e-48ff-856a-a0a34bb46a25,3109979885,47,Medellín,CC,4_6,familiar,true,1,soltero,false,false,false,false,,ninguno,BICI-01
72a31377-7608-425c-98bb-755622741095,,21,Bucaramanga,CC,1_1.5,arrendada,true,4,soltero,false,true,false,true,gato,ninguno,BICI-01
b08e6318-dae0-418f-a22c-f298bf846d28,3885340261,70,Soacha,CC,20_30,propia,false,0,soltero,false,false,false,true,perro,bici,VIDA-01
9e003014-a46d-488a-adc6-503a479a1cd1,3010886797,33,Medellín,CC,2.5_3,arrendada,false,0,divorciado,false,false,false,true,perro,ninguno,BICI-01
05d74f26-4e42-4f81-8bb8-e61b3af4ef5a,3479130279,26,Medellín,CC,1.5_2,familiar,false,0,soltero,true,false,true,true,perro,carro,DEUDOR-VIDA-01
21eeb204-5e54-43f9-b0cf-033307b3ed18,3397661054,25,Soacha,CC,1.5_2,propia,true,3,soltero,true,false,true,true,perro,carro,MOTO-01
5bc20d39-550f-4b25-9977-d151b1bb84aa,3818268323,21,Barranquilla,CC,menor_smlv,propia,true,3,viudo,false,false,false,true,perro,ninguno,BICI-01
ab613cdf-8b82-4700-8f4c-0eddd794ba74,3250394398,68,Bucaramanga,CC,2.5_3,arrendada,true,2,divorciado,false,false,false,true,otro,moto,EXEQ-01
40c9e31f-54d6-42fd-9c82-5b5f6a50f912,diana.torres97@hotmail.com,19,Bogotá,CC,6_8,propia,true,2,union_libre,false,false,false,true,perro,carro,PET-ASIS-01
1fb7150b-4dae-45d1-9f90-f0d3ab983029,3010016761,53,Bogotá,CC,3_4,arrendada,false,0,casado,true,false,true,true,perro,carro,ARRENDA-01
4984ffe2-713d-4972-92c0-be330344abf7,,32,Bogotá,CC,4_6,arrendada,false,0,casado,true,false,false,true,perro,ninguno,SALUD-01
6e2fad65-023c-4a61-bf12-a4807914fe92,3674130753,72,Bogotá,CC,1_1.5,arrendada,false,0,soltero,false,false,true,true,perro,ninguno,DEUDOR-VIDA-01
c752ff02-2a1d-4265-b19c-3a13bcfc54f6,3272440695,30,Medellín,CC,3_4,familiar,false,0,soltero,false,false,false,true,perro,ninguno,MOTO-01
dd8ea283-4058-4760-89db-b18291255e3d,3679167127,70,Medellín,CC,10_20,arrendada,false,0,union_libre,false,false,false,true,perro,bici,PET-SEG-01
580ff185-bf2c-468e-b0e0-d404968407b3,3232367709,53,Bucaramanga,CE,10_20,arrendada,false,0,casado,false,false,false,true,perro,bici,DEUDOR-VIDA-01
7d1720c0-1283-458c-8206-d03ca0f523fe,carlos.perez53@outlook.com,69,Barranquilla,CC,20_30,familiar,false,0,casado,true,false,false,false,,carro,ASMED-01
257612bd-ca47-49ba-8023-4fb37d8b8c0d,3710620802,18,Bogotá,CC,1_1.5,familiar,true,1,soltero,false,false,false,false,,bici,VIDAAH-01
e89ebe97-3b03-4c19-8cd9-6d39a2f6ea2e,sebastian.martinez44@outlook.com,55,Soacha,CC,menor_smlv,propia,false,0,soltero,false,false,false,true,gato,carro,PET-PREP-01
690b235e-af74-430a-be26-34c060cb9202,3932528267,24,Bogotá,CC,6_8,arrendada,true,2,divorciado,false,false,false,true,perro,ninguno,HOGAR-01
9cdbb736-3829-4ade-9853-3c1bc4da0326,carolina.ramirez8@hotmail.com,36,Bogotá,CC,1_1.5,arrendada,true,3,soltero,true,false,false,true,perro,carro,ASMED-01
e28a6a1a-d7a3-4bd6-8590-2f55752e1490,,42,Soacha,CC,10_20,arrendada,true,2,divorciado,false,false,false,true,gato,moto,PET-ASIS-01
b244f7f3-b512-4c1a-84af-b9b5fc5478d1,3119470720,20,Medellín,CC,20_30,arrendada,false,0,union_libre,true,false,false,false,,ninguno,ASMED-01
66160fa8-792a-447b-8240-b7080adc47c2,3312182725,54,Bogotá,CE,4_6,arrendada,false,0,casado,false,false,false,false,,moto,ASMULT-01
9839e6e9-856d-4a18-8677-78dee5aa5bbf,sofia.jimenez52@gmail.com,73,Barranquilla,CC,4_6,arrendada,true,1,divorciado,false,false,false,true,perro,bici,PET-PREP-01
22daca43-8a0a-41e8-ab51-87590da39350,diego.jimenez68@yahoo.com,55,Zipaquirá,CC,3_4,familiar,false,0,casado,false,false,false,false,,ninguno,MOTO-01
85c9096a-aa20-4ec4-b1a9-3be4b8f2bb83,3660472948,35,Bogotá,CC,1.5_2,propia,true,1,viudo,true,false,false,true,gato,ninguno,SALUD-01
f9e247ff-dcdb-4813-887a-c5c66a05adbc,jorge.moreno1@hotmail.com,72,Bogotá,CC,10_20,propia,true,2,union_libre,true,true,false,true,otro,moto,SALUD-01
a72a5d5f-ace7-45d9-ac96-3338728115f9,,71,Medellín,CC,3_4,familiar,true,3,divorciado,false,false,false,true,gato,ninguno,ASMULT-01
154c05a1-5cdd-4469-9ca8-d5b9f5935616,luis.vargas86@yahoo.com,34,Bogotá,CC,8_10,familiar,true,4,soltero,false,false,false,false,,moto,BICI-01
9752e219-37e4-49b0-b320-808f4687f90f,3962616845,40,Bucaramanga,CC,4_6,arrendada,false,0,casado,false,false,false,true,perro,bici,VIDAAH-01
fa916f9d-1bdf-4c87-8f16-38c4e11c87e3,luis.garcia95@hotmail.com,21,Bogotá,CC,menor_smlv,arrendada,false,0,union_libre,false,false,false,false,,carro,BICI-01
7cc2b5f0-5301-42f2-9800-7e43e77ff9c1,camila.rodriguez29@outlook.com,44,Bogotá,CC,4_6,propia,true,4,viudo,false,false,false,true,perro,bici,VIDAAH-01
c8c4f9be-d62b-4f7a-b765-18b653324d35,valentina.jimenez62@outlook.com,24,Medellín,CC,1_1.5,propia,true,1,soltero,false,false,false,false,,moto,DEUDOR-VIDA-01
64517523-f410-4671-9c95-19800b173bf6,julian.gonzalez68@gmail.com,75,Bogotá,CC,8_10,propia,false,0,divorciado,true,false,false,true,perro,ninguno,EXEQ-01
ea5d9cb8-b3dd-4b46-ad60-e4dabe5fabef,,65,Medellín,CE,menor_smlv,familiar,true,2,soltero,false,false,false,true,perro,moto,ASMULT-01
9c3c04e9-8801-4ad8-982b-01d4d349dd08,3637883130,70,Soacha,CC,4_6,arrendada,true,4,soltero,true,false,false,true,otro,ninguno,EXEQ-01
a36ef049-24aa-4556-92e8-eed3f1439e39,3939866398,65,Mosquera,CC,4_6,arrendada,true,3,union_libre,true,false,false,false,,moto,EXEQ-01
83420537-7f41-4a96-a110-528ebe0518b1,,54,Medellín,CC,2_2.5,familiar,false,0,divorciado,false,false,false,true,gato,carro,DEUDOR-VIDA-01
a711aa32-27cd-4839-9dab-608f406a6a6b,luis.vargas2@outlook.com,45,Bogotá,CE,2_2.5,propia,false,0,casado,false,false,false,true,gato,ninguno,ARRENDA-01
85a9a03e-8a63-4735-af92-1d893dde02cf,3815129116,35,Bucaramanga,CC,1_1.5,familiar,false,0,viudo,true,false,false,false,,moto,APEXEQ-PAL-01
3f151ea5-3df6-4cdd-b061-ddd615164e90,jorge.lopez15@yahoo.com,73,Medellín,CC,1_1.5,propia,false,0,casado,false,false,false,true,otro,carro,APEXEQ-PAL-01
d5a4b0ae-92a7-4758-a8a0-ea19af916560,3416787256,50,Bogotá,CC,1_1.5,familiar,true,4,casado,true,false,false,true,otro,carro,APEXEQ-PAL-01
0af4bb7b-fa03-4e31-9ee8-bc6ad3c0366a,3337045740,55,Medellín,CC,4_6,arrendada,true,1,divorciado,false,false,false,true,otro,moto,VIDAAH-01
7cfd8c6b-38df-49f2-a62a-886f824fe475,camila.torres76@gmail.com,63,Mosquera,CC,1_1.5,arrendada,true,4,viudo,false,false,false,true,gato,carro,MOTO-01
f1640393-1632-4dab-972b-8deaf6168fa2,3224043261,24,Medellín,CC,1_1.5,familiar,true,1,soltero,true,false,false,true,perro,carro,ARRENDA-01
487773f3-68fb-4475-95bd-a3dd31719663,3655560592,30,Barranquilla,CE,2_2.5,familiar,false,0,viudo,false,false,false,true,gato,ninguno,SALUD-01
bb491fdf-f810-4b50-9499-8d9424ed03f7,,53,Bogotá,CC,6_8,familiar,false,0,union_libre,false,false,false,true,gato,bici,VIDAAH-01
ae2daf7f-7fde-441c-bb7d-8ff0f57ee8dd,luis.lopez71@hotmail.com,26,Medellín,CC,8_10,propia,false,0,soltero,false,false,false,false,,moto,BICI-01
c081ef76-8bf4-448c-8102-17904a340018,,56,Soacha,CC,1_1.5,propia,true,1,viudo,true,false,false,false,,ninguno,ASMED-01
59aaa7de-fd8e-4b3d-b6e5-7e4220cd2278,,47,Medellín,CC,10_20,familiar,true,2,soltero,false,false,false,false,,ninguno,HOGAR-01
7b0a29e1-4abd-4348-9b52-8c8974b5a1d1,3985034465,29,Cali,CC,1.5_2,arrendada,true,1,viudo,false,false,false,true,perro,bici,BICI-01
81c3cd22-4851-4000-8c6a-8f480361b3c7,3456324540,65,Medellín,CC,3_4,propia,true,4,soltero,false,false,false,true,perro,ninguno,HOGAR-01
65e094d3-5909-4ceb-aa6f-9b9efbc8bdb0,3315402447,50,Bogotá,CC,1_1.5,propia,true,4,union_libre,true,false,false,true,otro,ninguno,DEUDOR-VIDA-01
b120bccb-e235-4d6f-a465-1fbb59ca930d,,55,Medellín,CC,menor_smlv,familiar,true,1,soltero,true,false,false,true,perro,ninguno,APEXEQ-PAL-01
5150ae2e-b4eb-49fd-b471-425984bae1d7,juan.gomez24@hotmail.com,74,Soacha,CC,1.5_2,arrendada,false,0,soltero,false,false,false,true,perro,carro,PET-ASIS-01
17bdc338-906e-4b6c-b3d1-5b20e9bbea2f,3234463321,22,Medellín,CC,1_1.5,familiar,true,3,divorciado,true,false,false,true,otro,ninguno,VIDA-01
b0dd8bff-ac9c-43bb-8dec-b261ec1014b2,3229830878,51,Bogotá,CC,1_1.5,familiar,true,4,divorciado,false,false,false,true,perro,bici,APEXEQ-PAL-01
8396a065-a862-48f0-a9b3-f79cbf591185,3900889258,21,Mosquera,CC,20_30,arrendada,false,0,divorciado,false,false,false,true,perro,moto,BICI-01
f0dfaf1f-5bb3-42ce-b2dc-6b5dc5efcdfe,3727117595,72,Medellín,CC,6_8,arrendada,true,3,union_libre,false,false,false,true,perro,ninguno,PET-ASIS-01
03d041d3-dfbd-4887-8d03-851e17fdcb92,3431735058,68,Manizales,CC,2_2.5,propia,false,0,viudo,false,false,false,true,perro,carro,PET-SEG-01
3a87afca-338d-437c-92cd-361c2614bc1b,,24,Soacha,CC,3_4,propia,true,4,casado,false,false,false,true,gato,ninguno,BICI-01
e81f6704-0011-4e94-bda5-bb13c055f3eb,3799900725,68,Bogotá,CC,4_6,familiar,false,0,divorciado,true,false,false,false,,ninguno,EXEQ-01
f4d45996-9455-4bf1-b464-f8c8cca08d5e,3718729703,34,Medellín,CC,3_4,propia,false,0,union_libre,false,false,false,true,perro,carro,VIDA-01
0b484c14-6262-491e-af41-f6f916d56844,3716484351,36,Cali,CC,3_4,arrendada,false,0,divorciado,true,false,false,true,perro,carro,PET-SEG-01
ac7e36e8-ad00-4d8e-8248-8de40d28e704,3241913800,72,Bogotá,CC,menor_smlv,propia,true,1,divorciado,true,false,false,false,,moto,ASMED-01
1f9e1f96-904b-4e3c-b0b6-37d623a1bf68,jorge.jimenez88@gmail.com,34,Zipaquirá,CC,8_10,arrendada,true,4,union_libre,false,false,false,true,perro,carro,BICI-01
42ddedad-cd84-4fd3-afd6-dd4ccc5a57cd,maria.sanchez10@yahoo.com,32,Medellín,CC,10_20,familiar,false,0,viudo,true,false,false,false,,ninguno,BICI-01
4940d7a1-1ac3-46a3-9fce-9e249297cb17,paula.perez90@hotmail.com,44,Bogotá,CC,mayor_30,propia,true,2,union_libre,false,false,false,true,perro,ninguno,DEUDOR-VIDA-01
b65cfda9-3cbc-4800-af93-52e421220abf,3737480521,64,Cali,CC,20_30,arrendada,true,1,casado,true,false,false,false,,ninguno,BICI-01
0276bf3c-a0ff-4114-bcfd-f191717e089e,3843021781,58,Bogotá,CC,6_8,familiar,true,1,divorciado,false,false,false,false,,carro,EXEQ-01
c1bd65b6-60e7-492f-b9b1-4c510f156444,3048881987,62,Soacha,CC,2.5_3,familiar,true,4,casado,true,false,false,false,,ninguno,MOTO-01
d3b64a22-bbfa-477d-bd2a-162776340d7b,3214895134,49,Barranquilla,CC,6_8,propia,true,1,soltero,true,false,false,false,,ninguno,VIDAAH-01
db2c9819-3c4e-4af1-bdf4-1c06fc2c72d0,maria.sanchez95@yahoo.com,20,Zipaquirá,CC,2_2.5,arrendada,false,0,viudo,false,false,false,true,otro,moto,MOTO-01
9c01a848-0daa-43d7-94df-a075bbe606c1,3563082924,51,Barranquilla,CE,4_6,propia,true,4,casado,false,false,false,false,,ninguno,VIDAAH-01
79618e5b-c47c-4966-80bb-1e45f52f9134,camila.rojas44@yahoo.com,66,Mosquera,CC,menor_smlv,familiar,false,0,viudo,false,false,false,false,,ninguno,MOTO-01
6f37cebc-4ef4-40c1-aedb-6276947c3ff0,,26,Bogotá,CC,3_4,familiar,false,0,casado,true,false,false,false,,carro,BICI-01
8dabddfb-26e8-4a6c-8843-4699da62a1c3,3052917750,52,Medellín,CC,4_6,propia,false,0,viudo,true,false,false,true,gato,ninguno,SALUD-01
94d5b809-8c5c-4142-bd9c-a3d712f6de84,,71,Bogotá,CC,6_8,propia,false,0,union_libre,true,false,false,true,gato,bici,PET-SEG-01
59cbea7b-5094-4d7a-ba51-8d899215ccb3,3318667906,45,Bogotá,CC,20_30,arrendada,false,0,union_libre,true,false,false,true,gato,ninguno,SALUD-01
b0f85c10-ba98-4a41-a5d9-e5349d029b85,3883220125,43,Soacha,CC,2.5_3,familiar,false,0,soltero,false,false,false,false,,moto,ASMULT-01
d8998bfd-d913-47d1-897b-52bb8e5f39d7,3088884235,57,Cali,CC,2.5_3,propia,false,0,casado,false,false,false,true,perro,ninguno,DEUDOR-VIDA-01
3a4d162e-68d0-4fef-84be-eb42e4c2c2e0,3417939431,37,Medellín,CC,3_4,familiar,false,0,soltero,false,false,false,true,gato,moto,ASMULT-01
91f123f4-df26-4bde-802d-9de2edbd19c8,3681966230,18,Bucaramanga,CC,2_2.5,arrendada,true,2,divorciado,true,false,false,true,otro,bici,HOGAR-01
33733c26-3d74-4788-828f-41f3ad6ee650,3007404515,45,Medellín,CE,10_20,familiar,false,0,casado,true,false,false,true,perro,carro,PET-SEG-01
3ab78375-d7f8-4c31-be51-0c7fb4923d2c,3362408319,39,Bogotá,CC,20_30,propia,false,0,divorciado,false,false,false,false,,ninguno,HOGAR-01
a488e2ac-40dc-4371-8c23-375794c06564,3828518161,58,Barranquilla,CC,menor_smlv,familiar,true,3,union_libre,false,false,false,true,perro,bici,ARRENDA-01
ed3419c8-8da5-4cf7-ad1f-55bdefd7b4be,,51,Bogotá,CC,3_4,familiar,true,1,viudo,false,false,false,true,gato,moto,PET-ASIS-01
f42dceb3-1b22-4507-8c09-7e0d3d146a7d,3037647476,65,Barranquilla,CC,10_20,propia,true,1,divorciado,true,false,false,true,gato,ninguno,SALUD-01
cc2e868c-7905-4a46-a40a-4d6f58a6284c,3983243595,25,Mosquera,CC,2_2.5,propia,false,0,casado,true,false,false,true,otro,ninguno,PET-SEG-01
7b993581-319d-48fd-932c-8e39db2b5164,3075914456,37,Medellín,CC,6_8,familiar,true,4,divorciado,false,false,false,true,otro,ninguno,VIDAAH-01
4620c8b9-d71b-4f12-bfd3-5947ae3efe67,3215262076,61,Barranquilla,CC,6_8,familiar,true,3,divorciado,false,false,false,true,gato,moto,PET-SEG-01
1828d9f7-a459-4474-8f6e-8d7cd8b6610c,3065360549,49,Barranquilla,CC,1_1.5,propia,false,0,divorciado,false,false,false,true,perro,moto,APEXEQ-PAL-01
032b2820-8800-4f71-b3a8-3bf4e69d769d,luis.vargas53@hotmail.com,32,Bogotá,CC,2.5_3,arrendada,false,0,union_libre,false,true,false,false,,ninguno,DEUDOR-VIDA-01
94108418-9be3-41cb-b336-d02a42f0215e,3475616038,36,Medellín,CC,menor_smlv,arrendada,false,0,casado,false,false,false,false,,carro,APEXEQ-PAL-01
eb86a45c-22cf-4ea0-8ae2-7e3b085064ef,valentina.perez55@yahoo.com,43,Bogotá,CC,10_20,familiar,false,0,divorciado,false,false,false,false,,carro,VIDA-01
14577f2f-f99f-45a3-a4eb-79ff32bfe26a,3462742052,56,Medellín,CE,mayor_30,propia,true,3,viudo,false,false,false,true,otro,ninguno,EXEQ-01
f3664c87-165a-41de-b160-e645f122540c,3134820849,70,Bucaramanga,CC,2_2.5,propia,true,3,casado,false,false,false,true,gato,moto,PET-SEG-01
efc3bf4d-4cd6-4246-9171-b7aa5fc51ec7,3154633441,57,Medellín,CC,menor_smlv,propia,false,0,casado,false,false,false,true,perro,ninguno,BICI-01
f2ccac4b-ea34-4038-8eb9-dae08a2650e1,,24,Medellín,CC,4_6,propia,true,2,casado,false,false,false,false,,ninguno,DEUDOR-VIDA-01
2a57cfd0-b473-4986-b386-37d5c2ec46ec,3241714677,75,Bogotá,CC,1.5_2,arrendada,false,0,soltero,false,false,false,true,perro,moto,ARRENDA-01
d47c5908-80c0-4d3c-8160-5398d05d7baa,,27,Medellín,CE,6_8,arrendada,true,4,viudo,true,false,false,true,perro,moto,SALUD-01
2014e534-d6cc-46f5-84a2-0b9f4e230cd4,juan.moreno95@outlook.com,50,Zipaquirá,CC,20_30,familiar,false,0,union_libre,false,false,false,true,perro,ninguno,PET-SEG-01
68a78faa-3678-4212-b7e6-85180383798f,sebastian.ramirez55@outlook.com,27,Bogotá,CC,2_2.5,propia,false,0,casado,false,false,false,false,,carro,ASMULT-01
53ea207e-3901-4511-abc2-dcb61f972fc4,3893169823,64,Bogotá,CC,6_8,familiar,true,3,casado,false,false,false,false,,carro,DEUDOR-VIDA-01
c6bea4cb-11a7-4fad-b647-639f5198c403,natalia.moreno53@gmail.com,64,Bogotá,CC,menor_smlv,propia,true,4,soltero,false,false,false,false,,moto,BICI-01
1603bce4-e4ba-48e0-8df4-a50e871579dc,3189802213,51,Bogotá,CC,4_6,familiar,true,4,soltero,false,false,false,false,,moto,VIDAAH-01
763c774d-1858-488e-a49e-ef00eebddcf7,3477092071,23,Medellín,CC,3_4,propia,false,0,casado,false,false,false,true,perro,ninguno,ARRENDA-01
44003524-082e-4642-bf92-f439296f331e,ana.rodriguez23@outlook.com,67,Funza,CC,menor_smlv,propia,true,1,divorciado,true,false,false,false,,moto,PET-SEG-01
e129a25b-48f8-4efc-987f-68a3f6fad946,3288151369,67,Bogotá,CC,10_20,propia,true,4,soltero,false,true,false,false,,ninguno,VIDA-01
038d47a3-a555-4704-991f-0f59a5e537d8,3257627023,40,Soacha,CC,4_6,arrendada,false,0,union_libre,true,false,false,true,perro,bici,VIDAAH-01
8739df5c-9aeb-40f9-938b-d91e59e56de7,3367492617,39,Medellín,CC,4_6,arrendada,false,0,union_libre,false,false,true,true,perro,ninguno,VIDAAH-01
9647336a-43b1-4032-92c3-ebc78969e26c,3329330023,28,Bogotá,CC,8_10,familiar,false,0,union_libre,true,false,true,true,otro,moto,EXEQ-01
6c49e67b-d152-4b4f-836e-af088c2b68be,3880497046,35,Funza,CC,2.5_3,familiar,false,0,union_libre,false,false,false,false,,ninguno,ARRENDA-01
b60e6d1c-7c4f-476f-a4d3-fa6ce453ee6f,,28,Bogotá,CC,8_10,familiar,false,0,union_libre,false,false,false,true,gato,moto,DEUDOR-VIDA-01
e13306ea-f213-4f6a-bff2-6517d343dc7d,juan.martinez34@gmail.com,74,Medellín,CC,menor_smlv,arrendada,true,4,divorciado,false,false,false,true,perro,ninguno,APEXEQ-PAL-01
9e38bc8a-1618-4dc4-973f-75823b4e3f5c,3433037271,57,Bogotá,CC,4_6,familiar,true,2,union_libre,false,false,false,true,perro,ninguno,EXEQ-01
cf07002a-a157-4992-8a01-d7a5916a14c1,laura.castro25@gmail.com,35,Medellín,CC,2.5_3,arrendada,false,0,viudo,false,false,false,true,gato,ninguno,ASMULT-01
a91c1ccb-a94a-4e81-a538-0144c57e5974,,38,Barranquilla,CC,menor_smlv,arrendada,false,0,divorciado,false,false,false,true,perro,ninguno,ARRENDA-01
144db367-7bf9-4728-b425-197f6a01d5cd,3228700213,45,Medellín,CC,20_30,propia,true,2,viudo,false,false,false,true,gato,ninguno,VIDAAH-01
9280a4e5-a03b-46e0-8f0c-15660d3a6c25,3430192209,41,Medellín,CC,4_6,arrendada,false,0,casado,true,false,false,true,perro,ninguno,PET-ASIS-01
fd33842c-ddc4-42a7-a9fd-a13931982fcd,juan.gonzalez36@hotmail.com,48,Bogotá,CE,menor_smlv,arrendada,false,0,casado,true,false,false,true,perro,moto,VIDA-01
e1631051-adb5-4599-8e90-7f651a54406f,3849804253,22,Bogotá,CC,6_8,propia,true,2,divorciado,false,false,false,true,perro,moto,BICI-01
9a2f6d07-6185-4172-b4b5-92c805ea71d6,3383506541,30,Cali,CC,10_20,propia,false,0,divorciado,false,false,false,false,,ninguno,VIDA-01
a08a2c9e-9184-46b8-a18c-d4d310d9f595,3305754370,18,Mosquera,CC,menor_smlv,familiar,true,3,soltero,false,false,false,false,,ninguno,MOTO-01
03c8dcbe-3887-48b3-8858-9e18013f7c6a,3870330141,25,Medellín,CC,8_10,propia,true,4,soltero,false,false,false,false,,ninguno,VIDA-01
a33476c0-6f9f-4a23-972d-6ce441f82895,3787158415,29,Funza,CC,20_30,propia,true,2,soltero,true,false,false,false,,ninguno,BICI-01
1a2e79f0-caaf-476c-9c8c-181e7c5315b0,3111433064,19,Bogotá,CC,8_10,familiar,false,0,viudo,true,false,false,false,,ninguno,HOGAR-01
168c5687-e560-423a-abe1-f83202cbffbf,sebastian.torres68@hotmail.com,73,Barranquilla,CC,2_2.5,arrendada,true,1,viudo,true,false,false,true,gato,ninguno,VIDA-01
3333c448-5920-42ec-8c09-d2121d58cc63,3833285968,32,Cali,CC,2.5_3,arrendada,true,1,soltero,false,false,false,true,perro,ninguno,VIDA-01
380b6eb2-2c59-4578-bf8b-38c5f795d5c6,sofia.gonzalez58@hotmail.com,49,Manizales,CC,20_30,familiar,true,1,soltero,false,false,false,true,perro,bici,PET-PREP-01
1f6a539b-d9fb-447c-970b-cd76936f1666,3970509754,51,Medellín,CC,6_8,propia,false,0,union_libre,false,false,false,true,gato,carro,VIDAAH-01
e85c0e76-ea32-489d-a38b-89b91a471d26,valentina.suarez88@yahoo.com,29,Bogotá,CC,2_2.5,familiar,true,4,union_libre,false,false,false,true,gato,moto,DEUDOR-VIDA-01
0185c516-c0c4-49b3-aff2-95492ab4494a,jorge.perez82@yahoo.com,45,Bogotá,CC,20_30,familiar,false,0,divorciado,false,false,false,true,perro,moto,BICI-01
7f4dc32e-f353-4b1a-b635-78f6f18a8204,jorge.martinez89@outlook.com,75,Barranquilla,CC,3_4,familiar,true,2,viudo,false,false,false,true,perro,carro,EXEQ-01
91e05b64-632b-47ce-897b-14776248ebfd,3926876128,67,Barranquilla,CC,8_10,arrendada,false,0,union_libre,true,false,false,true,perro,ninguno,ASMULT-01
13b49cbb-861b-4812-865f-c52d7c0c03b3,3911608478,61,Bucaramanga,CC,3_4,familiar,true,2,casado,true,false,false,true,gato,carro,ASMULT-01
21f870ae-5665-4934-86ab-2f932c0e441f,laura.castro17@hotmail.com,32,Barranquilla,CC,4_6,arrendada,true,1,viudo,true,false,false,true,perro,carro,ASMED-01
74d4d5f1-7a8c-47de-ae3e-cf0aadc62da1,3458962683,50,Barranquilla,CE,2.5_3,familiar,true,4,divorciado,true,true,false,true,perro,ninguno,ASMED-01
ebb7434b-bc88-4167-9779-72db92fffffc,3267511997,49,Medellín,CC,6_8,arrendada,false,0,casado,false,false,false,true,otro,carro,VIDAAH-01
af953f36-4a51-49e6-bff6-54176ab44d2d,3079823070,19,Medellín,CC,8_10,propia,true,2,casado,false,false,false,true,gato,ninguno,PET-SEG-01
abf246d9-cba3-4a36-9ee1-9962b0503fe3,daniela.suarez3@hotmail.com,61,Medellín,CC,1_1.5,propia,false,0,divorciado,false,false,false,true,otro,ninguno,APEXEQ-PAL-01
3b71877e-6451-4acb-92dd-2cf2bf436151,daniela.rojas71@gmail.com,44,Medellín,CC,10_20,familiar,true,4,viudo,false,false,false,true,gato,carro,EXEQ-01
b601a7df-46e1-4884-8f5a-b4c9a7141159,,63,Cali,CC,3_4,familiar,false,0,divorciado,false,false,false,true,perro,ninguno,ARRENDA-01
bdd76a5c-3df3-428a-8528-afb3f5822130,3754821456,59,Soacha,CC,20_30,familiar,false,0,casado,true,false,false,false,,bici,EXEQ-01
a21d0865-57d8-4208-9f5c-003621ea235d,,21,Soacha,CC,menor_smlv,familiar,true,4,viudo,false,false,false,true,perro,ninguno,BICI-01
f70465a3-0633-4471-8ece-2031cbd12716,felipe.ramirez57@gmail.com,19,Bucaramanga,CC,menor_smlv,arrendada,false,0,casado,false,false,false,true,otro,moto,ARRENDA-01
5bd38f38-5354-42da-acd9-9ea307a3d115,3583356638,51,Bucaramanga,CE,20_30,propia,false,0,viudo,true,false,false,true,perro,carro,PET-SEG-01
f0ba55ed-22a5-404a-8c02-b6b8e58e7530,carlos.moreno96@gmail.com,56,Manizales,CC,6_8,familiar,true,3,viudo,false,true,false,false,,ninguno,VIDA-01
881c47ad-7b89-4333-ab0d-a7dfa9707dcd,santiago.sanchez90@yahoo.com,28,Barranquilla,CC,mayor_30,propia,false,0,divorciado,true,false,false,true,otro,carro,BICI-01
42854816-1f9c-4a2a-adb6-86bc5b762abc,,23,Bogotá,CC,3_4,propia,false,0,viudo,false,false,false,true,gato,ninguno,PET-SEG-01
ac19a079-be7d-4a7b-823f-61d67312e43a,3640019154,72,Medellín,CC,1_1.5,arrendada,false,0,soltero,false,false,false,true,perro,moto,APEXEQ-PAL-01
3e69361e-4dc0-4bc4-ac07-cf4377fd467b,3215031780,29,Bogotá,CE,6_8,familiar,false,0,casado,true,false,false,true,gato,carro,BICI-01
e4ba976e-e125-4dfb-b1eb-30a709fc4c91,3181030683,24,Bogotá,CC,6_8,arrendada,true,3,soltero,true,false,false,true,perro,moto,SALUD-01
8a8a2b2e-0af5-4811-9142-0efb8ed8fd5a,julian.rojas38@yahoo.com,21,Bogotá,CE,4_6,familiar,true,4,soltero,true,false,false,false,,ninguno,DEUDOR-VIDA-01
2ba0030f-bcc8-47f6-9310-31632e4eb6d5,3454006445,40,Medellín,CC,4_6,arrendada,false,0,union_libre,false,false,false,true,perro,ninguno,VIDAAH-01
7f1fd8fd-06f4-49b6-b2e8-6172903890e4,maria.ramirez61@gmail.com,32,Bogotá,CC,6_8,propia,false,0,soltero,true,false,false,true,perro,ninguno,ASMED-01
a70313d9-3e3a-4b28-a4c9-e140030b096c,3372162660,31,Funza,CC,1_1.5,propia,false,0,union_libre,false,false,false,true,perro,carro,APEXEQ-PAL-01
88bd9ef5-57af-4c5f-8dac-505135a89b35,andres.castro66@outlook.com,65,Cali,CC,2_2.5,arrendada,false,0,divorciado,true,false,false,true,gato,moto,ARRENDA-01
3d112ab1-c815-414c-94ca-ccb30d7d89d3,laura.gonzalez53@yahoo.com,51,Bogotá,CC,10_20,arrendada,true,3,viudo,true,false,false,true,perro,moto,BICI-01
bd98aae9-087d-4842-aa22-06417796b093,3380450308,68,Zipaquirá,CC,2_2.5,propia,false,0,union_libre,false,false,false,true,perro,carro,MOTO-01
c6da6879-b799-49af-95c7-b1d4f7c172d4,natalia.gonzalez97@hotmail.com,32,Soacha,CC,4_6,arrendada,true,4,soltero,false,false,false,false,,carro,BICI-01
4ceca87c-4957-41ee-9fe9-994f72c6e914,natalia.gonzalez78@gmail.com,19,Zipaquirá,CC,2.5_3,arrendada,false,0,viudo,true,false,false,true,perro,moto,VIDA-01
d04ab1e3-557d-4995-811c-2548cec993d4,3249547671,55,Cali,CC,1.5_2,propia,false,0,union_libre,false,false,false,false,,carro,ARRENDA-01
9f0e74e5-9da7-4517-89fa-7e2af2617f54,3275777783,28,Bogotá,CC,1_1.5,familiar,false,0,viudo,false,false,false,false,,moto,PET-SEG-01
4389e468-49bd-4750-b2dc-7bbd936bd5a5,3490827718,25,Medellín,CC,1_1.5,familiar,false,0,viudo,true,false,false,true,gato,moto,APEXEQ-PAL-01
29ec0472-8495-4308-a41d-72da2fb63f22,natalia.jimenez5@yahoo.com,34,Medellín,CC,2.5_3,familiar,true,1,divorciado,false,false,false,true,gato,moto,APEXEQ-PAL-01
f0841e09-e0d0-4e69-ab69-72570d9e8ff3,,32,Bogotá,CE,1.5_2,propia,false,0,viudo,true,false,false,true,perro,ninguno,DEUDOR-VIDA-01
be7d3b39-b5c6-4770-832c-d382ccbd0160,santiago.castro74@outlook.com,32,Zipaquirá,CC,10_20,propia,false,0,union_libre,true,false,false,false,,ninguno,ASMED-01
6b7b58d8-ab85-4cc9-817b-7f8495128ba2,,72,Bogotá,CC,3_4,familiar,false,0,divorciado,true,false,false,false,,ninguno,ARRENDA-01
2e3fa6f3-ceae-497e-bd36-9c1e16dc1e36,julian.torres20@hotmail.com,51,Barranquilla,CC,1.5_2,propia,true,4,union_libre,false,false,false,true,perro,ninguno,ASMULT-01
63910dfe-6cba-4bea-840a-f4eefc325813,3151820377,51,Bogotá,CC,mayor_30,familiar,false,0,casado,false,false,false,true,perro,ninguno,HOGAR-01
0d4eba05-ef4c-416c-881a-b104a0e32d7e,camila.sanchez39@yahoo.com,70,Bogotá,CC,menor_smlv,familiar,false,0,soltero,false,false,true,false,,carro,ASMULT-01
e697680a-ecf3-46b9-9653-3f6e9ee4bac3,3609932470,46,Mosquera,CC,1.5_2,propia,true,4,casado,false,false,false,true,perro,moto,MOTO-01
d4f63e25-8f68-4fd2-8897-a59f190d7ad6,3150892298,30,Bogotá,CC,menor_smlv,familiar,true,2,casado,true,false,false,false,,moto,ASMED-01
c76596ec-231c-4231-87b7-99e3fb9a871d,ana.vargas78@gmail.com,73,Bogotá,CC,1_1.5,propia,false,0,divorciado,false,false,false,true,gato,carro,PET-SEG-01
6cd639d5-99bf-4f40-ab16-3d5e45be1722,3277115275,62,Bogotá,CC,menor_smlv,arrendada,false,0,casado,false,false,false,true,perro,carro,VIDA-01
6586b829-819a-4094-96aa-3a14543b50ac,felipe.martinez13@yahoo.com,45,Bogotá,CC,4_6,arrendada,false,0,union_libre,true,false,true,true,perro,ninguno,DEUDOR-VIDA-01
3cb18e25-b2a6-4748-a020-50bcdfd769ac,carlos.florez97@yahoo.com,45,Bogotá,CC,1_1.5,familiar,false,0,divorciado,true,false,false,true,perro,ninguno,PET-ASIS-01
a5a098da-4da0-4794-a638-43ffe3791ae8,sofia.torres85@gmail.com,28,Bucaramanga,CC,20_30,familiar,true,3,viudo,true,false,false,false,,bici,HOGAR-01
02e205fc-acc6-4847-8ea0-4fceff6914d9,david.lopez59@gmail.com,55,Bogotá,CC,6_8,arrendada,false,0,soltero,true,false,false,true,perro,moto,VIDAAH-01
c8a32f2a-c0d2-4564-a5ed-3f7f033b9f0b,3014508993,70,Medellín,CC,3_4,familiar,false,0,viudo,false,false,false,true,otro,ninguno,EXEQ-01
47104daf-1ff2-43d6-9c4e-63dede40c237,3700429554,48,Soacha,CC,1_1.5,propia,true,1,soltero,false,false,false,false,,moto,PET-SEG-01
8f698505-5dba-4e9a-b5b3-a8d1b1ab35bc,camila.sanchez56@gmail.com,24,Soacha,CC,20_30,familiar,false,0,soltero,true,false,false,true,gato,ninguno,ASMED-01
c8413e05-21a6-4b1e-8071-3d5e78d373c1,3942840888,41,Bogotá,CC,4_6,familiar,false,0,casado,false,false,false,true,perro,bici,HOGAR-01
75ceac9c-e241-409f-8216-9ebbb2bbd400,diego.rodriguez93@outlook.com,71,Manizales,CC,20_30,arrendada,false,0,soltero,false,false,false,true,gato,ninguno,EXEQ-01
e26d201f-3f26-4580-8290-af646eb60e8a,3608989921,66,Bogotá,PA,menor_smlv,propia,false,0,casado,false,false,false,true,perro,ninguno,ARRENDA-01
1da54d1a-6330-4a07-964a-d75998142083,3875505624,32,Bogotá,CC,8_10,propia,false,0,viudo,false,false,false,true,perro,bici,BICI-01
781b3441-463b-429e-9764-bb549c587ff5,,57,Bogotá,CC,1_1.5,propia,true,4,soltero,true,false,false,true,otro,carro,DEUDOR-VIDA-01
46b9fbd3-1ee3-460b-92ce-02cfaff5238c,3394290458,65,Bogotá,CC,1_1.5,arrendada,false,0,divorciado,false,false,false,true,perro,moto,APEXEQ-PAL-01
dd48c4c5-2a87-4dee-95a4-d76cff5e69b1,andres.moreno49@hotmail.com,32,Soacha,CC,menor_smlv,arrendada,false,0,viudo,true,false,false,true,gato,moto,MOTO-01
0b1077f5-1f84-473b-8280-6a2504f570c4,laura.gonzalez77@yahoo.com,32,Bogotá,CC,10_20,arrendada,false,0,viudo,false,false,false,true,perro,ninguno,DEUDOR-VIDA-01
ffcc9d01-dbc4-4a1c-9f24-718a71879b77,,68,Bogotá,CC,1_1.5,familiar,true,2,divorciado,false,false,false,false,,ninguno,BICI-01
c1e14e7a-ffb9-4737-b9fc-11ca80f00cc0,julian.rodriguez52@gmail.com,42,Zipaquirá,CC,2_2.5,familiar,false,0,divorciado,true,true,false,false,,carro,MOTO-01
06e7b5d9-06a9-425f-8f8c-20ef33187cec,,75,Medellín,CC,20_30,arrendada,false,0,viudo,false,false,false,true,perro,moto,EXEQ-01
104ab88d-7169-4275-a9e4-81765edb6d5a,3786691251,46,Medellín,CC,3_4,familiar,false,0,viudo,false,false,false,true,otro,moto,DEUDOR-VIDA-01
5aa1fffa-7dbc-488b-9160-30151622ddeb,maria.florez77@hotmail.com,67,Medellín,CC,8_10,familiar,false,0,casado,false,false,false,true,gato,carro,EXEQ-01
06c4aa59-4dbb-4264-80c0-cccba8f429c5,3589367428,64,Funza,PA,3_4,propia,true,1,divorciado,false,false,false,false,,moto,MOTO-01
46d7ee41-2812-4845-8048-211d6f9f0b04,3588537982,25,Bogotá,CC,6_8,familiar,false,0,union_libre,false,false,false,false,,bici,HOGAR-01
04e6ba77-185e-4763-8502-1f72aa3bd240,,62,Bucaramanga,CC,2.5_3,propia,false,0,viudo,false,false,false,false,,carro,ASMULT-01
da6e57db-5f82-45e0-9917-54f1206ae49e,3296151204,63,Bogotá,CC,mayor_30,arrendada,false,0,soltero,false,false,false,false,,moto,EXEQ-01
07ca6dd0-3861-4ef9-bc36-ee01546c1520,3735267565,74,Bogotá,CC,1.5_2,familiar,true,1,union_libre,true,false,false,true,otro,ninguno,VIDA-01
0719be38-9a91-486d-99bb-912bdf7333b5,andres.garcia65@hotmail.com,64,Cali,CC,2.5_3,arrendada,false,0,divorciado,true,false,false,true,gato,carro,SALUD-01
876592fa-532e-4eb7-9541-c45f96c53bf4,3236084229,67,Bucaramanga,CC,1.5_2,arrendada,true,3,soltero,false,false,false,true,perro,ninguno,ARRENDA-01
c2b3bec4-19c7-4723-aa9f-9acf5dceeece,3182446821,43,Medellín,CC,2_2.5,arrendada,true,2,viudo,false,false,false,true,otro,ninguno,DEUDOR-VIDA-01
109b7387-88ca-4755-bba0-a521cb7bda08,valentina.jimenez32@hotmail.com,67,Bucaramanga,CC,1_1.5,propia,true,4,casado,false,false,false,true,gato,moto,DEUDOR-VIDA-01
d0d07f7e-a6de-4831-8fac-379f63cf0ba0,3302927640,38,Barranquilla,CC,menor_smlv,arrendada,true,2,viudo,false,false,false,true,gato,ninguno,ASMULT-01
65f51c34-2ee5-4804-9036-e44b42ed57b6,luis.torres94@outlook.com,40,Bogotá,CC,1.5_2,propia,true,2,viudo,true,false,false,true,otro,ninguno,DEUDOR-VIDA-01
4c7b2eba-2d01-4424-998a-176e5dc72ddf,3248980147,42,Bogotá,CC,8_10,familiar,false,0,viudo,false,false,false,true,otro,carro,VIDA-01
4ff27015-46f2-4e7c-a784-693f000aef2e,,63,Bogotá,CC,10_20,arrendada,false,0,divorciado,false,false,true,true,gato,ninguno,DEUDOR-VIDA-01
4e1e22d3-0618-4df0-86cb-3657650e813c,3397635294,44,Soacha,CC,1_1.5,arrendada,false,0,casado,true,false,false,true,perro,bici,ASMED-01
00652ab1-f4de-4b64-a15c-2e88a3e2fcd2,3940596470,59,Bogotá,CC,2_2.5,arrendada,true,3,casado,false,false,false,false,,carro,EXEQ-01
b0a0218e-b7b0-495e-b2b6-df775e0c5417,,29,Bogotá,CC,3_4,propia,false,0,soltero,false,false,false,true,perro,ninguno,BICI-01
d4f51833-52c6-4db7-af32-015db58e1d52,3509889864,68,Bogotá,CC,4_6,arrendada,false,0,casado,false,false,false,true,perro,carro,EXEQ-01
5bf39e54-cbfe-4872-9909-b564971c8095,3951405018,24,Medellín,PA,2.5_3,familiar,false,0,divorciado,true,false,true,true,otro,carro,ASMULT-01
5a3ce82a-401c-4be1-ba38-cbec22ae0286,maria.castro9@gmail.com,31,Medellín,CC,20_30,familiar,true,1,casado,false,false,false,true,perro,ninguno,BICI-01
e531d40f-7994-41c1-84dd-a606012b5191,3614756297,53,Bucaramanga,CC,8_10,propia,true,2,union_libre,false,false,false,true,otro,moto,PET-SEG-01
fd0c1a62-5450-444b-b8ab-f56bf2a1ff98,3185790647,49,Medellín,CC,menor_smlv,propia,true,3,viudo,true,false,false,true,perro,carro,APEXEQ-PAL-01
0b0d8ea7-aae7-46b1-8e61-895be991399e,3325888404,66,Bogotá,CC,1_1.5,arrendada,false,0,casado,false,false,false,true,perro,carro,DEUDOR-VIDA-01
a82d37c8-5e5e-459a-af48-0e4fca01e656,felipe.sanchez41@gmail.com,62,Funza,CC,1.5_2,familiar,true,3,viudo,true,true,false,false,,moto,MOTO-01
1e2941fc-254c-43a7-b5fd-7e9fe4228474,3983631462,55,Bucaramanga,CC,2.5_3,familiar,false,0,soltero,true,false,false,true,perro,ninguno,EXEQ-01
4efc5c72-b656-4eed-bb3b-8caefd1be6fd,3872962042,67,Bogotá,CC,menor_smlv,arrendada,true,3,viudo,false,false,false,true,perro,bici,ASMULT-01
56f4fdc4-3185-4c5a-a721-bd26880fb373,3772584009,59,Medellín,CE,menor_smlv,arrendada,false,0,casado,false,true,false,true,otro,moto,HOGAR-01
9a11ed1f-17f6-4eab-9b3c-8ddcf5df78b0,3230661901,48,Cali,CC,20_30,arrendada,false,0,viudo,false,false,false,true,perro,bici,HOGAR-01
c51a1c7f-bb9d-4ab0-98ec-00e56b5e50e1,3606775595,46,Bogotá,CC,4_6,familiar,true,3,union_libre,true,true,false,true,perro,bici,DEUDOR-VIDA-01
f74e3875-cf38-4ea1-a467-4b52a2d5897f,,33,Bucaramanga,CC,2.5_3,familiar,false,0,soltero,true,false,false,false,,carro,PET-ASIS-01
2a3f09c0-1221-415e-9240-ea2d1f8c343a,valentina.moreno72@outlook.com,21,Mosquera,CC,1.5_2,familiar,false,0,soltero,false,false,false,true,otro,bici,MOTO-01
eff8626f-ce1a-4671-8132-a0f321f62585,3840767899,49,Bogotá,CC,6_8,propia,false,0,soltero,false,false,false,false,,moto,VIDAAH-01
bd89e725-c7a5-456d-8a2e-afca4216e2ad,valentina.martinez46@yahoo.com,18,Bogotá,CC,menor_smlv,propia,true,1,union_libre,false,false,false,false,,ninguno,PET-SEG-01
6f4a305c-5375-42f6-af06-6b0f4abd5984,,41,Bogotá,CC,mayor_30,propia,true,2,viudo,false,false,false,true,perro,moto,BICI-01
6435b8e2-ab0f-4888-94fa-29a95b5c418b,daniela.ramirez19@gmail.com,24,Barranquilla,CC,8_10,propia,false,0,viudo,true,false,false,false,,ninguno,BICI-01
ce66ba8d-1554-4b26-9a72-c2a23d1a5286,diana.torres32@outlook.com,22,Medellín,CC,menor_smlv,propia,false,0,soltero,false,false,false,false,,ninguno,ASMULT-01
339dd8ec-9028-4d8b-8e77-93dbc1931151,carlos.ortiz83@yahoo.com,44,Medellín,CC,2.5_3,familiar,false,0,soltero,false,false,false,false,,carro,VIDA-01
3881d504-e342-4566-97ad-2693738ca202,3690177069,59,Barranquilla,CC,menor_smlv,familiar,false,0,union_libre,false,false,false,true,perro,ninguno,DEUDOR-VIDA-01
025ea75c-b856-4e3e-800b-7ac188134531,3673929369,71,Mosquera,CC,1_1.5,arrendada,false,0,soltero,false,false,false,true,gato,ninguno,MOTO-01
19a3e9d0-9a2c-479e-bcfb-03e523fcd739,3011845826,60,Bogotá,CC,3_4,propia,false,0,union_libre,true,false,false,true,gato,ninguno,ASMULT-01
68e0ffee-aeb5-470b-8691-98bccba0e96c,maria.garcia30@outlook.com,70,Cali,CC,1_1.5,familiar,true,3,viudo,false,false,false,true,perro,ninguno,ASMULT-01
0600c730-6778-4934-b202-55787f262fa8,3344463464,48,Bogotá,CC,2.5_3,familiar,false,0,divorciado,false,false,false,true,perro,carro,DEUDOR-VIDA-01
f4456d64-c4f8-42f0-a913-8f0df828b865,,54,Bogotá,CC,8_10,arrendada,true,3,union_libre,true,false,false,true,otro,carro,HOGAR-01
4d658971-2cbc-4cb0-96e3-1795fa6b463b,3325496607,68,Medellín,CC,menor_smlv,propia,true,4,casado,false,false,false,false,,carro,VIDA-01
ae4607ed-51ea-4b14-9f1f-db227ebe2e6d,3750412266,37,Cali,CC,4_6,familiar,true,3,soltero,false,false,false,true,otro,moto,DEUDOR-VIDA-01
90b6abb6-6b4a-4f27-842e-560f640e368f,3854070084,66,Mosquera,CE,1.5_2,arrendada,true,1,casado,false,false,false,true,gato,carro,MOTO-01
a22a4576-069e-4eb2-a56c-11e030357436,3804579725,24,Bogotá,CC,8_10,arrendada,false,0,soltero,false,false,false,true,perro,moto,BICI-01
58bb82a2-7a47-4092-bee9-e82ce429d82c,3467470237,41,Bucaramanga,CC,4_6,familiar,true,1,viudo,false,false,false,true,perro,ninguno,BICI-01
96d5a42d-6b61-43d6-b4bf-f9555c7fcfad,3704811353,73,Bogotá,CC,1.5_2,familiar,true,4,casado,false,false,false,true,perro,moto,DEUDOR-VIDA-01
0ea7076d-4474-4595-9486-d9d932115e90,maria.vargas36@yahoo.com,60,Bogotá,CC,1_1.5,arrendada,false,0,viudo,false,false,false,true,gato,carro,APEXEQ-PAL-01
ff0c5d81-6470-4a4c-8265-d7fc29facea0,3927240002,19,Bogotá,CC,4_6,arrendada,true,1,soltero,false,false,false,true,perro,ninguno,HOGAR-01
5a15fdac-708d-4895-a703-8aaaeaa57f7f,sebastian.rodriguez14@gmail.com,71,Medellín,CC,2_2.5,propia,false,0,union_libre,true,false,false,false,,moto,EXEQ-01
642907fa-b022-4823-b85f-21eec01f001c,diego.perez39@gmail.com,36,Mosquera,PA,1.5_2,familiar,true,2,union_libre,false,false,false,true,perro,ninguno,MOTO-01
1e8590fc-d8e6-4eb1-bf7f-1b92d477bbf1,david.castro84@outlook.com,23,Medellín,CC,20_30,arrendada,true,3,viudo,true,false,true,true,perro,ninguno,SALUD-01
cd2b4169-231d-4d1c-bb1b-f994c9c19e0e,3324696492,51,Bucaramanga,CC,10_20,arrendada,true,2,viudo,false,false,false,true,otro,ninguno,DEUDOR-VIDA-01
a7e0b53a-8422-4468-8acc-2b443a57ce19,,54,Medellín,CC,10_20,arrendada,true,2,casado,false,false,false,true,perro,moto,PET-ASIS-01
e9f8f522-5c6e-4dab-a237-aff009a48839,3731742115,26,Cali,CC,1_1.5,familiar,true,2,divorciado,false,false,false,true,perro,carro,PET-SEG-01
e4471dfc-87e6-4f35-b325-4e6e0fe42a78,3660599932,74,Mosquera,CC,20_30,propia,true,4,union_libre,false,false,false,false,,bici,PET-SEG-01
7ca29f19-d374-4e27-8b4a-d0d895af9407,3783028010,64,Bogotá,CC,2.5_3,propia,false,0,viudo,false,false,false,true,gato,moto,EXEQ-01
daf26a7c-1dc1-49e0-9796-0e73913c4fdb,,60,Bogotá,CC,3_4,familiar,true,3,soltero,false,false,false,true,perro,carro,EXEQ-01
04173947-9dd9-44c1-aa0f-031270feeaa5,3282193868,74,Cali,CC,6_8,familiar,false,0,union_libre,false,false,false,true,perro,ninguno,EXEQ-01
db5e0160-b306-4170-8c3b-369ef5e6376d,3535346607,38,Funza,CC,2_2.5,familiar,true,3,union_libre,false,false,false,false,,ninguno,ARRENDA-01
31a91dc7-4e56-43ec-8975-b6e42fc83bd0,natalia.lopez57@gmail.com,48,Bogotá,CC,mayor_30,propia,false,0,union_libre,true,false,false,false,,ninguno,ASMED-01
4eb89262-7a72-4627-a542-2bcf09924a02,3339785598,52,Bogotá,CC,4_6,propia,false,0,divorciado,false,false,false,false,,ninguno,VIDAAH-01
4ad3930b-fae9-4a38-b83f-7f3ab2d1e2b7,3061869460,40,Bogotá,CC,mayor_30,familiar,false,0,casado,false,false,false,true,perro,ninguno,HOGAR-01
f9e122da-00cc-49a6-9f77-50913fe12fbf,3725121208,44,Barranquilla,CC,20_30,arrendada,false,0,union_libre,true,false,false,false,,moto,ARRENDA-01
eb20d441-e122-4a95-a3f4-71dc0cc65ecf,maria.vargas81@yahoo.com,73,Medellín,CC,8_10,familiar,false,0,divorciado,false,true,false,false,,moto,PET-SEG-01
c14236c2-e453-468f-bd19-c66054ffe2dc,3160827172,22,Mosquera,CC,6_8,familiar,true,2,casado,false,false,false,true,gato,carro,PET-ASIS-01
cb082e45-57f0-4eb5-b5de-0e167b02feee,,62,Funza,CC,mayor_30,arrendada,true,4,union_libre,true,false,false,true,perro,carro,HOGAR-01
06a97c1a-2558-4ec2-9fe4-511925033cea,3867770554,51,Bucaramanga,CC,10_20,familiar,false,0,soltero,false,false,false,true,gato,ninguno,PET-PREP-01
0a8a3174-8a3f-4bac-991d-7fc5c4cbc34c,3184357978,44,Medellín,CC,20_30,propia,false,0,soltero,true,false,false,false,,carro,ASMED-01
35f93387-8a08-4178-901c-afcb2b60266e,3950470205,57,Medellín,CC,6_8,arrendada,false,0,viudo,false,false,false,true,perro,ninguno,HOGAR-01
6a92a8e8-4b75-42d8-9e80-92322816ee79,,29,Cali,CC,menor_smlv,propia,false,0,union_libre,false,false,false,false,,carro,APEXEQ-PAL-01
25fcb653-aca8-4e50-bd7f-8418e0fc193d,3197976470,59,Bogotá,CC,2.5_3,familiar,false,0,viudo,false,true,false,true,otro,moto,BICI-01
8a2435cb-a879-483c-a56c-a78388a87062,3793483294,51,Cali,CE,menor_smlv,arrendada,false,0,union_libre,true,false,true,true,perro,ninguno,BICI-01
711c0172-d3cf-4acf-a811-396a5ba8123d,,51,Bogotá,CC,4_6,familiar,false,0,viudo,false,false,false,true,perro,moto,DEUDOR-VIDA-01
8a968091-1d09-4f48-bf86-85ea1fbda777,daniela.sanchez57@outlook.com,22,Bogotá,CC,menor_smlv,arrendada,false,0,casado,false,false,false,true,otro,carro,APEXEQ-PAL-01
a9ab6f16-bf83-4db7-ac4b-e68ab886a52c,3240766786,62,Medellín,CC,1_1.5,familiar,false,0,viudo,false,false,false,true,gato,moto,VIDA-01
1836f008-1044-476f-80ad-69a868cdf21a,,51,Medellín,CC,4_6,propia,true,2,casado,false,false,false,true,perro,moto,DEUDOR-VIDA-01
d002ce87-82b5-4276-8d8c-5558849ac0a8,3416674078,75,Medellín,CC,20_30,familiar,false,0,divorciado,false,false,false,true,perro,ninguno,HOGAR-01
79423123-9974-4777-a2bc-d36f8cc8dddb,andres.gonzalez78@outlook.com,28,Zipaquirá,CC,20_30,propia,true,2,soltero,false,false,false,true,perro,carro,DEUDOR-VIDA-01
967dc964-5f6c-4f70-a8eb-050bd4b1f9c8,daniela.rodriguez25@outlook.com,60,Bogotá,CC,8_10,familiar,true,4,union_libre,true,false,false,true,perro,moto,PET-PREP-01
800345a0-9f20-42b4-b73c-cf2fcc02345c,3834007716,43,Medellín,CC,6_8,propia,false,0,soltero,false,false,false,true,perro,ninguno,VIDAAH-01
b78388db-6fa8-4e5b-9117-d80acc1f1817,3833812724,56,Bogotá,CC,mayor_30,propia,false,0,soltero,false,false,false,true,perro,moto,VIDA-01
3763b56a-93bc-467c-a5a2-c0f952a82dd8,3832421024,56,Medellín,CC,1.5_2,familiar,false,0,union_libre,false,false,false,false,,ninguno,ARRENDA-01
ebcf1c59-040d-4c3d-be62-fc19bcc9238b,,21,Medellín,CC,2.5_3,propia,true,3,soltero,false,false,false,true,perro,moto,BICI-01
8afeb766-0185-4d76-8f8e-87530091cd09,3624301460,45,Bogotá,CC,4_6,familiar,false,0,viudo,false,false,false,true,perro,carro,PET-ASIS-01
572e8d0c-bbc8-49eb-81b3-5f2487ada8aa,3681516491,63,Bucaramanga,CC,10_20,propia,true,4,soltero,false,false,false,false,,moto,PET-SEG-01
a2bd4275-1776-48ce-8aef-81914d7d46e3,,57,Mosquera,CC,8_10,propia,true,1,soltero,false,false,false,false,,moto,EXEQ-01
61e20ce5-cfef-4c46-8fb3-53c9532eb480,3211409155,68,Bogotá,PA,8_10,propia,false,0,divorciado,false,false,false,false,,moto,PET-ASIS-01
d06ebb1a-37ae-4d64-b4e2-dee9acb1255b,paula.torres41@hotmail.com,53,Medellín,CC,4_6,arrendada,true,3,union_libre,false,false,false,true,perro,carro,VIDA-01
af75b1f6-f20d-4cbd-91a8-93ee35d85519,3242536909,23,Bogotá,CC,1.5_2,propia,true,4,union_libre,true,false,false,true,perro,ninguno,PET-PREP-01
91ff1dc5-d5ae-4133-951f-310930b81b11,3658614692,60,Bogotá,CC,1_1.5,familiar,false,0,soltero,false,false,false,false,,ninguno,PET-SEG-01
c780f11b-4593-4330-9e79-8ccb2b397b32,sofia.torres51@yahoo.com,51,Bogotá,CC,mayor_30,familiar,false,0,casado,true,false,false,true,perro,ninguno,HOGAR-01
eb4286eb-b5c0-44a6-b814-c62b4a7aa214,3804428773,51,Medellín,CC,menor_smlv,arrendada,false,0,casado,false,false,false,true,perro,bici,APEXEQ-PAL-01
69c630bc-2cdd-41d6-9962-f6751521aaf2,juan.rojas67@outlook.com,51,Bogotá,CC,3_4,arrendada,false,0,divorciado,false,false,false,true,perro,bici,PET-SEG-01
98ca8cb7-da0c-4542-972e-919f5412994b,3856728502,23,Barranquilla,CC,8_10,arrendada,true,2,viudo,true,true,false,true,perro,ninguno,HOGAR-01
3115f9aa-9e27-4ead-8a11-34145458f9c1,,20,Bucaramanga,CC,menor_smlv,propia,false,0,soltero,false,false,false,false,,ninguno,VIDAAH-01
4c63d861-95fb-4c0e-9042-d05f16b4388e,3829962914,63,Funza,CC,10_20,familiar,false,0,soltero,false,false,false,true,gato,ninguno,HOGAR-01
98d2079e-0c20-422e-8a3f-300e183ac480,3816295187,47,Medellín,CC,3_4,familiar,false,0,union_libre,true,false,false,true,gato,moto,ASMULT-01
ddef7acb-cc95-4b67-8f50-e0d65c6504fb,3311571826,39,Bucaramanga,CC,1.5_2,propia,false,0,divorciado,true,true,false,true,perro,ninguno,BICI-01
139ad414-582d-4369-ac87-e670ffcafe52,laura.ramirez83@gmail.com,36,Bucaramanga,CC,1.5_2,arrendada,false,0,divorciado,true,false,false,true,otro,carro,SALUD-01
073dfffe-2bf7-44a5-9121-44c5021a5ea3,3120996676,27,Bogotá,CC,6_8,propia,true,1,casado,false,false,false,false,,bici,BICI-01
9897ddf7-7288-46d3-902d-5a7b283b8ebd,3598043331,48,Bogotá,CC,6_8,familiar,false,0,divorciado,false,false,false,true,perro,ninguno,VIDAAH-01
4b07960f-ceb8-4a8d-bd3d-1fa9486c9eed,3649323755,62,Bogotá,CC,1_1.5,propia,false,0,viudo,false,false,false,false,,moto,DEUDOR-VIDA-01
505e580c-00b8-49ee-94cc-9c3dcbf5ca7a,3807757465,44,Medellín,CC,4_6,familiar,false,0,divorciado,false,false,false,true,perro,bici,VIDAAH-01
7165dc25-ff77-43db-b631-389cd672e591,3417707346,20,Mosquera,CC,2.5_3,propia,false,0,soltero,false,false,false,false,,ninguno,MOTO-01
5aca31e3-2ab1-4830-88d5-24d71da306f8,3723248763,47,Bucaramanga,CC,6_8,familiar,false,0,soltero,false,false,false,true,otro,bici,VIDAAH-01
d2ac2c16-b118-41ac-8698-84e87389921d,3209579927,75,Medellín,CC,1_1.5,arrendada,true,3,union_libre,false,false,false,true,otro,carro,APEXEQ-PAL-01
bcd18a17-ebd1-4dfa-9189-452c515eaa07,sebastian.torres62@outlook.com,56,Bogotá,CC,10_20,arrendada,false,0,union_libre,false,false,false,true,gato,ninguno,HOGAR-01
0e34a8fc-8c44-4e3c-88a3-4028bd37e305,3702146169,71,Medellín,CC,mayor_30,propia,false,0,union_libre,false,false,false,true,perro,ninguno,PET-PREP-01
9f84ef2e-b7df-4118-bc61-9acf572eb71c,,66,Medellín,CC,1_1.5,propia,false,0,viudo,false,false,false,true,gato,moto,APEXEQ-PAL-01
463c792f-0e30-433b-8ef2-a7aa74e930a8,3450716239,27,Barranquilla,CC,3_4,propia,false,0,divorciado,false,false,false,false,,ninguno,BICI-01
8e339fdf-24c4-462a-b9b1-172c37e69b10,diana.jimenez93@yahoo.com,27,Medellín,CC,8_10,arrendada,false,0,viudo,false,false,false,false,,moto,APEXEQ-PAL-01
1bf9da41-d741-4b65-b70b-df7655bee7a8,3863201306,71,Bogotá,CC,3_4,propia,false,0,casado,true,false,false,true,perro,ninguno,PET-SEG-01
acd8bee8-caf5-4186-a286-785d3cb4e413,3686052573,59,Manizales,CC,20_30,arrendada,false,0,viudo,false,false,false,false,,ninguno,APEXEQ-PAL-01
ec493eee-6ceb-40ec-bcf5-0ef6735b3dfe,carlos.lopez50@yahoo.com,19,Bucaramanga,CC,3_4,propia,true,1,casado,true,false,false,true,perro,moto,DEUDOR-VIDA-01
4f7b042b-fa9a-4cd8-91cc-6ec3db5e938a,sofia.jimenez38@outlook.com,26,Medellín,CC,2_2.5,arrendada,true,4,soltero,true,false,false,true,otro,bici,ASMED-01
159b7b22-31a8-4555-badb-f1f93bcc1e86,3573597280,37,Cali,CC,4_6,arrendada,true,4,union_libre,false,false,false,true,perro,bici,ASMED-01
06d7cab4-5cdc-4627-b50f-ee4292cb1dc6,3053044319,47,Barranquilla,CC,2.5_3,propia,false,0,divorciado,true,false,false,false,,moto,PET-ASIS-01
be7e3f15-ebae-4ca5-8661-90626ae4b138,3389156241,61,Zipaquirá,CC,1_1.5,arrendada,false,0,casado,false,false,false,false,,ninguno,MOTO-01
f0307f1b-af44-4c50-a141-9b5313f68fb7,3173658540,38,Bogotá,CC,1_1.5,familiar,true,1,viudo,true,false,false,true,gato,ninguno,ARRENDA-01
f55c2b19-5015-4720-81a7-1d48f8de1e1c,3851353814,50,Cali,CC,20_30,propia,true,4,union_libre,true,false,false,true,perro,moto,SALUD-01
8ce2b1c1-b98a-4113-9c9a-bd6d7a0416bc,felipe.moreno58@yahoo.com,66,Bogotá,CE,4_6,propia,false,0,viudo,false,false,false,true,gato,bici,PET-PREP-01
84d666ea-d979-4fa7-ba4f-76a4b9bf1a9d,jorge.gonzalez6@hotmail.com,24,Barranquilla,CC,1_1.5,arrendada,true,1,divorciado,false,false,false,true,otro,carro,ASMULT-01
f372e56c-5da3-40ec-86fa-506ad3cc8959,3460401424,43,Zipaquirá,CC,4_6,propia,false,0,soltero,false,false,false,false,,ninguno,VIDAAH-01
809f0ac4-f0dd-4bab-938f-dbb47f791dc8,,57,Medellín,CC,4_6,propia,false,0,casado,false,false,false,false,,moto,DEUDOR-VIDA-01
83d2f37a-6736-450f-b879-db59e3b27368,3556990235,71,Funza,CC,1_1.5,familiar,false,0,divorciado,false,false,false,true,gato,bici,MOTO-01
52b8a1b1-9e42-4140-847b-6e94b661dbce,diana.jimenez54@outlook.com,43,Cali,CC,4_6,familiar,false,0,viudo,false,false,false,true,gato,moto,HOGAR-01
d6839302-e14a-4fe0-a87c-f8d5240d1e0a,3717137564,53,Soacha,CC,4_6,arrendada,false,0,soltero,false,false,false,false,,ninguno,MOTO-01
06119978-7b6e-4d55-86fd-2a5d9aba88a2,diego.ortiz18@outlook.com,75,Medellín,CC,10_20,familiar,false,0,viudo,true,false,false,true,perro,moto,EXEQ-01
86eb5ec3-3a79-433a-8834-a00bef7cca48,maria.martinez74@yahoo.com,40,Bogotá,CC,8_10,propia,false,0,union_libre,false,false,false,true,perro,moto,EXEQ-01
34ce35c8-b10a-44d0-92e6-66159714a27f,3584094308,54,Mosquera,CC,2.5_3,propia,true,4,divorciado,false,false,false,true,perro,ninguno,APEXEQ-PAL-01
7be936aa-4afb-4728-ab6c-ce8c472cf552,3074294142,60,Medellín,CC,2.5_3,familiar,false,0,soltero,false,false,false,false,,carro,DEUDOR-VIDA-01
a9c0088f-1434-4687-9a9f-775cc3ef7e0d,3070824089,58,Bogotá,CC,2_2.5,familiar,false,0,union_libre,true,false,false,true,perro,bici,EXEQ-01
cf1b099d-0ade-46a0-b364-7318c773e860,3682725639,33,Medellín,CC,menor_smlv,propia,true,2,casado,false,false,false,true,perro,carro,BICI-01
308ec819-93dc-441a-9560-76bf10061272,3119489333,43,Medellín,CC,2_2.5,familiar,false,0,viudo,false,false,false,false,,ninguno,DEUDOR-VIDA-01
9ae69fd4-94f6-4536-ac01-4b3b75593cde,carlos.suarez28@gmail.com,36,Bogotá,CC,3_4,arrendada,true,2,soltero,false,false,false,true,perro,ninguno,HOGAR-01
61dea515-f395-4866-acf6-83aa30e34f8b,3141401385,62,Cali,CC,1_1.5,arrendada,false,0,viudo,false,false,false,false,,moto,APEXEQ-PAL-01
1904d409-d334-4d70-bd6d-d2979f0d9879,3042333883,24,Medellín,CC,1.5_2,familiar,false,0,divorciado,true,false,false,false,,moto,DEUDOR-VIDA-01
6aa18214-6550-4676-b43d-222927213f0c,3298031026,27,Bogotá,CE,2.5_3,arrendada,false,0,soltero,false,false,false,true,perro,ninguno,ASMULT-01
6ec5b250-eea4-449f-9114-5d047550adde,3664308604,27,Bogotá,CC,2_2.5,familiar,false,0,casado,true,false,false,true,perro,carro,ASMULT-01
6c31396a-02a7-4f62-b454-ee1c4a2e1346,felipe.sanchez92@gmail.com,75,Bogotá,CC,10_20,familiar,true,1,soltero,false,false,false,false,,ninguno,PET-PREP-01
556efe2a-5f77-427b-a213-3a5a53ee3bf3,ana.castro39@outlook.com,67,Bucaramanga,CC,4_6,familiar,true,3,divorciado,false,true,false,true,otro,bici,HOGAR-01
7d9c33a9-efb0-48e7-a414-0d09e75d0667,sebastian.jimenez79@yahoo.com,75,Bogotá,CC,2.5_3,arrendada,false,0,viudo,false,false,true,true,perro,carro,EXEQ-01
0de0f073-8d4a-4b61-b548-f795f1134247,paula.gomez12@hotmail.com,41,Bogotá,CC,mayor_30,familiar,false,0,viudo,true,false,false,true,perro,carro,ASMED-01
cf2085ba-9e57-4bc6-bf8b-c6a83ff1cc59,3838437826,19,Bogotá,CC,1.5_2,familiar,true,4,divorciado,false,false,false,false,,ninguno,DEUDOR-VIDA-01
1849b9a7-a7b0-4f81-9c46-e8cb753f0e6c,andres.rojas89@hotmail.com,29,Funza,CC,1.5_2,propia,false,0,viudo,true,false,false,true,gato,ninguno,ASMED-01
527609f0-16ae-453b-80e4-89dc348a8321,laura.sanchez5@yahoo.com,44,Barranquilla,CE,4_6,propia,false,0,viudo,false,false,false,true,perro,carro,VIDAAH-01
07dc17ec-6360-4481-b6ca-c4d9a17ef5e2,3856527155,46,Bogotá,CC,6_8,familiar,false,0,casado,false,false,false,true,perro,carro,VIDAAH-01
b16e7c1e-bb91-4d5f-a5ce-7f2c9a6bbf9d,carolina.sanchez49@yahoo.com,64,Medellín,CC,mayor_30,arrendada,false,0,casado,false,false,false,false,,ninguno,APEXEQ-PAL-01
1bc942d6-c8ee-46ba-a197-18480073f448,3813299111,71,Bogotá,CC,1_1.5,familiar,false,0,casado,false,false,false,true,otro,moto,PET-SEG-01
edb09b19-9a43-43f9-8bbd-7296f63ee2b7,,64,Mosquera,CC,3_4,familiar,false,0,soltero,false,false,true,true,otro,ninguno,PET-ASIS-01
7b7aace0-e03f-4e38-a340-ccec477ce0ac,david.perez6@yahoo.com,21,Medellín,CC,10_20,familiar,false,0,viudo,false,false,false,true,gato,carro,HOGAR-01
b9a931e2-c05a-4a83-a430-8d098c1fb22c,3697607904,75,Soacha,CC,4_6,familiar,true,4,soltero,true,false,false,true,otro,bici,DEUDOR-VIDA-01
5e667893-52f6-47b9-aaec-0afbe046f36c,3379260608,67,Bogotá,CE,1_1.5,propia,true,2,soltero,false,true,false,true,perro,ninguno,APEXEQ-PAL-01
2c942a43-3004-4e74-bb9d-c355de6d797e,ana.garcia44@yahoo.com,19,Medellín,CC,3_4,propia,false,0,divorciado,false,false,false,false,,ninguno,ARRENDA-01
64d6e9ca-1cfe-412b-846e-fec3ad4300a3,,19,Cali,CC,1_1.5,propia,false,0,divorciado,false,false,false,true,perro,moto,PET-ASIS-01
c367c2fd-fd5f-4aa6-a110-ecf807e482d1,3002156383,43,Medellín,CC,4_6,arrendada,true,3,casado,false,false,false,true,gato,moto,PET-PREP-01
f16417b3-f50b-4e80-afbd-834b6029ff38,3856366673,24,Zipaquirá,CC,2_2.5,familiar,true,4,casado,false,false,false,false,,carro,PET-SEG-01
e2ff969e-8cad-41f4-a17e-ebc216fa2916,3823967567,44,Bucaramanga,CC,mayor_30,arrendada,false,0,viudo,false,false,false,true,gato,moto,BICI-01
12fa7ef4-4d4e-466f-9c96-d7c0ea31d895,3106060673,23,Medellín,CC,6_8,familiar,false,0,viudo,false,false,false,true,perro,moto,BICI-01
70f3f7c7-6e24-4412-a2b0-1d20278ff774,maria.florez92@yahoo.com,34,Bogotá,CC,4_6,propia,false,0,divorciado,true,false,false,true,perro,ninguno,DEUDOR-VIDA-01
f7faf701-699b-47db-a8ef-805fee7e99f6,sebastian.castro35@yahoo.com,26,Bogotá,CC,3_4,propia,false,0,divorciado,false,false,false,true,perro,ninguno,PET-SEG-01
d3e66188-555d-4439-ad50-2e44439270e1,3697714336,19,Medellín,CC,3_4,propia,false,0,viudo,true,false,false,true,perro,carro,ARRENDA-01
7d10cabe-febd-437f-9e43-eef5c8751b0f,3072648810,27,Medellín,CC,mayor_30,propia,true,2,viudo,true,false,false,true,perro,carro,BICI-01
c3ec9bd9-d766-4a31-b375-43775271b438,3558755245,27,Bogotá,CC,1.5_2,arrendada,true,1,union_libre,true,false,false,true,perro,carro,ASMULT-01
487bb1c0-9f11-47f6-93db-6ae8ecfd46f7,3762134616,35,Medellín,CC,1.5_2,arrendada,false,0,soltero,false,false,false,true,perro,moto,ARRENDA-01
039fee90-fd69-4bba-931a-225caf56f8f7,ana.martinez86@yahoo.com,65,Manizales,CC,4_6,familiar,false,0,soltero,true,false,false,true,gato,moto,PET-PREP-01
300c9db0-14a5-423d-b101-f8bb6bbce3f8,sebastian.suarez73@gmail.com,22,Bucaramanga,CC,1.5_2,familiar,true,4,divorciado,false,false,false,true,perro,moto,ASMULT-01
67cc390a-cab9-4652-a6fa-63d9211e9521,3979756842,25,Funza,CC,1.5_2,propia,false,0,viudo,false,false,false,true,gato,carro,MOTO-01
ec30fea4-3f08-44af-a9ab-53c6a5789c39,,40,Bogotá,CC,20_30,familiar,false,0,soltero,true,false,false,false,,ninguno,HOGAR-01
4ff85260-74b3-40dc-80d2-47a6187cd5aa,,30,Mosquera,CC,4_6,propia,false,0,union_libre,false,false,false,true,perro,moto,BICI-01
ff143a62-849f-4dca-9ff5-48f3f583a4bb,3172775329,25,Soacha,CC,1.5_2,propia,false,0,divorciado,false,false,false,true,perro,moto,DEUDOR-VIDA-01
2b77b47c-71f0-46c2-a7cd-137ea06a311f,julian.vargas95@hotmail.com,49,Bogotá,CC,1_1.5,familiar,false,0,viudo,true,false,false,true,perro,ninguno,DEUDOR-VIDA-01
e15c1171-7867-4de8-bbb5-d54d8d7ed4cc,ana.suarez84@outlook.com,72,Bogotá,CC,menor_smlv,arrendada,true,4,union_libre,true,false,false,true,otro,ninguno,EXEQ-01
e3d7e0b3-be9d-4412-89a7-38e65c569368,santiago.sanchez99@gmail.com,28,Medellín,CC,10_20,propia,true,1,union_libre,false,false,false,true,perro,ninguno,HOGAR-01
983700ed-5e09-4114-b2f4-93f1669818f6,3451643398,26,Bogotá,CC,8_10,familiar,false,0,casado,false,false,false,false,,carro,DEUDOR-VIDA-01
f9d20910-ee7a-412b-93fd-82270e83a6b6,3093524392,28,Medellín,CC,2.5_3,familiar,true,3,soltero,true,false,false,true,perro,moto,ASMULT-01
85913a02-8fa5-4e46-8139-f2e127417d50,,51,Medellín,CC,2_2.5,arrendada,true,3,viudo,false,false,false,true,perro,carro,BICI-01
15791220-f443-4d01-8196-346f0a45ab90,3383754288,37,Cali,CC,4_6,propia,true,4,divorciado,true,false,false,false,,carro,HOGAR-01
fb950de8-1cee-412b-b7af-ad9ce9dbf6d8,laura.perez25@gmail.com,64,Medellín,CC,3_4,familiar,false,0,soltero,true,false,false,false,,bici,SALUD-01
a2c85ae5-43dd-468d-9a9e-0521c1dcd790,ana.sanchez89@hotmail.com,36,Bogotá,CC,4_6,propia,true,3,casado,true,false,false,true,otro,ninguno,VIDAAH-01
0200dbd5-dafe-44f6-ace0-5ff1f42cc5c3,3019892891,75,Manizales,CC,2_2.5,familiar,false,0,casado,false,false,false,true,perro,ninguno,DEUDOR-VIDA-01
2851aee6-befe-4472-ad67-01e8cbd1db9f,3236462850,42,Bogotá,CE,10_20,arrendada,true,4,casado,false,true,false,true,otro,moto,HOGAR-01
ebea35e2-f3c1-4bd0-a00a-ffbdfe11e10a,luis.gomez22@hotmail.com,72,Bogotá,CE,8_10,arrendada,true,1,divorciado,false,false,false,false,,bici,DEUDOR-VIDA-01
baed823b-a70f-43ef-ac5c-28ca4de403c7,3830930967,23,Bogotá,CC,1.5_2,familiar,true,4,soltero,false,false,false,true,perro,moto,DEUDOR-VIDA-01
7a439c23-b845-4f6a-acfb-e7bdda844ed3,3630658582,53,Medellín,CC,6_8,arrendada,true,3,divorciado,false,false,false,true,perro,moto,VIDAAH-01
ddb8b940-d248-4d76-bab2-235840310197,paula.torres94@gmail.com,59,Bogotá,PA,10_20,familiar,false,0,casado,true,false,false,true,otro,ninguno,EXEQ-01
1dcff32d-43d9-4f92-9f63-80358751c848,3071487650,70,Funza,CE,2.5_3,arrendada,false,0,divorciado,false,false,false,true,perro,ninguno,DEUDOR-VIDA-01
c6f780c3-c2b8-41ee-95d3-0f6bc776ff2d,camila.florez30@hotmail.com,35,Bogotá,CC,20_30,propia,true,4,casado,false,false,false,true,perro,ninguno,BICI-01
02cbab72-c8c5-441b-8320-dae687f03546,,44,Soacha,CC,4_6,propia,false,0,soltero,false,false,false,false,,carro,DEUDOR-VIDA-01
2604786b-711f-4791-bfe9-31dc85741b79,3578545765,23,Medellín,CC,menor_smlv,familiar,true,2,union_libre,false,false,false,false,,ninguno,BICI-01
1ca89166-7455-49d1-aa1c-60b818143a65,carolina.jimenez21@hotmail.com,29,Medellín,CC,10_20,familiar,true,1,viudo,false,false,false,false,,bici,DEUDOR-VIDA-01
1e73117d-1db0-4b99-83ac-e4efeb4b98e2,3283606966,72,Bogotá,CC,8_10,familiar,false,0,union_libre,false,false,false,true,perro,moto,PET-ASIS-01
b1387171-4cbd-48e2-a03b-3960e8baed49,3872754422,18,Bogotá,CC,1_1.5,propia,false,0,viudo,false,false,false,true,otro,moto,APEXEQ-PAL-01
40cf63a0-e854-4d7f-82ef-e6010a3f3976,3450156225,69,Bogotá,CC,8_10,arrendada,false,0,viudo,true,false,false,false,,bici,HOGAR-01
07ccc73d-720d-4251-ace6-ccb388c2a354,3323959360,30,Bogotá,CC,10_20,arrendada,true,1,casado,false,false,false,true,otro,carro,BICI-01
bfba8d50-0d3e-45bd-ae02-960de908d61b,3368072966,53,Bogotá,CC,6_8,familiar,false,0,soltero,false,false,false,true,otro,moto,VIDAAH-01
4309133a-2253-401c-97b8-780138a71625,,70,Bogotá,CC,1.5_2,propia,true,3,union_libre,false,false,false,true,perro,ninguno,ASMULT-01
983534dc-63a3-4764-8384-afa141d87e20,3005155323,37,Mosquera,CC,1.5_2,arrendada,false,0,viudo,false,false,false,false,,ninguno,MOTO-01
79d7ffa0-049c-4c52-a0a4-068d4136090b,santiago.florez56@gmail.com,72,Zipaquirá,CC,menor_smlv,familiar,true,3,divorciado,false,false,false,true,gato,ninguno,PET-SEG-01
27e7c3e4-80dd-4e81-8d9c-cc178075bdd9,,36,Bogotá,CC,1_1.5,propia,false,0,divorciado,false,true,false,true,gato,moto,VIDA-01
b3cb6502-b501-4f63-9b49-65360e437fed,julian.perez6@yahoo.com,37,Soacha,CC,3_4,propia,false,0,union_libre,false,false,false,true,perro,moto,MOTO-01
2708bd8d-197d-4269-a0ad-e18eef8cb53a,,31,Medellín,CC,4_6,arrendada,false,0,soltero,false,false,false,true,perro,ninguno,ASMED-01
9587fbeb-91d2-4da7-9a2e-8b4282f82790,daniela.torres30@gmail.com,36,Barranquilla,CC,3_4,arrendada,true,4,soltero,false,false,false,true,gato,ninguno,DEUDOR-VIDA-01
f5f8c724-ad84-452d-9d7f-4b3ddef49495,maria.castro23@gmail.com,37,Bogotá,CC,2_2.5,arrendada,false,0,union_libre,true,false,false,true,gato,carro,ASMULT-01
31e4bbcb-8fbd-4f51-942e-9f78133e6bb1,3281570662,40,Medellín,CC,1_1.5,propia,false,0,soltero,false,false,false,false,,ninguno,ASMULT-01
cb060b78-61a6-4a91-8c05-47e7437e2a0a,3121999752,41,Bogotá,CC,2.5_3,arrendada,false,0,soltero,false,false,false,false,,ninguno,VIDAAH-01
7242bd9f-2bd8-428c-9899-250eefda3745,3967991845,22,Soacha,CC,1.5_2,propia,true,1,viudo,false,false,false,false,,carro,ARRENDA-01
8a7a6493-fc45-4923-b2c4-4965369a1758,3025461679,36,Cali,CC,4_6,familiar,true,4,divorciado,false,false,false,true,perro,carro,PET-ASIS-01
45cfb701-1a97-49b6-adc2-5553174b5ebb,3381894549,46,Bogotá,CC,3_4,propia,true,3,casado,true,false,false,true,gato,bici,PET-SEG-01
eb146ff1-add2-44bd-a1f8-e1ecf3e4f623,carlos.florez6@gmail.com,69,Medellín,CC,mayor_30,propia,true,4,union_libre,false,false,false,true,otro,ninguno,PET-PREP-01
6fb777f9-8fcf-4391-8672-03126f222647,3360854566,65,Medellín,CC,6_8,arrendada,false,0,divorciado,false,false,false,true,otro,ninguno,EXEQ-01
cd85503f-df45-4fdc-aa3b-b371716dd2fe,,51,Medellín,CC,20_30,arrendada,false,0,casado,false,false,false,true,perro,ninguno,HOGAR-01
1f0d517a-c94e-46fe-bae2-626f00f067bf,3105118426,37,Bogotá,CC,1_1.5,familiar,false,0,soltero,true,false,false,false,,moto,PET-SEG-01
b1916f96-d222-4192-acfa-99f94016e17a,,67,Bucaramanga,CC,1_1.5,propia,true,2,union_libre,false,false,false,true,otro,bici,PET-ASIS-01
0a702e2d-3964-4c3e-807d-14ee88455273,3252500292,45,Bogotá,CC,6_8,familiar,true,3,soltero,false,false,false,false,,carro,VIDAAH-01
d6a66cb7-cd33-4689-9dcd-7c3e09bf6367,diego.rodriguez78@hotmail.com,73,Manizales,CC,6_8,propia,true,4,divorciado,false,false,false,true,perro,ninguno,PET-ASIS-01
ffbe2ccf-a0b6-46cf-9fd2-65f627ba0375,,29,Cali,CC,6_8,arrendada,true,1,divorciado,false,false,false,false,,ninguno,HOGAR-01
9df41ce9-c590-481f-a5ca-a2f88150e44c,diana.jimenez83@gmail.com,60,Barranquilla,PA,10_20,familiar,false,0,union_libre,true,false,false,false,,bici,HOGAR-01
90ee16e1-10da-4c03-b063-d38f38588333,3830342437,39,Bogotá,CC,2_2.5,familiar,true,1,divorciado,true,false,false,true,gato,carro,SALUD-01
14088285-5b10-41d6-93d2-914881f2873b,3641511822,28,Bogotá,CC,2.5_3,propia,true,2,casado,false,false,false,true,otro,carro,DEUDOR-VIDA-01
fe32dbb4-c3e8-43d5-b8e1-db4948092496,andres.vargas97@hotmail.com,75,Bogotá,CC,1_1.5,arrendada,false,0,union_libre,false,false,false,true,gato,moto,EXEQ-01
6b7f0eb9-5bd5-48de-a08b-c6e5b7d860d0,maria.gomez86@hotmail.com,40,Bogotá,CC,20_30,arrendada,true,1,divorciado,false,false,false,true,perro,moto,BICI-01
4fc2d816-7c70-4587-8175-b639de493cb1,laura.lopez69@hotmail.com,47,Medellín,CC,8_10,familiar,false,0,union_libre,false,false,false,true,perro,ninguno,PET-ASIS-01
fa2f48f6-b8fb-4b9c-8a76-8a68d16ef070,3658404291,59,Bogotá,CC,menor_smlv,propia,true,4,union_libre,false,false,false,false,,ninguno,HOGAR-01
7df22087-7466-4c50-ad3a-49c765630558,3370675644,19,Bucaramanga,CC,1.5_2,familiar,true,1,union_libre,false,false,false,true,perro,bici,ASMULT-01
9f35f1ad-35b2-4f13-898c-271797e4061b,3383669471,50,Bogotá,CC,2_2.5,arrendada,false,0,union_libre,false,false,false,false,,moto,BICI-01
ed75531d-91a9-40d7-9d74-d28f2087d528,felipe.moreno99@outlook.com,61,Bogotá,CC,mayor_30,familiar,false,0,viudo,true,false,false,false,,moto,PET-SEG-01
5fb35c69-c45a-4b6b-b94b-02377d727f1f,3063621986,41,Bogotá,CC,3_4,propia,false,0,union_libre,false,false,false,false,,ninguno,ASMULT-01
35076118-56b6-4153-8b32-ec226b8665b4,3292546547,42,Bogotá,CC,2_2.5,propia,false,0,divorciado,false,false,false,true,otro,carro,PET-SEG-01
bb1fd8e4-a034-4109-a066-37c5d6eb1e0e,3105129272,27,Bucaramanga,CC,2.5_3,propia,false,0,soltero,false,false,false,false,,ninguno,BICI-01
a533b028-94e1-469c-a4b5-8d959024260c,juan.moreno43@yahoo.com,52,Medellín,CC,6_8,arrendada,true,1,casado,true,false,false,false,,carro,ASMED-01
c1208fa5-cccf-4691-92c3-abad6a429fcf,laura.rodriguez73@outlook.com,65,Soacha,CC,8_10,arrendada,true,1,union_libre,true,false,false,false,,carro,EXEQ-01
6293092b-1b3e-470f-aaf3-ff3fbe17fb2b,3685066487,51,Soacha,CC,1.5_2,familiar,true,4,union_libre,true,false,false,true,perro,carro,SALUD-01
5f32bbcf-6902-43b5-b9fd-5e1cdddda704,3789819687,18,Medellín,CC,mayor_30,arrendada,true,4,divorciado,false,false,false,true,perro,moto,VIDA-01
3044d2bd-1852-470c-b03c-a12003f783b5,3175102958,45,Bogotá,CC,4_6,familiar,true,3,soltero,false,false,false,true,perro,carro,VIDAAH-01
40831e71-dd96-43ec-909a-8b206b06ef73,3732146449,30,Bogotá,CC,20_30,arrendada,false,0,viudo,false,false,false,true,perro,bici,PET-SEG-01
bbfe8e23-a265-43cc-a9c9-56e85b1d137d,maria.perez2@hotmail.com,19,Cali,CC,menor_smlv,propia,false,0,divorciado,false,false,false,true,perro,carro,APEXEQ-PAL-01
33427c70-8484-4cf0-b918-ec8c0047da38,carolina.martinez21@yahoo.com,24,Zipaquirá,CC,2_2.5,arrendada,true,2,viudo,true,false,false,false,,carro,ARRENDA-01
5da49fd8-ef90-464e-bfe2-6826151ff2f2,3975161369,52,Barranquilla,CC,4_6,propia,true,4,union_libre,false,false,false,true,otro,moto,VIDAAH-01
de4f7828-dc1b-42ac-ab7b-708912d4ab80,3793564651,54,Mosquera,CC,3_4,familiar,false,0,viudo,true,false,false,false,,moto,MOTO-01
ff0d670d-0bc3-474f-bc75-60342e79244e,3824508146,37,Barranquilla,CC,6_8,arrendada,true,1,casado,false,false,false,false,,carro,VIDAAH-01
83774d86-75f8-4aa5-88ef-54bf0a933d79,3600805980,60,Bucaramanga,CE,1_1.5,familiar,false,0,viudo,true,true,false,true,gato,moto,ASMED-01
51dd8b9d-d7f3-4f13-b20c-bfbf1b8a224a,3539114983,20,Cali,CC,6_8,familiar,false,0,union_libre,true,false,false,true,gato,ninguno,ASMED-01
f4e1f7f2-3745-401c-a92b-b877e6d1abe1,3347975643,27,Cali,CC,6_8,propia,true,2,casado,false,false,false,true,perro,bici,APEXEQ-PAL-01
5c5f1c94-161e-461c-bbd9-500e817b95a8,3805555727,72,Cali,CE,menor_smlv,arrendada,false,0,casado,false,false,false,true,gato,ninguno,ARRENDA-01
a3120a29-81ab-4d2f-814a-21f732e9113d,3107857788,36,Bogotá,CC,4_6,propia,true,1,union_libre,false,false,false,false,,carro,DEUDOR-VIDA-01
8bb39e73-119a-42f7-a96e-b648638c4b9c,3753260332,31,Bogotá,CC,2_2.5,propia,true,2,soltero,false,false,false,false,,carro,DEUDOR-VIDA-01
93510c5a-8658-46cd-a52b-953ffff2722c,3045961974,21,Medellín,CC,2_2.5,familiar,true,3,viudo,false,false,false,false,,ninguno,DEUDOR-VIDA-01
d7f8c03b-d142-49d1-8f5c-b0bdbe9aa66e,3796668290,65,Funza,CC,3_4,familiar,true,2,union_libre,true,false,false,true,gato,carro,SALUD-01
8db35660-42b1-4156-be30-d65c15614cf6,3496017092,68,Mosquera,CC,menor_smlv,arrendada,false,0,divorciado,false,false,false,true,perro,carro,MOTO-01
09905e56-68f8-46c6-b622-bcd7c04e4c7e,3887189813,60,Medellín,CC,menor_smlv,propia,true,2,soltero,false,false,false,false,,carro,APEXEQ-PAL-01
76d79178-ce9c-434e-b185-18394b97921d,,75,Medellín,CC,2_2.5,propia,true,1,casado,false,false,false,true,perro,moto,ASMULT-01
a5b32457-3afa-4cd4-a1d9-7dbbdb42567a,3669545085,48,Barranquilla,CC,6_8,propia,true,2,union_libre,true,false,false,false,,moto,VIDAAH-01
1d1f1e3b-b7d0-4682-952c-7a59f47a1931,3206231459,45,Medellín,CC,8_10,familiar,false,0,viudo,true,false,false,true,perro,ninguno,ASMED-01
2e9a0cdd-f476-45c9-bd81-8609da32b8aa,diego.rojas45@gmail.com,37,Funza,CC,6_8,propia,true,1,casado,false,false,false,true,perro,ninguno,VIDAAH-01
629744a5-30af-4903-8bac-76f6b62279ff,3541601991,36,Cali,CC,6_8,familiar,true,3,viudo,true,false,false,false,,carro,VIDAAH-01
26b10fc2-9372-4cf7-ae2d-0cd1d179937b,3525640605,43,Mosquera,CC,2.5_3,propia,true,2,viudo,true,false,false,true,perro,carro,APEXEQ-PAL-01
340d1ba8-8182-4a33-b6cb-64f46c0f4ecf,,20,Bogotá,CC,2_2.5,familiar,false,0,divorciado,false,false,false,true,gato,bici,PET-SEG-01
50c64ecd-17c8-4693-8653-2d603e3ac4b1,3762325588,25,Bogotá,CC,4_6,familiar,true,1,casado,false,false,false,true,perro,carro,HOGAR-01
b0331f2c-30c0-4ff3-a4d0-f89dd62e31f9,3570200617,34,Bogotá,CC,20_30,propia,false,0,divorciado,false,false,false,false,,ninguno,HOGAR-01
78754510-cc23-4542-8a4c-db92f4fbbdbd,3578290524,55,Bucaramanga,PA,1_1.5,propia,true,1,viudo,false,false,false,true,perro,carro,ASMULT-01
d7aa4f2c-b9e8-494f-8bd8-287deb746ef8,3993136062,72,Medellín,CC,1.5_2,familiar,false,0,soltero,false,false,false,true,perro,carro,EXEQ-01
367adc0c-4586-4294-bef4-2b5db7831df2,3378581442,54,Medellín,CC,8_10,familiar,false,0,casado,true,false,false,true,gato,moto,ASMED-01
c4ccd226-c2b9-4550-ad1b-dd8317149480,3735092692,39,Medellín,CC,mayor_30,familiar,false,0,casado,false,false,false,true,perro,ninguno,VIDA-01
1e679b1d-b519-4429-9724-b4e7dafc4ab4,santiago.sanchez26@outlook.com,55,Bogotá,CC,6_8,familiar,true,2,union_libre,false,false,false,false,,ninguno,VIDAAH-01
7f84ff88-c6a1-4f3e-b879-24d3baf425c7,3579672461,60,Bogotá,CC,menor_smlv,arrendada,true,1,soltero,true,false,false,true,perro,moto,ASMED-01
fea85599-8530-4813-a779-f878843fe0b3,3416485155,54,Bogotá,CC,4_6,arrendada,true,4,soltero,true,false,false,true,gato,carro,PET-SEG-01
80619613-69d1-4969-b817-969ba39e1695,,65,Bogotá,CC,8_10,familiar,true,4,union_libre,false,false,false,true,gato,moto,DEUDOR-VIDA-01
7dca61af-afd6-40be-863c-18d12bcbe21e,3686717731,53,Bogotá,CC,1_1.5,familiar,false,0,divorciado,false,false,false,false,,moto,DEUDOR-VIDA-01
5e571d48-b8fb-42ce-9797-383b8789f247,,69,Bogotá,PA,20_30,familiar,true,1,viudo,true,false,false,true,perro,carro,PET-ASIS-01
17ebc0bc-ca1d-4847-babe-e25a4f43974d,andres.vargas49@gmail.com,36,Bogotá,CC,1_1.5,familiar,false,0,soltero,false,false,false,true,perro,moto,APEXEQ-PAL-01
62d7c046-092a-4f8d-b901-f19ce88f57dc,3404365451,55,Medellín,CC,1_1.5,familiar,false,0,divorciado,true,false,false,true,otro,carro,VIDA-01
957eb233-2c08-4d28-81de-b84329163c1f,3616246988,41,Medellín,CC,4_6,familiar,false,0,divorciado,false,false,false,false,,bici,VIDAAH-01
1520609d-b229-46ab-8c64-84730545352d,natalia.castro28@outlook.com,22,Cali,CC,1.5_2,arrendada,false,0,casado,false,false,false,true,perro,ninguno,ARRENDA-01
b226e803-2ea6-492b-9b40-5fba88da7865,carlos.lopez33@outlook.com,27,Medellín,CC,1_1.5,familiar,true,2,casado,true,false,false,true,perro,moto,ARRENDA-01
5a869419-ca00-4e58-a89a-b21f240e953c,3999032388,63,Soacha,CC,1_1.5,familiar,true,4,divorciado,false,false,false,true,otro,ninguno,ARRENDA-01
04f5b7c4-55ce-423b-a247-05175df7534e,luis.sanchez99@yahoo.com,57,Medellín,CC,8_10,familiar,false,0,soltero,true,false,false,true,perro,moto,DEUDOR-VIDA-01
78817ae1-cb67-464b-a3fe-7156980f2abd,3686318552,60,Medellín,CC,3_4,arrendada,false,0,divorciado,false,false,false,true,perro,carro,PET-PREP-01
85699310-50f1-4ef3-bd5b-7611107107b5,3096837201,67,Cali,CC,4_6,arrendada,true,3,union_libre,false,false,false,true,perro,ninguno,HOGAR-01
937503a0-7fe0-4418-aff8-c6d63039e8cb,3765021000,34,Bucaramanga,CC,6_8,familiar,false,0,divorciado,false,false,false,true,perro,ninguno,BICI-01
1dea2eca-8841-4fe7-b280-7281145fb982,3082267990,57,Cali,CC,mayor_30,familiar,false,0,divorciado,false,true,false,false,,ninguno,HOGAR-01
26b8558e-6f3f-4cfa-8e54-9e349614fbd2,3989777382,62,Mosquera,CC,menor_smlv,propia,true,2,soltero,false,false,false,true,gato,ninguno,APEXEQ-PAL-01
27dfe07e-8338-46a9-a665-a0c7038ecb44,3827335021,37,Bogotá,CC,1.5_2,propia,false,0,divorciado,true,false,false,true,perro,carro,PET-ASIS-01
5e391f4b-12aa-40d1-a08e-ce15ddda274e,3178192365,66,Bogotá,CC,2.5_3,arrendada,true,1,divorciado,true,false,false,true,perro,carro,EXEQ-01
e7cb581f-9530-47e8-b32b-bdaa18d36c43,3646491111,52,Bogotá,CC,6_8,familiar,true,4,soltero,false,false,false,true,gato,ninguno,VIDAAH-01
fc956b0c-0429-44de-a9d4-f93dc6f245a5,3236537558,34,Barranquilla,CC,10_20,propia,true,2,viudo,true,false,false,false,,ninguno,BICI-01
d9bf9083-e74b-47f4-8ecf-d7b923b6b39a,3507867969,54,Bucaramanga,CC,1_1.5,familiar,false,0,casado,false,false,false,false,,carro,DEUDOR-VIDA-01
0ae37c80-6a37-4a70-90b4-e7e0fcda51b0,3763643159,36,Medellín,CC,1_1.5,familiar,true,3,viudo,false,false,false,true,perro,ninguno,ARRENDA-01
cfeaf78a-ef4a-4d0c-a8b2-131d4d878bc5,3412600267,35,Medellín,CC,3_4,familiar,false,0,viudo,false,false,false,true,perro,ninguno,HOGAR-01
e9661df1-776d-4b9b-81e5-6321fcdfb605,3624220102,64,Medellín,CC,2_2.5,familiar,false,0,divorciado,false,false,false,false,,carro,ARRENDA-01
1a53d550-ae91-4d67-9a5a-8f5295c2d804,felipe.lopez64@hotmail.com,30,Bogotá,CC,3_4,familiar,true,3,viudo,false,false,false,false,,moto,VIDA-01
03c55597-c01d-4bec-81ee-2ec6862b219d,valentina.rojas49@gmail.com,56,Cali,CC,1.5_2,propia,true,3,viudo,false,true,false,true,perro,ninguno,PET-ASIS-01
0b84cdfc-3d3e-4043-af8f-2668cc9cd3b6,3327163033,55,Cali,CC,4_6,familiar,false,0,casado,false,false,false,true,perro,carro,EXEQ-01
2f8a92c1-400a-4f70-b797-60aa7137e68b,3601515325,69,Medellín,CC,20_30,familiar,false,0,viudo,true,false,false,true,perro,carro,ASMED-01
346a71d9-4981-4346-b824-47a8f960d06a,carlos.torres33@hotmail.com,73,Medellín,CC,8_10,propia,true,4,union_libre,false,false,false,true,gato,carro,EXEQ-01
043ce1c7-eea9-46f2-8bc4-5fcfcd46e7c9,3229606913,68,Bogotá,CE,8_10,propia,true,1,divorciado,false,false,false,false,,ninguno,VIDA-01
0eb1630b-17a6-4472-8fe4-810fa4e5eae2,diego.rodriguez91@yahoo.com,46,Mosquera,CC,1.5_2,arrendada,true,4,casado,false,false,false,true,gato,carro,MOTO-01
609ff705-3954-4fac-91db-7ca95514da55,andres.ramirez45@yahoo.com,39,Mosquera,CC,6_8,arrendada,false,0,casado,false,false,false,true,perro,carro,PET-PREP-01
1b3f8735-2749-4ed3-bf48-8afa362afbd8,3606414425,65,Zipaquirá,CC,mayor_30,propia,true,4,viudo,true,false,false,true,gato,ninguno,BICI-01
569a09ef-ca81-44fa-b604-c9aaa9a226a6,sofia.suarez30@hotmail.com,51,Soacha,CC,3_4,propia,false,0,viudo,false,false,false,true,perro,moto,HOGAR-01
963022e1-1481-4495-a604-0319851f8beb,3316295810,71,Barranquilla,CC,6_8,arrendada,false,0,soltero,false,false,false,true,otro,ninguno,BICI-01
0e580b54-7bc6-4277-89a6-aced51f56904,3820682048,73,Bucaramanga,CC,8_10,familiar,true,1,viudo,true,false,false,true,perro,moto,HOGAR-01
eaf04f17-0c4a-494a-9af5-580466440f09,3465631603,29,Medellín,CC,20_30,familiar,true,3,viudo,false,false,false,true,perro,ninguno,PET-SEG-01
d61e2061-586d-40c1-9b79-4c6f4abaf90c,,34,Bogotá,CE,10_20,arrendada,true,1,casado,true,false,false,true,perro,ninguno,HOGAR-01
dacf33d4-b9f3-4682-9526-0c9e87016b27,felipe.suarez19@gmail.com,47,Funza,CC,2.5_3,arrendada,false,0,soltero,true,false,false,false,,moto,DEUDOR-VIDA-01
3feaa561-761a-4e96-9e2a-4ed714fe6672,3970658112,35,Bogotá,CC,3_4,propia,false,0,divorciado,true,false,false,false,,moto,ASMED-01
174637ba-904a-47fc-92a1-cb2f27eef057,3586760304,18,Bucaramanga,CC,8_10,familiar,false,0,casado,false,false,false,false,,carro,HOGAR-01
a3815c88-2505-4ea4-a2b7-1ffd7e28f727,diego.gonzalez81@outlook.com,39,Bogotá,CC,6_8,familiar,false,0,soltero,true,false,false,false,,carro,VIDA-01
76fed46e-b91e-46fc-a19f-4e039fabd648,3928170744,33,Bogotá,CC,menor_smlv,propia,true,2,casado,false,false,false,true,perro,moto,APEXEQ-PAL-01
58f11f79-5fd4-4b66-bc49-80b4d28a46fb,david.ramirez93@gmail.com,57,Bogotá,CC,3_4,propia,false,0,casado,true,false,false,false,,ninguno,PET-SEG-01
f196bbce-a204-4f96-933f-2b90175a8440,3051027190,40,Bogotá,CC,20_30,familiar,true,1,union_libre,false,false,false,true,perro,ninguno,DEUDOR-VIDA-01
a30cf94b-b9a8-4030-9310-a8e93087be04,,23,Medellín,CC,menor_smlv,arrendada,false,0,casado,false,false,false,false,,moto,BICI-01
fc27d68b-7cc7-488d-a1fc-f9b27e492712,3306670059,56,Zipaquirá,CC,2.5_3,arrendada,false,0,viudo,false,false,false,true,otro,ninguno,PET-SEG-01
b3834c88-09a8-4ac7-ac77-97f80dd5c8e3,3704768098,40,Barranquilla,CC,4_6,familiar,false,0,casado,false,false,false,true,otro,moto,PET-SEG-01
1ae0e2ab-3adf-4216-a057-696c56798d71,valentina.castro13@hotmail.com,21,Cali,CE,1_1.5,propia,false,0,divorciado,false,false,false,false,,carro,DEUDOR-VIDA-01
b3a9f3a8-c233-4e9d-8681-0d05e12ba43a,3212905888,36,Barranquilla,CC,1_1.5,familiar,true,2,divorciado,false,false,false,true,perro,carro,VIDA-01
cea5f6f1-c8fe-46af-bf2a-0a0457ab0b86,carolina.rodriguez7@gmail.com,27,Bogotá,PA,10_20,propia,true,2,divorciado,false,false,false,true,gato,ninguno,BICI-01
722fd69b-cd4d-4586-b43f-ec03f0893c2c,luis.martinez18@yahoo.com,64,Medellín,CC,3_4,familiar,false,0,casado,true,false,true,true,gato,carro,PET-SEG-01
00bbfd53-25a8-496c-a21c-caf49ded09b0,valentina.vargas94@outlook.com,69,Medellín,CC,20_30,propia,true,3,viudo,false,false,false,true,gato,ninguno,HOGAR-01
8100b6df-838b-4ff4-b6d1-78104ed369f7,luis.gomez68@yahoo.com,40,Bogotá,CC,6_8,familiar,false,0,viudo,false,false,false,true,perro,carro,VIDAAH-01
7a0122fd-e633-4989-853d-4e55d70432de,3668893734,45,Bogotá,CC,1_1.5,propia,false,0,divorciado,false,false,false,false,,carro,APEXEQ-PAL-01
66f3088e-1e32-4217-b8af-c57786cbf9bd,3625257150,56,Bogotá,CC,10_20,arrendada,true,4,viudo,true,false,false,true,perro,ninguno,SALUD-01
c058aa0d-d68e-42e0-ac06-6bf29b04ec23,sofia.rojas41@outlook.com,60,Cali,CC,6_8,arrendada,false,0,union_libre,false,false,false,true,perro,ninguno,PET-SEG-01
646cbacf-262e-4ae5-81ef-f4aeeece7b6c,3609406714,60,Bogotá,CC,10_20,arrendada,true,2,soltero,true,false,false,true,perro,moto,HOGAR-01
77dd57ed-0c8d-4bf9-97b0-5cb48a75f40b,3153722155,44,Bogotá,CE,1.5_2,familiar,false,0,viudo,false,false,false,false,,ninguno,DEUDOR-VIDA-01
aa93ae90-7a9d-421d-90fe-13aefffdc17d,maria.lopez87@outlook.com,20,Medellín,CC,mayor_30,propia,true,3,casado,true,false,false,false,,ninguno,VIDA-01
ab6c226e-271f-4281-b15c-5b83c991c530,luis.suarez74@hotmail.com,57,Bogotá,CC,6_8,arrendada,false,0,soltero,false,false,false,true,perro,ninguno,PET-PREP-01
2ffd4965-f31e-4339-bc25-f8c3931476aa,3832736529,31,Bogotá,CE,10_20,arrendada,false,0,casado,false,false,false,true,perro,ninguno,DEUDOR-VIDA-01
51535557-3e3a-4186-bcbb-ae885e9974d4,3100944300,26,Medellín,CC,6_8,arrendada,true,2,casado,false,false,false,true,perro,moto,PET-PREP-01
63d397db-2f3b-408d-959f-a6ad06a7c061,3438666847,20,Funza,CE,3_4,familiar,false,0,casado,false,false,false,true,perro,ninguno,MOTO-01
4513a6ff-0db4-40cd-9725-3fd4631bb011,,59,Cali,CC,6_8,propia,true,4,casado,true,false,false,false,,ninguno,SALUD-01
23ec9c2c-f4ca-46b0-b928-615bad29be1d,3736619671,55,Bogotá,CC,6_8,familiar,false,0,divorciado,false,false,false,false,,ninguno,BICI-01
73f207d4-d153-4336-83d1-5a77c9777719,3217368385,60,Cali,CC,menor_smlv,familiar,false,0,union_libre,false,false,false,true,perro,moto,PET-SEG-01
f30e2164-d371-414f-9f64-d0552af23974,,46,Bogotá,CC,menor_smlv,familiar,true,1,divorciado,false,false,false,true,otro,moto,ASMULT-01
e7221c1a-2550-444b-ace5-d2d7ab1ab876,,63,Cali,CE,10_20,propia,false,0,divorciado,true,false,false,true,perro,carro,SALUD-01
b0a9767c-2f7e-448e-b22e-a439536049eb,,40,Bogotá,CC,1_1.5,arrendada,false,0,divorciado,false,false,false,true,gato,moto,APEXEQ-PAL-01
0badd3ae-3cfa-42c0-89a8-89160fa8501d,3749731114,75,Bogotá,CC,10_20,arrendada,false,0,casado,true,false,false,true,otro,bici,PET-ASIS-01
7eb15285-5492-441b-9046-35d912bb95aa,3083044058,22,Bogotá,CC,menor_smlv,familiar,false,0,casado,false,false,false,false,,moto,BICI-01
a538aa3b-5a35-4c39-b861-82a31916edd5,natalia.perez78@outlook.com,63,Funza,CC,1_1.5,arrendada,true,4,divorciado,false,false,false,true,perro,carro,DEUDOR-VIDA-01
9e6b33b3-660b-40e5-ba61-07e2a614bef6,carlos.martinez28@yahoo.com,42,Barranquilla,CC,menor_smlv,arrendada,true,2,divorciado,true,false,false,true,gato,moto,APEXEQ-PAL-01
ed70ccb6-86e4-49ae-8685-8059956c54b3,3708781574,62,Medellín,CC,10_20,familiar,false,0,soltero,false,false,false,true,perro,ninguno,HOGAR-01
4b5e28b8-bb4f-4d31-bc6a-fd455d317718,ana.suarez87@outlook.com,63,Medellín,CC,2.5_3,familiar,false,0,union_libre,false,true,false,true,perro,ninguno,DEUDOR-VIDA-01
ffca59fb-07d9-496f-938f-d61ce32fb26e,3840051563,54,Cali,CC,2_2.5,arrendada,false,0,soltero,false,false,false,false,,ninguno,PET-ASIS-01
8155a78e-00b6-4704-bae3-1414258452e1,3119906563,29,Zipaquirá,CC,2.5_3,familiar,false,0,divorciado,false,false,false,false,,ninguno,MOTO-01
ff9be7f3-4a94-40ed-99b2-bf00c1f09361,3178942603,27,Medellín,CC,menor_smlv,propia,true,2,viudo,true,false,false,true,perro,ninguno,BICI-01
9eb40e45-5b42-4047-b99f-f0c069250fde,3396362091,44,Mosquera,CC,3_4,familiar,false,0,union_libre,false,false,false,true,perro,carro,MOTO-01
b5dd4c67-9a37-47ed-a671-4f18c321e94a,3229311423,23,Cali,CC,1_1.5,arrendada,false,0,union_libre,false,false,false,true,gato,moto,DEUDOR-VIDA-01
f2f2470b-d54a-48cd-8ef1-4bb014114977,3426226441,51,Medellín,CC,menor_smlv,propia,false,0,union_libre,false,false,false,true,gato,moto,PET-ASIS-01
60b898d4-dbb1-473d-9426-f093693c1a53,valentina.jimenez92@yahoo.com,72,Soacha,CC,3_4,propia,true,3,viudo,false,false,false,true,gato,ninguno,DEUDOR-VIDA-01
809b63d9-9d57-4c8e-84a0-baf9aa251d70,3309479768,51,Bogotá,CC,3_4,familiar,false,0,union_libre,true,false,false,true,perro,carro,HOGAR-01
f8c20e2e-e714-49fc-953d-8702ad125a7d,3649157955,36,Bogotá,CC,2_2.5,propia,false,0,casado,false,false,false,false,,moto,ASMULT-01
b177f3a3-74fc-4610-844c-07cc22555fde,laura.garcia71@hotmail.com,40,Bogotá,CC,1_1.5,propia,true,3,casado,false,false,false,false,,moto,APEXEQ-PAL-01
5cb86ba5-a837-45fc-9833-1c4599cf5478,3897476766,62,Bogotá,CC,6_8,propia,false,0,viudo,true,false,false,true,gato,carro,HOGAR-01
c62480e5-3e8a-4a94-8ec2-00828b065a73,valentina.ortiz36@outlook.com,44,Bogotá,CC,6_8,arrendada,false,0,divorciado,false,false,false,false,,moto,VIDAAH-01
4a616451-473e-4f75-9377-d6656af81ef3,3697694136,42,Bogotá,CC,6_8,arrendada,true,4,viudo,true,false,false,false,,ninguno,ASMED-01
7147927e-419a-42d2-b5c2-e0e1f3e26b69,3982817947,48,Bogotá,CE,menor_smlv,arrendada,true,1,soltero,true,false,false,false,,moto,APEXEQ-PAL-01
8f3e6321-d43a-44d2-b686-20d094fb74b5,felipe.garcia74@hotmail.com,40,Medellín,CE,3_4,propia,false,0,soltero,false,false,false,false,,ninguno,ARRENDA-01
97f0d58f-61e5-41dd-810c-62bb3a496547,diana.torres24@gmail.com,69,Cali,CC,20_30,propia,false,0,casado,false,false,false,true,perro,ninguno,HOGAR-01
f187cff6-7eee-4eb7-b3a1-025d90fa2a11,3648356287,67,Bogotá,CC,2_2.5,familiar,true,1,viudo,false,false,false,true,otro,ninguno,EXEQ-01
73beb091-7c0d-4da5-8db8-c11379923cba,3434685863,60,Manizales,CC,2.5_3,propia,false,0,divorciado,false,false,false,true,perro,carro,ASMULT-01
a0c86eb6-2a1c-4fd9-9fff-b679768c3710,3005090830,21,Bogotá,CC,20_30,familiar,false,0,casado,false,false,false,true,otro,carro,BICI-01
96c6361e-cfb6-43ce-9271-ffd0146f3eb2,3888258120,66,Medellín,CC,20_30,familiar,true,2,divorciado,true,false,false,false,,carro,ARRENDA-01
c6b4990e-a198-4d41-80b7-6dead8bcfb09,sofia.vargas55@gmail.com,65,Bogotá,CC,1_1.5,propia,false,0,casado,false,false,false,true,perro,ninguno,DEUDOR-VIDA-01
4c8ac279-2795-4d4e-a6ab-d20d5b64f94b,3270422593,61,Barranquilla,CC,20_30,familiar,false,0,casado,true,false,false,true,perro,ninguno,EXEQ-01
37fd8cda-ced0-46e1-8f97-29962303a010,valentina.castro86@hotmail.com,65,Bogotá,CC,2_2.5,familiar,false,0,casado,false,false,false,false,,carro,DEUDOR-VIDA-01
e44792f1-9113-4aae-a799-24506d36cfe2,3743420502,36,Medellín,CC,menor_smlv,familiar,false,0,soltero,false,false,false,false,,ninguno,VIDA-01
fc510fa5-8073-4355-aef2-17dda6ad4182,sofia.rodriguez14@gmail.com,30,Medellín,CC,6_8,familiar,true,4,viudo,true,false,false,false,,carro,PET-SEG-01
3741b248-3da1-4dbc-b007-c652059f7561,3590317756,75,Bogotá,CC,4_6,familiar,true,1,soltero,false,false,false,false,,bici,DEUDOR-VIDA-01
add570ca-968f-455b-8873-95cb4d9c060f,,36,Cali,CC,20_30,arrendada,true,4,union_libre,false,false,false,true,gato,ninguno,PET-PREP-01
8e713a29-a1f6-4a58-9621-7491acc669bd,,54,Bucaramanga,CC,3_4,arrendada,true,3,casado,false,false,false,false,,moto,VIDA-01
530b9bc4-e24d-4064-bb2c-49ffed056b37,3699906041,53,Medellín,CC,4_6,familiar,true,4,soltero,false,false,false,true,gato,carro,VIDAAH-01
e137ed21-98a8-4057-8583-befcf551a635,,53,Cali,CC,1.5_2,propia,false,0,casado,false,false,false,true,perro,carro,PET-ASIS-01
6d69e67f-4066-4e34-8167-2faf48b9433b,daniela.moreno95@yahoo.com,74,Bogotá,CC,3_4,propia,false,0,casado,false,false,false,false,,ninguno,EXEQ-01
8711279d-1a05-4bc4-a7b3-a3b7daa236d7,santiago.perez50@gmail.com,55,Bogotá,CC,20_30,arrendada,true,4,divorciado,true,true,false,true,gato,carro,PET-ASIS-01
997c15f4-e01c-4648-b8cc-ebd4599eb406,felipe.rodriguez21@yahoo.com,49,Bogotá,CC,20_30,arrendada,true,2,casado,false,false,false,true,perro,ninguno,HOGAR-01
1f9bd4b7-3071-4685-9d3f-e94550a1be2f,3073552784,41,Soacha,CC,mayor_30,propia,false,0,casado,false,false,true,false,,bici,VIDAAH-01
706e233e-21d3-4104-b634-c940acec0aa0,laura.vargas80@outlook.com,54,Mosquera,CC,2_2.5,propia,true,1,divorciado,false,false,false,true,perro,moto,MOTO-01
86720e98-f7c8-4e39-a48d-80ef0d2a6bc4,3502050254,54,Bogotá,CC,1_1.5,propia,true,2,viudo,true,false,false,true,perro,moto,APEXEQ-PAL-01
8839a687-8e5d-4804-9fd2-72c01437af6e,,50,Zipaquirá,CC,3_4,familiar,false,0,viudo,true,false,false,true,gato,carro,MOTO-01
3d88a084-1d0d-41b2-ba10-88bd1273dc8f,3419662291,69,Barranquilla,CC,10_20,propia,true,4,divorciado,true,false,false,false,,carro,HOGAR-01
40cee060-94c8-4882-b133-93e91aac2c84,3834001704,46,Cali,CC,4_6,arrendada,false,0,soltero,true,false,false,true,gato,ninguno,EXEQ-01
1dfed3e2-80d2-454f-911e-761350f75344,,67,Medellín,CC,2.5_3,arrendada,false,0,casado,false,false,false,false,,moto,DEUDOR-VIDA-01
ab357cca-8741-4fb3-8c6d-bc6548a36ab7,3213522111,24,Bogotá,CC,8_10,familiar,false,0,soltero,false,false,false,false,,ninguno,DEUDOR-VIDA-01
3b9cf3af-d659-4c7c-8405-c7004ff47e4a,3343357120,74,Bucaramanga,CC,3_4,arrendada,true,3,viudo,true,false,false,true,gato,moto,BICI-01
5dd53a6d-e3b2-4f95-b917-e1818e4c0ecf,3857646036,74,Soacha,CC,2_2.5,familiar,false,0,casado,false,false,false,true,perro,ninguno,BICI-01
871bad8b-2663-4111-bf32-2d283fde7cc6,3990707550,34,Cali,CC,mayor_30,arrendada,true,4,viudo,false,false,false,true,otro,ninguno,HOGAR-01
fd4b3ab0-d102-46a5-9ad7-cb77389ad31e,3788147425,19,Barranquilla,CC,6_8,arrendada,false,0,casado,false,false,false,true,otro,moto,PET-PREP-01
99d4eed5-5980-42b3-8239-545f308abef8,3191344389,54,Bogotá,CC,mayor_30,propia,false,0,divorciado,false,true,false,true,perro,carro,HOGAR-01
3a43ca8d-a97b-4926-9b5f-89e1d8f70fd5,diana.perez92@yahoo.com,22,Zipaquirá,CC,1_1.5,propia,true,2,casado,true,false,false,true,perro,bici,PET-PREP-01
6fd3a604-816b-46ce-91b3-d5b7759e38f6,3453347985,26,Mosquera,CC,1.5_2,arrendada,true,3,union_libre,false,false,false,true,perro,bici,ASMULT-01
22bd5fb8-c65d-4d2b-b2c6-4cd37e18e1c8,3237333433,30,Cali,CC,2.5_3,familiar,true,3,casado,false,false,false,true,perro,moto,DEUDOR-VIDA-01
c358509d-435f-4eae-9af7-a6f3bfa591c1,3595353241,28,Cali,CC,4_6,arrendada,false,0,divorciado,false,false,false,false,,moto,PET-SEG-01
6754a935-f6c4-4f7b-9baf-660c5fe97538,3139537672,34,Bogotá,CC,1.5_2,propia,false,0,viudo,false,false,false,true,perro,bici,PET-PREP-01
2002e97a-40b7-419e-9c0d-c10e6223dbaf,3273715869,53,Funza,CC,3_4,arrendada,false,0,union_libre,false,false,false,true,gato,bici,MOTO-01
e2ec238e-1cbf-4125-8f1a-8f98b2ff8ed1,3755037589,56,Bogotá,PA,8_10,familiar,true,3,divorciado,true,false,false,true,gato,carro,HOGAR-01
f01e7704-6e25-4afb-b612-f802332decda,3066329568,54,Bogotá,CC,8_10,arrendada,true,3,divorciado,false,false,false,true,perro,carro,VIDA-01
1f2061ac-f4e5-4bb2-b57a-61d43b5bbbe0,laura.rojas95@gmail.com,65,Bucaramanga,CC,10_20,arrendada,false,0,soltero,false,false,false,true,otro,ninguno,APEXEQ-PAL-01
3c2fa2a9-a9e1-4fa5-89fc-23cc9eb5daff,maria.jimenez88@gmail.com,52,Bogotá,CC,4_6,propia,false,0,soltero,true,false,false,true,otro,ninguno,VIDAAH-01
3d58d010-9903-4054-8e1f-681ba53a172d,3726847464,39,Medellín,CC,4_6,arrendada,false,0,soltero,false,false,false,true,perro,ninguno,VIDAAH-01
f7980270-7320-4e41-87db-ec338d304ab6,3290457927,24,Bucaramanga,CC,2.5_3,arrendada,true,2,union_libre,false,false,false,true,perro,moto,PET-ASIS-01
d7fe0fd5-3fc2-4d5b-ba14-aed3ca9b843f,3196127662,18,Mosquera,CE,menor_smlv,propia,false,0,viudo,true,true,false,true,perro,ninguno,MOTO-01
2a99ebf1-cb86-4323-91a2-ed9984fdc3cc,3794869894,37,Bogotá,CC,4_6,familiar,true,1,divorciado,true,false,false,true,perro,ninguno,VIDAAH-01
1bbd5f7a-c17e-402a-9295-79fb7c114035,3644199412,34,Medellín,CC,3_4,arrendada,true,1,divorciado,true,true,false,false,,ninguno,DEUDOR-VIDA-01
43089259-5d37-4321-9dad-5b7e50f7a225,3339553433,36,Medellín,CC,menor_smlv,familiar,true,4,soltero,false,false,false,true,perro,ninguno,ASMULT-01
75f5a3c3-b1bb-4086-93ae-69c9617d5f18,3272362669,30,Bogotá,CC,menor_smlv,arrendada,false,0,soltero,true,false,false,true,otro,carro,ARRENDA-01
f8d39a50-45b7-4e3b-bdd2-785758298165,3058366834,53,Cali,CC,2.5_3,arrendada,false,0,viudo,false,false,false,true,perro,bici,ARRENDA-01
11bd7c53-4ac6-4156-a728-780ee57c1582,natalia.moreno9@outlook.com,29,Funza,CC,2.5_3,arrendada,true,3,soltero,false,false,false,false,,bici,MOTO-01
91c47d0d-a991-4cd8-997a-a4cb60800997,3547006887,33,Bogotá,CC,mayor_30,propia,false,0,casado,false,false,false,true,perro,ninguno,HOGAR-01
64b057ae-258a-489a-b2ca-1e2c09de0107,3485623788,45,Funza,CC,2_2.5,propia,false,0,divorciado,false,false,false,true,perro,ninguno,MOTO-01
b0e1cd3f-9df9-4e1e-9714-d368afe3f537,3841013282,66,Bucaramanga,CC,2_2.5,familiar,true,2,soltero,false,false,false,true,perro,moto,EXEQ-01
273b3c29-52e5-4000-904a-92129a92bb40,luis.torres93@outlook.com,23,Bogotá,CC,6_8,familiar,true,2,soltero,true,false,false,false,,carro,BICI-01
6e83c934-5dde-4f65-8e03-86e908ee4ae9,3799631733,66,Barranquilla,CC,2_2.5,familiar,true,3,divorciado,false,false,false,false,,bici,HOGAR-01
77204d0d-9914-48fa-a4cf-1b70c4b3c4db,3868521007,32,Soacha,CC,3_4,familiar,true,1,soltero,true,false,false,false,,ninguno,BICI-01
bff2df4c-fe97-4567-a745-f0bebf2d1380,carlos.perez56@yahoo.com,20,Zipaquirá,CC,2.5_3,familiar,false,0,soltero,false,false,false,true,perro,moto,ASMULT-01
7b99ac88-d67c-4171-a7ac-b4017032ed91,3327541156,41,Bogotá,CC,1_1.5,arrendada,false,0,divorciado,true,false,false,true,gato,moto,ARRENDA-01
4b55be9a-5fb1-40e1-903d-533b246c2aed,diana.perez64@yahoo.com,53,Soacha,CE,8_10,arrendada,true,3,divorciado,true,false,false,false,,ninguno,HOGAR-01
ba7d93b9-7843-45e4-948e-32c37cc9a962,3778956133,46,Bogotá,CC,1_1.5,familiar,false,0,viudo,false,false,false,false,,ninguno,APEXEQ-PAL-01
ba9a2c28-8ab8-4cea-b7f2-24c80ae409dd,valentina.florez23@hotmail.com,60,Bogotá,CC,20_30,propia,false,0,viudo,false,false,false,true,gato,carro,HOGAR-01
cc03b7f7-eece-4460-956d-8cd91547bfef,3909671080,18,Medellín,CC,1.5_2,arrendada,true,3,viudo,false,false,false,true,perro,ninguno,DEUDOR-VIDA-01
58534738-3ca0-4530-927f-ba4e3f13e91a,daniela.gomez84@outlook.com,27,Barranquilla,CC,4_6,familiar,false,0,divorciado,true,false,false,true,perro,moto,HOGAR-01
02b02a30-40f0-4874-a205-99cc531d3854,3012819400,24,Medellín,CC,1_1.5,propia,true,3,casado,true,false,false,true,perro,ninguno,PET-SEG-01
4c0770a9-f333-4de5-ba48-cb78b2402a7e,3688486573,48,Bogotá,CC,2_2.5,arrendada,true,4,divorciado,false,true,false,true,perro,ninguno,ARRENDA-01
f1a1b0f8-1440-4b5f-9efa-1eef51908632,3709986162,31,Medellín,CC,10_20,familiar,true,1,soltero,false,false,false,true,perro,ninguno,BICI-01
87010516-a401-4d10-ba95-3b84ba06731f,,42,Cali,PA,menor_smlv,arrendada,false,0,viudo,false,false,false,true,gato,ninguno,BICI-01
6635c70f-c3a6-4110-a486-3d49fa16bbd4,3605642045,45,Cali,CE,1.5_2,arrendada,false,0,divorciado,false,false,false,true,gato,carro,ASMULT-01
a34355e5-8b6c-462a-b185-24d1cb273e72,3110340207,55,Bogotá,CE,6_8,arrendada,true,1,divorciado,false,false,false,false,,ninguno,VIDAAH-01
0ac3edcb-c355-481e-99e7-c5600871764a,3706239726,41,Bogotá,CC,1.5_2,arrendada,true,2,union_libre,false,false,false,true,perro,ninguno,PET-SEG-01
da2a0a49-42b7-4339-b079-8cb98f867e23,3763985726,60,Bogotá,CE,4_6,familiar,false,0,union_libre,true,false,false,false,,carro,DEUDOR-VIDA-01
48ee62dd-fb94-4aa4-b8d9-cfedf5aa4f78,andres.castro56@hotmail.com,32,Funza,CC,10_20,arrendada,false,0,union_libre,false,false,false,false,,ninguno,BICI-01
1db808a9-d453-4a92-84b8-c1f444e6f37c,,44,Barranquilla,CC,1_1.5,familiar,false,0,viudo,true,false,false,true,perro,bici,SALUD-01
84a44a98-8179-43d1-88c8-b6089777bd7a,sofia.suarez63@outlook.com,19,Cali,CC,2_2.5,arrendada,false,0,soltero,false,false,false,false,,ninguno,PET-SEG-01
b245ddd3-0ee0-47a8-93b1-90a7b3b026da,3601616876,32,Barranquilla,CC,mayor_30,propia,false,0,divorciado,true,false,false,false,,ninguno,HOGAR-01
7cc2fdfd-e3ca-4199-83a6-1d12695e401d,3755470142,74,Medellín,CC,10_20,arrendada,true,1,casado,false,false,false,true,perro,ninguno,PET-SEG-01
8a9c3c08-0874-4915-b91c-8a007fe1cb2e,sebastian.sanchez15@gmail.com,27,Bucaramanga,CC,1_1.5,propia,true,3,viudo,false,true,false,true,perro,ninguno,ASMED-01
766e2405-81bc-4a32-8474-6f5abad32e12,felipe.vargas94@hotmail.com,62,Bucaramanga,CC,3_4,familiar,true,1,soltero,true,false,false,false,,ninguno,PET-SEG-01
0f49159c-b297-4e39-9ddf-54ccdcc70c31,paula.lopez9@outlook.com,47,Medellín,CC,2.5_3,arrendada,true,4,casado,true,false,false,true,perro,carro,EXEQ-01
18b653c9-b85b-4bd9-8198-a45c63f15495,luis.moreno13@yahoo.com,71,Medellín,PA,menor_smlv,familiar,false,0,union_libre,false,false,false,false,,ninguno,PET-PREP-01
ff64831d-9762-49e7-826b-f84b51dcece7,david.florez47@gmail.com,65,Medellín,CC,1_1.5,familiar,false,0,union_libre,true,false,false,false,,ninguno,VIDA-01
979d376b-6a82-45d8-b001-3cc00df5831c,3385467854,34,Manizales,CC,6_8,familiar,false,0,divorciado,false,false,false,false,,bici,HOGAR-01
f55a265e-f731-42c3-b015-d875bae7301a,3343585991,73,Zipaquirá,CC,3_4,arrendada,false,0,divorciado,false,false,false,false,,ninguno,ARRENDA-01
5cf78032-0ecd-4ed6-a1b1-50613a94109c,3676586179,59,Mosquera,CC,8_10,propia,true,2,divorciado,true,false,false,true,perro,moto,HOGAR-01
7de60de8-6c60-47a6-bf54-2d57f5e2aa01,3001976893,33,Bucaramanga,CC,1_1.5,arrendada,false,0,soltero,true,false,false,true,perro,ninguno,DEUDOR-VIDA-01
c599eef3-cfff-4723-a42e-dca90d8dfbc1,3899818119,64,Soacha,CC,2.5_3,propia,false,0,viudo,true,false,false,true,perro,carro,EXEQ-01
2bfc8145-ed25-4993-99fe-3a50ecbe1596,3114837537,63,Cali,CC,1.5_2,arrendada,false,0,viudo,false,false,false,true,gato,moto,ASMULT-01
0ae083cd-7eaa-44ed-9de0-61efb171696b,3356343171,56,Barranquilla,CC,2_2.5,familiar,true,1,divorciado,true,false,false,false,,ninguno,ASMULT-01
f83c137b-7fd8-4ad1-8821-0b87d22aab52,andres.rodriguez39@outlook.com,26,Medellín,CC,1_1.5,arrendada,true,3,casado,false,false,false,false,,moto,BICI-01
fc5d7d8b-0fcb-48cc-ba75-ea95b129e7e1,3250112875,21,Bogotá,CC,8_10,propia,true,4,divorciado,false,false,false,false,,ninguno,BICI-01
fff75b79-b84b-43cd-b6c8-3f1c1814f52f,luis.ortiz43@outlook.com,52,Bogotá,CC,4_6,arrendada,false,0,viudo,true,false,false,true,otro,moto,SALUD-01
32d29dba-8ff0-4049-a2ce-60a1f8579640,3201116282,73,Soacha,CC,mayor_30,propia,false,0,union_libre,false,false,false,true,perro,ninguno,PET-ASIS-01
fbea2eef-9d07-4cde-a088-15e751b9a2b2,3100720409,37,Funza,CC,1.5_2,propia,false,0,soltero,false,false,false,false,,moto,MOTO-01
9f1c06fb-8f35-4900-a15c-0d1f3ffdd09f,valentina.perez19@outlook.com,73,Cali,CC,1_1.5,arrendada,false,0,union_libre,true,false,false,true,perro,ninguno,EXEQ-01
fd965f18-fdd1-49ea-aebf-99907145b10e,,44,Funza,CC,4_6,arrendada,true,1,union_libre,false,false,true,true,otro,carro,VIDAAH-01
c58c75aa-193e-4d23-b799-113c32c33081,diana.rodriguez33@gmail.com,21,Cali,CC,10_20,arrendada,false,0,union_libre,false,false,false,true,perro,moto,BICI-01
14058403-7107-4150-9d75-b18cbea130a8,3302239354,21,Medellín,CC,2_2.5,arrendada,false,0,divorciado,true,false,false,false,,ninguno,BICI-01
a705f0eb-de2a-433e-93d1-42d42a0f0715,3005468013,25,Bogotá,CC,menor_smlv,propia,true,2,divorciado,true,false,false,true,gato,moto,APEXEQ-PAL-01
3cb15afe-a1b8-4d38-a624-cd49165198c4,3476207347,52,Bogotá,CC,10_20,propia,true,3,union_libre,true,false,false,true,perro,ninguno,HOGAR-01
14a15276-4077-4cc3-9df9-1b5774212919,3399875915,33,Bogotá,CC,1_1.5,propia,true,4,union_libre,false,false,false,true,gato,carro,DEUDOR-VIDA-01
072f6319-0e0b-44fb-858f-835f851687ea,3008017986,48,Cali,CC,mayor_30,arrendada,false,0,viudo,true,false,false,true,perro,moto,PET-PREP-01
8b0c2f99-aaa7-4aaf-a1cf-475ffb8a9b02,sofia.garcia96@outlook.com,45,Zipaquirá,CC,4_6,arrendada,true,2,soltero,true,false,false,true,perro,moto,HOGAR-01
922c022e-fb23-441a-bdaa-6a210fbaa8d7,3374887055,34,Bogotá,CC,8_10,propia,true,1,union_libre,false,false,false,true,perro,moto,ASMED-01
cc5dd5bb-a1b1-486b-b528-4ce22d483aac,david.torres99@outlook.com,35,Zipaquirá,CC,menor_smlv,arrendada,false,0,soltero,true,false,false,true,perro,moto,ASMED-01
225eb1ff-c73c-4f6b-aadc-b464d400946c,3452573787,62,Cali,CC,2.5_3,arrendada,false,0,divorciado,true,false,true,false,,ninguno,ASMED-01
6cea54c5-b158-43f5-b978-050641c10847,3421751887,50,Cali,CC,6_8,arrendada,false,0,viudo,false,false,false,true,perro,ninguno,HOGAR-01
9e08ef5f-6bc4-4fcc-b8cc-a64331f1b637,,27,Soacha,CC,1_1.5,arrendada,true,2,viudo,true,false,false,false,,bici,APEXEQ-PAL-01
96415454-4a66-4822-89dc-9330f132b59a,3954899529,54,Bucaramanga,CC,1_1.5,familiar,false,0,divorciado,false,false,false,false,,bici,ASMULT-01
2d0db862-925d-4ec6-bc56-5e2bd7417e5d,3965866814,21,Medellín,CC,2_2.5,arrendada,false,0,viudo,false,false,false,true,otro,ninguno,HOGAR-01
56375c3e-0b71-4190-8673-54d129dfb05a,3955738156,75,Bucaramanga,CC,6_8,familiar,true,4,casado,false,false,false,true,otro,ninguno,EXEQ-01
7e49ac3b-dd39-4caf-a7b5-0720a072f28e,camila.moreno48@outlook.com,34,Bogotá,CC,10_20,arrendada,true,4,soltero,false,false,false,true,otro,bici,PET-SEG-01
ac4ea788-9363-4f86-8ab5-9c1474c01d58,3768299672,51,Medellín,CC,1.5_2,arrendada,false,0,soltero,false,false,false,false,,bici,PET-SEG-01
958f13f7-0d4b-4897-9840-5e491c11d42a,3406596575,45,Mosquera,CC,1.5_2,familiar,false,0,casado,false,false,false,true,perro,ninguno,MOTO-01
b9ba8966-8afc-4e3c-adbe-d4177de7f28b,3764144271,61,Medellín,CC,8_10,arrendada,true,3,union_libre,true,false,false,false,,carro,HOGAR-01
3eac2177-e19d-4ce8-89ed-fa8726056393,3397248439,45,Bogotá,CC,mayor_30,familiar,false,0,soltero,false,false,false,false,,moto,BICI-01
39073aad-d048-4c9d-98fb-07d0d838d11f,,59,Medellín,CC,8_10,arrendada,false,0,union_libre,false,false,false,true,perro,moto,BICI-01
79701755-fcdb-4091-90b9-a4bec6dbb008,,45,Medellín,CC,1_1.5,familiar,false,0,viudo,true,false,false,false,,ninguno,PET-SEG-01
71bb4199-a99a-454c-8980-bfa7e39d6e4e,camila.gomez63@hotmail.com,18,Medellín,CC,1_1.5,propia,true,4,viudo,false,false,false,true,perro,moto,APEXEQ-PAL-01
1600e692-7028-4a1e-ba77-dd0e71b84335,3531419615,27,Manizales,CC,menor_smlv,arrendada,false,0,viudo,false,false,false,true,otro,moto,BICI-01
9d2bb0f6-5c52-4d5c-9c84-fb7f8c017b6c,3208520564,39,Cali,CC,10_20,familiar,false,0,soltero,false,false,false,true,gato,ninguno,PET-SEG-01
0cb9ea7c-6e0e-43be-9c9b-6ff07c13914e,laura.sanchez15@outlook.com,40,Bogotá,CC,6_8,propia,false,0,soltero,false,false,false,true,perro,ninguno,VIDAAH-01
1c2965de-c51d-4180-a24a-6b11ad950f4c,natalia.martinez21@outlook.com,39,Bogotá,CC,6_8,familiar,true,2,viudo,false,false,true,false,,moto,VIDAAH-01
6f2bda6f-ba34-4e48-ae6b-786bb09f41c6,3234714513,46,Medellín,CC,1.5_2,familiar,false,0,soltero,false,false,false,true,gato,ninguno,ARRENDA-01
f1454df4-cd57-4f74-9b33-577e19dfdef1,3785390789,39,Soacha,CE,2_2.5,arrendada,false,0,divorciado,false,false,false,true,gato,moto,ASMULT-01
06e13b43-894b-4cc3-864c-3b9ea967d82c,3692209490,49,Bucaramanga,CC,4_6,familiar,false,0,casado,false,false,false,true,perro,carro,PET-PREP-01
d10e3029-4382-4e2e-9ef8-3692d45039c1,3453752574,69,Soacha,CC,3_4,familiar,false,0,viudo,false,false,false,false,,bici,ARRENDA-01
f15ac5cc-bcf4-46d7-89b6-ea63a03888a5,3246776968,59,Bogotá,CC,8_10,arrendada,false,0,soltero,false,false,false,true,perro,ninguno,DEUDOR-VIDA-01
25e68799-7e7c-4693-85bc-37ddd9a92bec,julian.rojas78@outlook.com,67,Medellín,PA,2_2.5,familiar,false,0,divorciado,false,false,false,true,perro,moto,VIDA-01
7c3d76c8-3d40-49d8-ad65-d0825ca7e9fa,3702608698,50,Manizales,CC,6_8,propia,true,1,union_libre,false,false,false,false,,ninguno,VIDAAH-01
9a3c7f91-680c-4f75-9c42-c94aa70ceeda,3287357685,45,Bogotá,CC,2.5_3,propia,false,0,viudo,false,false,false,true,gato,bici,PET-SEG-01
ff53afba-c602-4c4b-8334-05ef0b14855c,,27,Mosquera,CC,2.5_3,propia,false,0,viudo,false,false,false,true,perro,ninguno,VIDA-01
11d1b89c-76ec-4742-a403-280309497157,3012269415,33,Bogotá,CC,20_30,arrendada,true,3,casado,true,false,false,true,perro,moto,HOGAR-01
fb898082-9230-4285-a1f9-43a27025f945,3929009662,71,Bogotá,CE,4_6,arrendada,true,1,casado,false,true,false,true,perro,ninguno,HOGAR-01
c3a006a2-37c7-4570-b192-331e8f7673f7,3040236936,37,Cali,CC,4_6,arrendada,false,0,viudo,false,false,false,true,perro,ninguno,VIDAAH-01
dc07eee8-f8a3-4ae3-8caa-ed72a866b813,3544933927,23,Medellín,CC,2_2.5,familiar,true,3,union_libre,true,false,false,true,gato,ninguno,ARRENDA-01
67ad39f3-cadd-45ae-9593-0d269d7e89ee,,41,Bogotá,CC,1.5_2,propia,false,0,divorciado,false,false,false,false,,carro,DEUDOR-VIDA-01
9de5d84e-4b98-4ed8-a475-46a4da1491e8,carlos.rojas67@hotmail.com,49,Bogotá,CC,4_6,familiar,true,3,viudo,true,false,false,false,,ninguno,VIDAAH-01
ab75cd9a-232f-46aa-99e4-107d2d7ec412,,36,Bogotá,CC,6_8,propia,true,2,casado,true,false,false,true,perro,ninguno,BICI-01
d830c5b4-30d0-4423-a234-3cdd4a80ae64,3986391062,72,Bogotá,CC,2.5_3,arrendada,false,0,divorciado,false,false,false,true,otro,ninguno,EXEQ-01
8b3cd1d2-9f3c-4328-8e5c-48ea7cc01946,3591186247,56,Bogotá,CC,menor_smlv,familiar,true,2,casado,false,false,false,true,gato,ninguno,ASMULT-01
aa1fdcb2-a622-40c1-ae26-a1cca5f28b65,natalia.garcia58@gmail.com,18,Soacha,CC,1.5_2,familiar,true,4,divorciado,true,false,false,true,gato,ninguno,PET-PREP-01
3b93e5e7-a1d2-4e1a-813e-599ed71ed1fc,3728975267,48,Medellín,CC,2_2.5,propia,true,2,casado,true,false,true,true,perro,ninguno,ASMULT-01
cf379313-7b91-4a60-986b-53b460c5aa48,3826333738,55,Cali,CC,3_4,arrendada,false,0,divorciado,false,false,false,false,,ninguno,ARRENDA-01
d4ad854c-dbc6-4ae4-82f8-3fae72ffe2b9,3254228803,63,Bogotá,CC,1.5_2,arrendada,false,0,soltero,true,false,false,false,,moto,PET-SEG-01
76727740-5afd-492e-bb2b-85a775c2c2b2,paula.suarez91@outlook.com,36,Soacha,CC,1_1.5,propia,false,0,soltero,false,false,false,true,gato,moto,APEXEQ-PAL-01
7c738e61-fe6a-4c56-8c7b-74dd033e6471,daniela.rojas98@hotmail.com,75,Cali,CC,4_6,familiar,false,0,divorciado,false,false,false,false,,carro,EXEQ-01
a85c6fb5-4fa4-40cd-a7b2-1696301936a4,laura.moreno6@gmail.com,22,Cali,CC,4_6,familiar,false,0,casado,false,false,false,true,perro,carro,HOGAR-01
df3e392e-ed6f-4f6d-8f44-6a15e7bcad39,3178509025,55,Bogotá,CC,4_6,familiar,true,1,viudo,false,false,false,false,,ninguno,VIDAAH-01
77d7ffde-836a-4ecd-b4fe-fdf4df0137ea,jorge.moreno2@gmail.com,69,Medellín,CC,2.5_3,propia,false,0,viudo,false,false,false,true,otro,ninguno,EXEQ-01
8aaa0c53-05b5-4f72-884e-faa355520509,3474019255,33,Bogotá,CC,menor_smlv,arrendada,true,3,union_libre,false,false,false,false,,carro,ARRENDA-01
5d01bbd8-6858-4872-b3d8-62becd318c2c,3800058953,52,Medellín,CC,8_10,arrendada,true,4,union_libre,false,false,false,true,gato,ninguno,HOGAR-01
e813c161-9fa4-4c40-b2ea-10e935e48508,3620713894,48,Bogotá,CC,20_30,arrendada,true,3,union_libre,false,false,false,false,,moto,HOGAR-01
ad30310c-dca7-46c4-b3ba-e0adc1f0c15e,,23,Cali,CC,2_2.5,familiar,false,0,union_libre,false,false,false,true,perro,carro,DEUDOR-VIDA-01
d559e070-9362-4446-85c4-72d0ac57a31e,3793766997,45,Bogotá,CC,6_8,propia,true,4,soltero,false,false,false,false,,carro,VIDAAH-01
fdd7309a-5463-47a6-a042-54c39d46ec23,paula.ramirez23@hotmail.com,31,Cali,CE,2_2.5,arrendada,false,0,soltero,false,false,false,true,gato,carro,ASMULT-01
6bce25d7-59f4-483b-be17-02cbd4188750,3332838963,32,Bogotá,CC,6_8,arrendada,true,1,viudo,false,false,false,true,perro,carro,BICI-01
7acc1c56-bd2e-438e-be13-62bd1cfa3b0c,3400040756,20,Bogotá,CC,1.5_2,propia,false,0,soltero,true,false,false,false,,moto,ASMED-01
650b1884-2cb9-449a-9622-4e36b2b5d1b2,3731603502,62,Zipaquirá,CC,menor_smlv,arrendada,false,0,soltero,false,false,false,true,perro,bici,MOTO-01
77ce949f-ffd5-4116-9323-41e2ae97d5f8,3750310497,56,Bogotá,CC,4_6,arrendada,false,0,soltero,false,false,false,false,,ninguno,DEUDOR-VIDA-01
66a572af-ac7a-473b-99b3-765a9e196e1f,3075957947,29,Bogotá,CC,2_2.5,arrendada,false,0,divorciado,true,false,false,false,,moto,ARRENDA-01
d90f4f67-1d81-46ee-8e02-ad5b1fe61eff,3020539502,34,Cali,CC,20_30,propia,false,0,divorciado,false,false,false,false,,ninguno,HOGAR-01
1d348d77-3481-4235-a007-a77692488312,juan.jimenez47@gmail.com,54,Bogotá,CC,4_6,arrendada,true,4,union_libre,false,false,false,true,perro,carro,VIDAAH-01
c1250f04-7009-45e8-a626-2a2022e2d84d,sofia.sanchez57@yahoo.com,75,Bogotá,CC,menor_smlv,arrendada,false,0,divorciado,false,false,false,false,,bici,EXEQ-01
d0abbeb9-c9ef-49f8-a568-1ee30775b880,3738330614,65,Bogotá,CC,2_2.5,arrendada,true,4,union_libre,false,false,false,false,,moto,EXEQ-01
f20e004f-9dc8-420d-808b-f50241cba45d,santiago.martinez99@outlook.com,62,Soacha,CC,8_10,propia,false,0,union_libre,true,false,false,true,otro,ninguno,SALUD-01
8ff68c7f-e4d9-4a7b-a19a-93c420cfb764,3611217043,48,Medellín,CC,10_20,arrendada,true,3,soltero,false,false,false,true,gato,ninguno,SALUD-01
26d3fe0b-955f-4cad-9989-34a496c8ab1a,3661592220,74,Medellín,CE,10_20,arrendada,true,4,union_libre,false,false,false,false,,ninguno,PET-SEG-01
c0a145e0-4276-4c31-9bc0-88fa34ce4c69,sebastian.garcia93@hotmail.com,20,Bogotá,CC,6_8,arrendada,false,0,viudo,true,false,false,true,perro,bici,PET-SEG-01
d53b8a5a-4ca9-4cf0-b5e2-8ebd1834d94a,3625959012,23,Barranquilla,CC,1.5_2,arrendada,true,3,casado,true,false,false,false,,bici,DEUDOR-VIDA-01
a057997c-f1d4-46d3-bd4e-1dc156798bdc,3981332419,60,Barranquilla,PA,2_2.5,arrendada,true,4,soltero,true,true,false,true,gato,moto,ARRENDA-01
c2331e4b-33be-42b1-bd6d-b3e80b97d0ab,,55,Bogotá,CC,1_1.5,familiar,false,0,union_libre,false,false,false,false,,ninguno,DEUDOR-VIDA-01
082cd2ee-b5eb-4b9e-b7f1-e4bc0e5af149,3239330653,30,Medellín,CC,3_4,propia,false,0,union_libre,false,false,false,true,otro,bici,PET-ASIS-01
55071641-1fa6-4e69-a707-81af496511fc,,47,Bogotá,CC,8_10,familiar,true,3,soltero,false,false,false,false,,moto,VIDA-01
caffdde6-d06d-4bd1-8b43-89d5962ddbbc,jorge.perez53@gmail.com,30,Medellín,CC,3_4,familiar,true,2,union_libre,false,false,false,true,otro,moto,DEUDOR-VIDA-01
ab6fdff0-0d8c-4ad0-8f2a-9605f2628347,3195759419,64,Bucaramanga,CC,menor_smlv,arrendada,true,3,union_libre,false,false,false,false,,ninguno,BICI-01
e45e138e-2b82-442a-a170-83ee09c67b8b,3959303207,58,Mosquera,CC,3_4,arrendada,false,0,soltero,false,false,false,true,perro,bici,PET-ASIS-01
2a984efa-10d9-44f3-a407-b5a9004464be,,75,Bogotá,CE,8_10,arrendada,true,2,divorciado,false,false,false,false,,moto,HOGAR-01
88455496-3ceb-44ab-ac79-93444bc61a94,santiago.moreno48@gmail.com,47,Bogotá,CC,2.5_3,familiar,true,1,soltero,false,false,false,true,gato,ninguno,VIDAAH-01
6438e0a4-a864-435f-b10c-24d2270faed6,3622777733,22,Bogotá,CC,3_4,familiar,false,0,viudo,false,false,false,true,gato,carro,ASMULT-01
7ed4cfd7-880b-414a-ab7c-2840f37f4e3c,,49,Soacha,CE,6_8,arrendada,false,0,divorciado,false,false,false,false,,moto,VIDAAH-01
82e2cf54-c4dd-4039-adb2-2af06a7b9261,3989087634,60,Funza,CC,2.5_3,arrendada,true,2,union_libre,false,false,false,true,perro,ninguno,MOTO-01
ad020861-a6b7-4048-ba6c-13139a9f9848,3481388190,25,Funza,CC,2_2.5,arrendada,false,0,union_libre,false,false,false,true,gato,ninguno,MOTO-01
8ce7f706-2ab3-4c07-8fec-2ac863bbe848,valentina.rojas90@hotmail.com,43,Bogotá,CC,1.5_2,arrendada,false,0,soltero,false,false,false,true,perro,carro,ASMULT-01
266a5e65-326d-49da-8387-5e4eafb1532e,luis.sanchez57@hotmail.com,59,Bogotá,CC,2_2.5,propia,true,1,viudo,false,false,false,true,perro,moto,ARRENDA-01
a533b53c-6fa9-47f5-9829-ea8a42ec98fa,,53,Soacha,CC,4_6,propia,true,2,union_libre,false,false,true,true,perro,moto,HOGAR-01
f021b5f5-bd46-440c-8ab4-bdc8b54ce188,carlos.torres13@yahoo.com,46,Cali,CC,2.5_3,arrendada,true,3,divorciado,true,false,false,true,gato,carro,DEUDOR-VIDA-01
c62b3fc3-80fe-4948-990d-4296c524b1cc,3850710580,46,Bogotá,CC,4_6,familiar,true,3,soltero,false,false,false,true,perro,moto,VIDAAH-01
12beff26-6a0f-495a-9e9f-ebf2b76e73bc,luis.lopez45@outlook.com,57,Zipaquirá,CC,menor_smlv,arrendada,false,0,divorciado,true,false,false,true,perro,carro,APEXEQ-PAL-01
b49e0956-c550-4967-8d1e-0f11be364108,3280489192,57,Barranquilla,PA,2.5_3,familiar,false,0,union_libre,false,false,false,true,perro,ninguno,BICI-01
8648a745-097c-49e8-8fd4-cffe9ee4c9bf,carlos.ramirez13@yahoo.com,74,Medellín,CC,2_2.5,familiar,false,0,casado,false,false,false,true,perro,ninguno,DEUDOR-VIDA-01
e84f7601-4550-444a-afee-08ce3a84c10a,3026782249,18,Manizales,CC,mayor_30,familiar,false,0,casado,false,false,false,true,perro,ninguno,VIDAAH-01
9e98387e-50be-4578-b4ba-582b18a2e245,3230899646,69,Bogotá,CC,8_10,familiar,true,2,union_libre,false,false,false,true,perro,carro,HOGAR-01
dbdf5f90-754d-4e04-92d1-4c1bfcfd16c5,daniela.torres42@gmail.com,63,Barranquilla,CC,menor_smlv,propia,false,0,casado,false,false,false,false,,bici,EXEQ-01
4fcc2ac1-e9f0-42d9-980a-0dbf7ef1bf91,daniela.vargas62@gmail.com,70,Barranquilla,CC,2.5_3,propia,false,0,casado,false,false,false,true,gato,ninguno,BICI-01
3d52f964-1edd-4c9f-a447-651c834ffee7,3637333003,64,Soacha,CC,menor_smlv,arrendada,true,4,soltero,false,false,false,true,perro,bici,VIDA-01
2b0f8845-ec55-4985-96a4-4cc0c5b1ee3e,,36,Medellín,CC,mayor_30,propia,true,3,soltero,false,false,false,false,,moto,DEUDOR-VIDA-01
13e9e358-e084-49d9-9823-f3edd99d301e,3800564099,41,Cali,CC,4_6,propia,false,0,casado,false,false,false,true,otro,bici,HOGAR-01
edc2e043-5ef5-4b63-af9d-628888e65ec2,3204844376,69,Bogotá,CC,1.5_2,familiar,false,0,viudo,false,false,false,true,gato,carro,PET-ASIS-01
e9fa348e-5c8f-411e-b920-3b2a7133e729,3561368233,60,Zipaquirá,CE,mayor_30,propia,true,1,union_libre,false,true,false,true,gato,moto,HOGAR-01
263f10d4-0db4-4d18-856e-e051455cbdc9,3899951454,56,Bucaramanga,CC,8_10,propia,true,4,divorciado,false,false,false,true,otro,moto,PET-SEG-01
ecd8f4f1-4bce-4f79-b0ad-a2aae188c364,valentina.lopez1@yahoo.com,27,Cali,CC,1_1.5,arrendada,true,2,divorciado,false,false,false,true,gato,ninguno,APEXEQ-PAL-01
e57614df-cb9f-4e60-97c6-5e28100badf0,3769246105,64,Bucaramanga,CC,10_20,familiar,false,0,viudo,false,false,false,true,gato,moto,HOGAR-01
09f263ca-c724-43e5-bfc1-da9989a2522e,3424114754,60,Medellín,CC,4_6,arrendada,true,2,union_libre,true,false,false,true,otro,moto,ASMED-01
64795ac6-bf16-41f8-b5e6-e45e0641cf7b,daniela.suarez58@gmail.com,49,Bogotá,CC,6_8,propia,true,3,viudo,false,false,false,true,perro,ninguno,VIDAAH-01
75882d30-145c-4aa4-b4b2-f9ae822de800,3945625577,19,Barranquilla,CC,20_30,arrendada,false,0,soltero,false,false,false,false,,moto,HOGAR-01
b71a1418-a817-4b90-bd6e-736b50672ed7,3425503533,62,Bogotá,CC,2_2.5,familiar,true,2,soltero,true,false,false,true,perro,ninguno,ARRENDA-01
3a33ad54-3d74-461b-b289-1af7ed838845,3815806194,56,Cali,CC,4_6,familiar,false,0,soltero,true,false,false,false,,bici,HOGAR-01
bbc9458b-cc46-4d07-a89a-869bf6078e13,,28,Manizales,CC,1.5_2,arrendada,false,0,union_libre,false,false,false,false,,carro,DEUDOR-VIDA-01
a83c98b3-5a19-4c8f-bc56-f947b265818d,,45,Bogotá,CC,mayor_30,arrendada,true,2,viudo,true,false,false,false,,ninguno,VIDA-01
5198bd27-2585-4e1d-ab1c-1fa71a6e9edf,valentina.vargas45@gmail.com,66,Bogotá,CC,20_30,familiar,false,0,viudo,true,false,false,false,,ninguno,EXEQ-01
69e31115-4a04-4e4b-9e7f-b3e1c764006c,luis.torres19@yahoo.com,71,Mosquera,CC,1_1.5,arrendada,true,2,casado,false,false,false,true,perro,carro,APEXEQ-PAL-01
0bde9f7c-0898-45b4-933e-553e6b8e5e1e,3127474721,54,Soacha,CC,1_1.5,propia,true,3,union_libre,false,false,false,true,perro,ninguno,APEXEQ-PAL-01
bd4fd67a-ff4a-412c-b9d7-8f32854bba89,3335823506,29,Barranquilla,CC,6_8,arrendada,false,0,soltero,true,false,false,true,perro,carro,SALUD-01
cf277502-f7ff-4210-8164-de0487d62cdf,3031788364,33,Bucaramanga,CC,1.5_2,propia,true,4,divorciado,false,false,false,true,otro,moto,ASMULT-01
18394212-2330-45ce-89d3-290677920406,diana.ramirez56@hotmail.com,74,Bucaramanga,CC,8_10,arrendada,true,3,union_libre,true,false,false,true,gato,ninguno,SALUD-01
b2816dcd-8440-4518-bf1a-3db9f987a496,3560166858,66,Mosquera,CC,4_6,arrendada,true,4,viudo,false,false,false,true,perro,ninguno,PET-PREP-01
7b3d1100-a467-40c8-97ad-1b7b8b7674fb,3572158624,25,Bogotá,CC,10_20,propia,false,0,casado,false,false,false,true,gato,carro,HOGAR-01
60e5a8a0-7498-4a6f-8a58-a8e212f45176,santiago.florez94@outlook.com,49,Manizales,CC,2_2.5,familiar,false,0,divorciado,false,false,false,true,perro,carro,PET-SEG-01
0d07020a-2f47-44ff-8125-e790526e3fda,3856288431,28,Bogotá,CC,8_10,arrendada,false,0,viudo,false,false,false,false,,carro,BICI-01
0447fe19-ecfe-4146-870f-43569e387490,3442221242,59,Bogotá,CC,3_4,familiar,true,4,casado,false,false,false,true,perro,ninguno,DEUDOR-VIDA-01
d86a4694-0a62-4553-b59d-336006bb1d04,andres.rodriguez50@gmail.com,34,Zipaquirá,CC,20_30,arrendada,true,4,casado,true,false,false,true,gato,carro,BICI-01
cf0d3f95-204d-45c5-b903-09f1369c1706,3880761292,73,Zipaquirá,CC,6_8,propia,false,0,divorciado,false,false,false,true,otro,carro,PET-PREP-01
dbe9a854-125d-4ee1-bf49-6eefe44c84dd,3648579688,43,Medellín,CC,2_2.5,familiar,false,0,soltero,true,false,false,false,,ninguno,ASMED-01
86058573-a1bc-4da5-8c9f-9346a32dbf21,jorge.moreno58@gmail.com,63,Bogotá,CC,2_2.5,arrendada,true,2,soltero,true,false,false,true,perro,moto,SALUD-01
441981bb-0289-4c9b-855d-a1f6c7418486,david.torres88@hotmail.com,66,Barranquilla,CC,2_2.5,familiar,false,0,soltero,false,false,false,false,,ninguno,BICI-01
6ecb26df-e4db-42d5-b3e7-6958e1a2a405,,33,Soacha,CC,10_20,propia,true,2,divorciado,false,false,false,false,,ninguno,BICI-01
d3b7db58-83ef-4e11-98e7-54f0c8ab3232,3119249128,55,Medellín,CC,4_6,propia,true,1,soltero,false,false,false,true,perro,ninguno,VIDAAH-01
d4209836-11bd-4495-87d6-4136896278b3,3618211408,35,Bogotá,CC,mayor_30,familiar,false,0,divorciado,false,false,false,false,,carro,HOGAR-01
9d6bbada-fe99-4c5c-aa3b-0acc7579ffeb,3575122537,44,Zipaquirá,CC,20_30,familiar,true,3,viudo,true,false,false,true,gato,ninguno,BICI-01
edb2e75b-12cc-41a9-8c01-65740ed69593,julian.vargas3@gmail.com,53,Soacha,CE,6_8,familiar,false,0,viudo,false,false,false,false,,carro,VIDAAH-01
683ee10b-f92c-49f6-b994-65cbc8d86a03,andres.perez90@outlook.com,22,Zipaquirá,CC,menor_smlv,propia,true,2,union_libre,true,false,false,false,,ninguno,APEXEQ-PAL-01
0b0e5c52-701d-494a-ac34-1140c285f28d,3084458015,64,Bucaramanga,CC,menor_smlv,propia,true,4,divorciado,false,false,false,true,gato,bici,APEXEQ-PAL-01
3dedef4a-f1e9-4298-926b-4e1375b0fa26,3053795381,42,Bogotá,CE,2.5_3,familiar,false,0,casado,false,false,false,true,perro,ninguno,PET-ASIS-01
25867112-37a3-49ce-bbbe-83345eb422d0,jorge.jimenez87@gmail.com,28,Cali,CC,1_1.5,arrendada,false,0,union_libre,false,false,false,true,perro,carro,HOGAR-01
1123f11a-ebc8-451e-a959-960ab1486cf8,,70,Bogotá,CC,4_6,familiar,false,0,casado,true,false,false,true,perro,moto,DEUDOR-VIDA-01
4c0eedf4-2f9e-4fed-a861-f530e172b8f2,,55,Medellín,CC,1_1.5,familiar,true,2,union_libre,false,false,false,false,,carro,APEXEQ-PAL-01
7196bd86-2913-4f0e-bdcd-888e45b9404a,luis.moreno66@gmail.com,64,Barranquilla,CC,2.5_3,propia,true,3,soltero,false,false,false,true,gato,ninguno,ASMULT-01
8ac11e14-8d70-4197-bb24-53d0c99c5bb9,3733878052,26,Bogotá,CC,10_20,propia,false,0,union_libre,false,false,false,false,,bici,BICI-01
c8267629-ad20-473e-bf93-d9561e49725d,3873170981,74,Bogotá,CC,2_2.5,arrendada,true,1,casado,false,false,false,true,perro,bici,ASMULT-01
700358e5-fdad-483b-8ed2-de61482c8a25,3926255257,61,Medellín,CC,1_1.5,arrendada,false,0,soltero,false,false,false,true,otro,moto,EXEQ-01
259d71de-3fbb-48c1-8530-420a45345df1,3189230731,32,Medellín,CC,10_20,arrendada,false,0,casado,false,false,false,true,perro,carro,PET-SEG-01
c4a4f3ac-a21c-4260-9658-9f3aa68dc712,3217124356,45,Bogotá,CE,6_8,familiar,false,0,casado,false,false,false,false,,ninguno,HOGAR-01
f99b6de2-e87f-49e4-97a8-a3e3a6158841,3717741686,49,Mosquera,CE,2.5_3,familiar,false,0,union_libre,false,false,false,true,perro,ninguno,HOGAR-01
645012a7-5290-45a1-8812-d14b22fc717e,3693105719,47,Bogotá,PA,6_8,propia,false,0,casado,false,false,false,true,perro,ninguno,HOGAR-01
8d27942c-395f-4937-8c62-34fcbe6508b4,3095288959,35,Soacha,CC,1.5_2,familiar,true,1,casado,false,false,false,true,gato,carro,ARRENDA-01
d82e92c4-d366-48c7-86b5-440575e39169,3349678274,25,Bogotá,CC,1_1.5,familiar,true,1,divorciado,false,false,false,false,,moto,APEXEQ-PAL-01
3b6d119b-d793-454e-9014-0130fb1617e3,,55,Bogotá,CC,menor_smlv,familiar,false,0,viudo,false,false,false,true,gato,carro,ARRENDA-01
aa3c4595-ba1f-47b2-b2ac-c697054b86e2,3922760759,51,Cali,CC,1.5_2,familiar,false,0,divorciado,false,false,false,true,gato,ninguno,DEUDOR-VIDA-01
92653473-2cc0-423b-9526-75f3b6ed6fef,3557082678,42,Medellín,CC,3_4,propia,true,3,union_libre,false,false,false,true,perro,carro,ASMULT-01
58ae5a6d-fb30-4d4e-9c98-bf0b9809319e,3192490748,51,Bucaramanga,CC,1.5_2,arrendada,false,0,soltero,false,false,false,false,,ninguno,ASMULT-01
d1783efd-938f-4000-9529-40c37b5eebac,3987088407,39,Barranquilla,CC,1.5_2,arrendada,false,0,casado,false,false,false,true,perro,ninguno,ARRENDA-01
04ce979d-2efe-4e96-912e-cf88a0a33738,daniela.castro76@gmail.com,67,Soacha,CC,6_8,propia,false,0,soltero,false,false,false,true,perro,moto,EXEQ-01
2f5cc82b-dd4f-4ca3-8e3c-6c2658583367,david.sanchez60@yahoo.com,20,Medellín,CC,menor_smlv,familiar,false,0,union_libre,false,false,false,false,,ninguno,ASMULT-01
353a570a-e827-4780-b077-9a6a617b9729,laura.lopez16@gmail.com,60,Bogotá,CC,20_30,familiar,true,2,divorciado,true,false,false,true,perro,carro,BICI-01
41b57d4c-29f7-441f-b526-3c1b01c1012c,3103934810,21,Cali,CE,2_2.5,propia,false,0,union_libre,false,false,false,true,gato,moto,DEUDOR-VIDA-01
37dc8f08-d953-415e-969f-063d45475e34,3833876883,42,Cali,CC,6_8,arrendada,false,0,viudo,false,false,false,true,gato,moto,VIDAAH-01
60929d73-2784-4716-8a4d-07e6ab3459c0,3437638274,55,Cali,CC,8_10,propia,true,2,soltero,true,false,false,true,otro,carro,HOGAR-01
78df9294-6431-44dc-ad59-b588311bf45f,andres.gomez78@hotmail.com,38,Bogotá,CC,20_30,familiar,false,0,divorciado,false,false,false,true,perro,moto,PET-PREP-01
4de5e851-7d8a-4370-849f-4638799f5408,3380043647,41,Zipaquirá,CE,3_4,arrendada,false,0,divorciado,false,false,false,false,,ninguno,MOTO-01
a00ac417-3107-422a-a677-ba010b7bd502,3976465317,75,Bogotá,CC,20_30,arrendada,true,3,viudo,false,false,false,true,perro,ninguno,HOGAR-01
dc2040f0-467e-4c74-badf-36c005f0efea,3891213974,30,Bogotá,CC,2_2.5,familiar,false,0,divorciado,false,true,false,false,,moto,BICI-01
60cbd12a-c25a-4d85-8d15-c383fe00f534,3427425891,41,Bucaramanga,CC,10_20,arrendada,false,0,union_libre,false,false,false,true,otro,carro,SALUD-01
4b4723ac-f0d7-48d4-b4b9-3b39101cfc30,3732786028,36,Bogotá,CC,4_6,familiar,false,0,divorciado,true,false,false,false,,carro,DEUDOR-VIDA-01
f4f4cba1-f9ec-4830-b9ed-42d852132b4b,luis.castro68@outlook.com,67,Medellín,CC,4_6,propia,false,0,casado,true,false,false,false,,carro,DEUDOR-VIDA-01
3418c383-117a-4fef-9d47-dc7b36626992,3583206799,54,Zipaquirá,CC,6_8,propia,false,0,divorciado,false,false,false,true,perro,moto,VIDAAH-01
e533920a-be01-4af1-98bb-a173ab16a671,3145885018,29,Funza,CC,10_20,familiar,true,1,viudo,true,false,false,false,,bici,BICI-01
bb5ee436-74df-4960-ade3-fe409a29e2b9,diego.vargas75@gmail.com,68,Soacha,CC,2.5_3,arrendada,true,2,casado,false,false,false,true,perro,ninguno,ARRENDA-01
617c4789-7704-40e8-b1d4-35394686903f,3515270127,35,Bogotá,CC,menor_smlv,familiar,false,0,soltero,true,false,false,false,,moto,PET-PREP-01
9899c7c3-cbb8-456d-9191-4042ee5e649d,3893113253,28,Bogotá,CC,1.5_2,familiar,true,3,viudo,false,false,false,false,,moto,ASMULT-01
6e67e276-a520-4e8d-81ba-4bc5be624427,,33,Cali,CC,6_8,propia,false,0,union_libre,false,false,false,true,perro,bici,PET-SEG-01
2c7288df-63be-46e8-9099-f5a27599fe74,carlos.moreno14@hotmail.com,63,Medellín,CC,20_30,propia,false,0,viudo,true,false,false,false,,ninguno,BICI-01
2f1b5e05-3aad-4c90-8b38-8c752db3973c,julian.torres96@yahoo.com,31,Cali,CE,2_2.5,propia,false,0,casado,false,false,false,true,perro,carro,PET-ASIS-01
2431b6e4-2231-4d23-8974-e5ab4a69666c,3398180855,35,Bucaramanga,CC,1.5_2,propia,true,4,soltero,false,false,false,true,perro,moto,BICI-01
31faf4c6-3880-40ce-99d4-6afb1926dd86,ana.garcia58@gmail.com,47,Bogotá,CE,6_8,propia,true,2,casado,false,false,false,true,gato,ninguno,VIDAAH-01
bb5652a5-1906-4fab-b8d5-9294cf7d329c,diego.suarez75@yahoo.com,22,Bogotá,CE,3_4,familiar,true,2,divorciado,false,false,false,true,perro,ninguno,DEUDOR-VIDA-01
424143bf-e6e7-45bd-b7e1-13bc4ef244c9,julian.torres95@hotmail.com,30,Funza,CC,menor_smlv,familiar,false,0,casado,false,false,false,true,gato,carro,MOTO-01
1e0d1f07-38b6-432d-b02a-2924a5590e74,david.vargas28@yahoo.com,30,Bogotá,CC,10_20,arrendada,false,0,viudo,false,false,false,true,otro,ninguno,BICI-01
f8a203fb-26de-4f09-9bf4-0aa59abeafb4,maria.gomez39@gmail.com,61,Bogotá,CC,3_4,propia,true,4,soltero,false,false,false,false,,moto,BICI-01
46655f2d-b459-4136-8876-ad380a8553ae,,30,Bogotá,CE,1_1.5,familiar,false,0,casado,false,false,false,true,perro,moto,ASMULT-01
120343d8-0db7-498f-91fe-8f102bcfdc0e,3342095367,58,Medellín,CC,1_1.5,arrendada,true,2,union_libre,false,false,false,true,perro,ninguno,APEXEQ-PAL-01
e9b81ed3-7c4c-4b5b-a1a1-34bc097c692b,laura.ortiz41@gmail.com,24,Zipaquirá,CC,2.5_3,arrendada,false,0,casado,true,false,false,false,,moto,SALUD-01
d29bfd46-3520-4052-9c52-6eacdc18372b,3206071369,31,Cali,CC,1.5_2,propia,false,0,union_libre,false,false,false,false,,ninguno,ASMULT-01
3ebed5df-fdc5-40d0-8e7e-68416e6b0455,3147891179,58,Bogotá,PA,1.5_2,arrendada,true,3,viudo,false,false,false,true,perro,ninguno,EXEQ-01
b327cad1-55d5-4ce2-a798-571ef46ddfc5,3509377100,28,Barranquilla,CC,menor_smlv,familiar,true,1,soltero,true,false,false,true,perro,carro,BICI-01
190f7cb8-ab7d-470d-a7b7-3264df05265c,3854762069,70,Bogotá,CC,2_2.5,familiar,true,3,viudo,false,false,false,true,gato,ninguno,DEUDOR-VIDA-01
56284fc8-f58d-4ec5-962c-4deb92a84b62,3521258606,26,Barranquilla,CC,20_30,propia,true,1,viudo,true,false,false,true,gato,bici,PET-ASIS-01
022ed0d4-fee5-4331-a416-339c10f48127,felipe.gonzalez87@outlook.com,52,Medellín,CC,6_8,arrendada,true,2,casado,false,false,false,true,perro,ninguno,PET-SEG-01
3f23acaa-264a-4f5e-9048-246f5512307c,3050356237,70,Bogotá,CC,1.5_2,arrendada,true,4,union_libre,true,false,false,true,otro,moto,ASMED-01
880005a6-ea73-4df4-b874-ff8f1a020ae4,3270790320,29,Bogotá,CC,20_30,propia,false,0,union_libre,false,false,false,true,perro,ninguno,PET-SEG-01
107e3f32-9a17-43af-a07a-ffe92e1a6be5,3365314594,48,Bogotá,CC,6_8,familiar,false,0,soltero,false,false,false,false,,ninguno,VIDAAH-01
f2765420-7a24-4063-b367-14d5fef44f20,,51,Bogotá,CC,2.5_3,arrendada,false,0,viudo,false,false,false,false,,ninguno,ARRENDA-01
4a1e363a-44b5-4540-85fe-aa1d30fc2d3e,3508559256,28,Bogotá,PA,1_1.5,arrendada,true,2,divorciado,false,false,false,true,perro,ninguno,APEXEQ-PAL-01
ae85d374-6487-47aa-9788-2b8521d7b3ae,,34,Soacha,CC,1_1.5,familiar,false,0,viudo,false,false,false,false,,carro,ASMULT-01
ee060fe8-d83f-4049-ad44-84d71fa7b472,3751606140,73,Mosquera,CC,20_30,propia,false,0,union_libre,true,false,false,false,,moto,APEXEQ-PAL-01
0ae2ff25-b5f8-46b7-a5f2-1996c11978b1,,61,Soacha,CC,3_4,arrendada,false,0,union_libre,false,false,false,true,gato,bici,EXEQ-01
318b4775-7601-489b-a421-7e4440aa0537,3431246740,62,Bogotá,CC,menor_smlv,familiar,false,0,union_libre,true,false,false,true,perro,moto,DEUDOR-VIDA-01
eef6a8d0-5461-4994-be8e-c7f884ddfda8,sofia.sanchez89@gmail.com,38,Bogotá,CC,6_8,familiar,true,1,soltero,false,false,false,false,,bici,VIDAAH-01
91264a71-afbc-40c5-9f22-0d2b025377c1,,55,Bogotá,CC,4_6,arrendada,true,1,soltero,false,false,false,true,gato,ninguno,VIDAAH-01
3aa46e1d-c6b5-4e7b-9d7c-8e23cf4bbf28,natalia.ramirez43@yahoo.com,41,Zipaquirá,CC,4_6,arrendada,false,0,casado,false,false,false,true,perro,moto,HOGAR-01
01b93cf2-8157-45d5-84ee-bb090ee768c3,valentina.rojas93@gmail.com,22,Bogotá,CC,1.5_2,familiar,true,1,casado,true,false,false,true,perro,moto,ASMULT-01
36e73c80-7870-4ecf-ba24-a40d31d5fdac,natalia.torres80@hotmail.com,30,Soacha,CC,2_2.5,propia,false,0,casado,false,false,false,true,otro,moto,PET-PREP-01
1f7ac4b0-64bd-45ef-a96d-d716f50fae35,laura.sanchez56@outlook.com,55,Cali,CC,2_2.5,familiar,false,0,casado,true,false,false,true,gato,carro,SALUD-01
5c720773-442e-4068-a84e-b47d90cbb971,,43,Cali,CC,6_8,propia,false,0,soltero,false,false,true,true,perro,ninguno,VIDAAH-01
dbed06c5-df6e-45ef-aaef-300e1495c8c9,3224718038,51,Bogotá,CC,1_1.5,familiar,false,0,union_libre,false,false,false,false,,ninguno,HOGAR-01
16274159-5735-423e-8250-e526ea442ddd,,27,Bogotá,CC,3_4,propia,true,1,divorciado,false,false,false,true,gato,ninguno,PET-SEG-01
a00b94ba-0024-45b2-ae26-7e3e495b9b71,3009262886,40,Cali,CC,mayor_30,familiar,false,0,soltero,true,false,false,true,gato,ninguno,SALUD-01
abafc64e-b84d-4418-bc03-01809c2400f0,3560777894,68,Medellín,CE,2_2.5,propia,true,2,divorciado,false,false,false,true,otro,moto,PET-SEG-01
5b685d3e-4fd3-4849-9ecf-798a4eac2015,3356512694,68,Bucaramanga,PA,8_10,arrendada,false,0,viudo,false,false,false,true,perro,carro,EXEQ-01
5cf3c4ef-d7ad-4839-9034-ef5f12f59b73,natalia.perez73@hotmail.com,58,Bogotá,CC,20_30,arrendada,false,0,union_libre,false,false,false,true,otro,ninguno,HOGAR-01
d94c5205-1c6c-40fd-b04f-b98c36aac639,3227697305,68,Medellín,CC,6_8,propia,false,0,soltero,false,false,false,true,perro,carro,VIDA-01
d84f8d89-499d-4e30-a036-7751bead94e4,felipe.martinez60@yahoo.com,34,Barranquilla,CC,10_20,arrendada,true,3,casado,false,false,false,true,perro,carro,VIDA-01
2fdb33c5-fd21-4161-a1d8-76a2dae034ff,,28,Soacha,CC,2_2.5,propia,true,2,casado,false,false,false,true,gato,moto,BICI-01
d0e0ae76-ea06-47e5-9d49-5f57d5f417a9,3878571093,30,Bogotá,CC,2.5_3,arrendada,true,2,soltero,true,false,false,true,perro,ninguno,DEUDOR-VIDA-01
5717f815-2bdc-4d4e-abc2-237afc965b12,3752966471,61,Bucaramanga,CC,menor_smlv,familiar,true,1,casado,false,false,true,false,,moto,APEXEQ-PAL-01
557d01b5-ff53-4b93-b1e7-acaf50119e87,3511395225,64,Soacha,CC,2.5_3,familiar,false,0,union_libre,false,true,false,true,perro,bici,BICI-01
3ebdae55-6a47-4fd9-9be4-5c464e736c23,,35,Barranquilla,CE,1_1.5,familiar,false,0,casado,false,false,false,false,,carro,PET-SEG-01
63a777f8-f9e7-4d2c-83f9-3dab8d7e9fee,santiago.ramirez88@outlook.com,40,Bucaramanga,CC,2_2.5,propia,true,3,divorciado,false,false,false,false,,bici,DEUDOR-VIDA-01
0a4e0b4f-0580-4700-9402-490465ad9a16,camila.rojas37@yahoo.com,62,Cali,CC,4_6,arrendada,false,0,viudo,false,false,false,false,,ninguno,EXEQ-01
495b4bbe-95df-4a16-942e-e433d88bc1ed,santiago.gonzalez89@outlook.com,49,Zipaquirá,CC,menor_smlv,propia,false,0,casado,false,false,false,true,perro,ninguno,MOTO-01
5786b8d7-f514-4365-8e6d-ff2a2660811f,sebastian.sanchez1@yahoo.com,61,Bogotá,CC,2.5_3,arrendada,true,2,divorciado,false,false,false,false,,carro,DEUDOR-VIDA-01
bd621fe8-1ed7-4dff-a88a-dd88ce64c167,,57,Bogotá,CC,menor_smlv,familiar,true,2,union_libre,false,false,false,false,,carro,EXEQ-01
12739d11-39de-4aa2-9288-e6f541bf0acc,3006841160,73,Bogotá,CC,1.5_2,familiar,true,1,soltero,true,false,false,false,,ninguno,DEUDOR-VIDA-01
7c4b7cda-2408-4f66-a528-0941c4a6dc2b,sofia.rodriguez12@gmail.com,68,Bogotá,CC,2.5_3,arrendada,false,0,soltero,true,false,false,true,perro,ninguno,VIDAAH-01
e643012d-f6c8-4c7f-8b19-733255eb61e7,3031215595,54,Cali,CC,10_20,familiar,false,0,union_libre,false,false,false,true,perro,ninguno,PET-SEG-01
5b6aa176-39ed-4827-8024-f1700503dc2e,3122562083,44,Soacha,CC,3_4,familiar,false,0,soltero,false,false,false,false,,moto,MOTO-01
0460f42d-4377-44d8-955a-c62974b0771f,david.ramirez12@hotmail.com,40,Bogotá,CC,1.5_2,propia,true,1,viudo,false,false,false,false,,carro,BICI-01
07b4f00a-dc79-47f7-8333-e183f4fefd80,natalia.gomez60@hotmail.com,45,Barranquilla,CC,1_1.5,arrendada,true,3,viudo,true,false,false,false,,bici,ASMULT-01
60e21f25-2da1-44c7-9921-f801014cd1e8,3998959814,51,Bucaramanga,CE,8_10,propia,true,3,viudo,false,false,false,false,,moto,HOGAR-01
3eacd300-fd8e-47b8-a6c6-e1ed70336a23,3373100817,51,Zipaquirá,CC,menor_smlv,propia,false,0,casado,false,false,false,true,gato,ninguno,MOTO-01
160f0e9d-dcfb-491b-b98f-87b66bd156cc,daniela.martinez62@outlook.com,71,Medellín,CC,1.5_2,propia,false,0,casado,false,false,false,true,perro,ninguno,HOGAR-01
598d2454-3697-4ea6-ac80-0054641aa590,3384689500,28,Bogotá,CC,6_8,familiar,true,3,soltero,false,false,false,true,perro,ninguno,BICI-01
522e5eaa-692e-4b68-af47-da0e22b4389b,sofia.jimenez93@yahoo.com,31,Bogotá,CE,4_6,familiar,false,0,casado,false,false,false,false,,ninguno,HOGAR-01
5917e1dc-7118-46ca-a446-6ab52580b1f4,3105014764,51,Barranquilla,CC,6_8,arrendada,false,0,viudo,false,false,false,true,perro,ninguno,VIDAAH-01
d4bd50bd-002a-4366-8d15-353b7ae188dd,3218939127,61,Medellín,CC,menor_smlv,propia,true,4,union_libre,true,false,false,true,perro,moto,APEXEQ-PAL-01
8b1a58e5-b93e-49de-b9b5-bfd4ee82ac92,3133752145,60,Bucaramanga,CC,3_4,arrendada,false,0,union_libre,true,false,false,true,perro,ninguno,ASMED-01
966ec271-89ad-4438-9d3f-38f50cf5dd26,felipe.rojas57@outlook.com,20,Cali,CC,3_4,arrendada,true,1,divorciado,true,false,false,true,otro,moto,PET-SEG-01
658c8655-245e-4e62-8920-ed52a486aae2,3989847384,33,Medellín,CC,10_20,arrendada,false,0,casado,false,false,false,true,perro,ninguno,PET-SEG-01
793100b2-9766-46a5-9466-d79db66a5e09,3552635405,49,Cali,CC,menor_smlv,propia,true,2,divorciado,true,false,false,false,,carro,VIDAAH-01
ce7d46af-1078-413e-88d0-01a234159b2d,,40,Bogotá,CC,mayor_30,familiar,false,0,divorciado,false,false,false,false,,carro,BICI-01
f6383f40-c2ca-452d-945a-accf9a790eec,3413827386,60,Medellín,CC,3_4,familiar,true,2,casado,false,false,false,true,perro,moto,DEUDOR-VIDA-01
4db45d44-ae29-47ab-9bb1-63969085a90e,3514609193,38,Bogotá,CC,8_10,propia,false,0,divorciado,false,false,false,false,,ninguno,HOGAR-01
0037d0f9-f826-4ef5-b2c7-99ea18fd167a,3213424912,69,Bogotá,CC,3_4,familiar,false,0,divorciado,false,false,false,true,perro,ninguno,ASMULT-01
b2178cd3-5757-4971-a3f8-e860a8f2fcaa,3432898614,55,Medellín,CC,6_8,propia,true,1,casado,false,false,false,true,perro,carro,VIDAAH-01
587341c3-fb42-475f-a8c7-7817dc503802,3840892270,43,Bogotá,CE,10_20,familiar,true,1,divorciado,false,false,false,false,,ninguno,HOGAR-01
a3929823-ffe1-45a0-9235-3a812afbbf9b,3856905096,39,Barranquilla,CC,4_6,familiar,false,0,viudo,true,false,false,true,perro,moto,SALUD-01
5d843d17-e5b0-4bea-9ed9-3330d9aa963c,3312549707,40,Medellín,CC,1_1.5,arrendada,true,4,divorciado,false,false,false,true,perro,ninguno,MOTO-01
b2e6ccf6-e020-48cb-addc-fafadb8dc672,3420570365,54,Bogotá,CC,3_4,familiar,false,0,casado,false,true,false,true,otro,ninguno,BICI-01
57ab4a14-b117-4126-8eca-597b22fb48db,3902559056,75,Cali,PA,4_6,arrendada,false,0,union_libre,false,false,false,true,perro,ninguno,EXEQ-01
d677528f-8cb5-497e-b4ee-b644024d02c1,3602514358,64,Bogotá,CE,menor_smlv,arrendada,true,4,soltero,true,false,false,false,,moto,ASMED-01
4e4ade11-8004-443a-8d1e-f5ff76017129,andres.ortiz13@outlook.com,33,Funza,CC,menor_smlv,propia,true,1,viudo,false,false,false,false,,ninguno,MOTO-01
194ea557-1035-4a44-bc80-d234e936c374,3019179202,41,Cali,CC,menor_smlv,propia,false,0,casado,true,false,false,false,,moto,APEXEQ-PAL-01
60fa6206-8478-4445-b62c-786cd3b4032e,3648784138,61,Bogotá,CC,2_2.5,propia,false,0,casado,false,false,false,false,,ninguno,EXEQ-01
c1b7b9be-fdc5-4cc9-9375-024f62aee3aa,3389122800,29,Medellín,CC,2_2.5,familiar,true,4,soltero,false,false,false,true,perro,ninguno,BICI-01
300ca1f1-c5c9-4795-901c-c3d3adeb8b37,carlos.moreno8@outlook.com,74,Bogotá,CC,3_4,propia,false,0,casado,true,false,false,true,perro,carro,ASMULT-01
bdce033a-f69a-4419-90a4-5da1f501624b,3698773510,40,Soacha,CC,2.5_3,familiar,false,0,viudo,false,false,false,true,otro,carro,ARRENDA-01
5e5a642d-2de9-4a64-b9cc-32d080e72e3c,3028461687,52,Cali,CC,6_8,familiar,false,0,casado,true,false,false,true,perro,bici,PET-PREP-01
fad46257-f150-4c15-ac5f-6f4637c092bd,felipe.torres6@outlook.com,72,Bogotá,CC,10_20,propia,true,2,casado,true,false,false,true,perro,bici,HOGAR-01
8f6b5557-5eec-447a-8013-903ebc9dec64,valentina.florez2@outlook.com,28,Bucaramanga,CC,8_10,propia,false,0,union_libre,false,false,false,true,gato,ninguno,BICI-01
fea6f261-a345-4dc8-b7e7-40e9bb18d45b,3767703737,54,Bogotá,CC,4_6,arrendada,false,0,casado,false,false,false,true,gato,carro,DEUDOR-VIDA-01
a29941e1-ca8a-455e-a6de-9a0c296db063,,53,Bucaramanga,CC,8_10,familiar,true,4,divorciado,true,false,false,false,,moto,ASMED-01
8159f469-a41c-4531-b16b-523d5bf30fdf,3665914445,19,Bogotá,CC,2_2.5,propia,false,0,casado,true,false,false,true,perro,moto,PET-PREP-01
4332eabb-1f43-4fd2-b9c4-61c2d89bd651,3171359518,35,Bogotá,CC,4_6,familiar,true,1,divorciado,true,false,false,false,,ninguno,ASMED-01
671a85e2-20fe-4d91-9e19-4fc7296828ad,paula.martinez82@gmail.com,35,Bogotá,CC,2_2.5,familiar,false,0,divorciado,true,false,false,true,perro,moto,ASMULT-01
0ceb2a29-ab67-4a91-9f8b-1d1c493813bc,3681820412,66,Cali,CC,10_20,familiar,false,0,casado,false,false,false,false,,ninguno,PET-ASIS-01
861c44cb-50cd-4109-a76a-1166d8a43824,juan.rojas90@gmail.com,53,Bogotá,CC,6_8,arrendada,false,0,viudo,false,false,false,true,perro,moto,VIDAAH-01
13ef3c1f-4abe-46fc-9ea2-1d47dc20fba2,3456069559,54,Bogotá,CC,1_1.5,arrendada,false,0,casado,false,false,false,true,otro,carro,DEUDOR-VIDA-01
2160486e-0247-4c12-a180-a051dde1338b,andres.martinez98@hotmail.com,53,Mosquera,CC,1.5_2,familiar,true,2,soltero,false,false,false,true,perro,moto,MOTO-01
49875be4-946a-4f98-aeeb-9dbacba4790f,diego.garcia16@hotmail.com,58,Bogotá,CC,3_4,propia,true,1,soltero,false,false,false,false,,carro,BICI-01
7847f845-733c-422f-ab2f-727ecb6c1de7,,73,Bogotá,PA,20_30,familiar,true,2,soltero,true,false,false,true,gato,carro,SALUD-01
a7a79c85-2842-40ee-82a4-24816f4dad17,3403169474,33,Medellín,CE,2.5_3,propia,true,1,union_libre,false,false,false,true,gato,ninguno,HOGAR-01
229bfff9-d887-4e27-86ec-9f107cbec845,3568087793,45,Bogotá,CC,6_8,propia,true,3,union_libre,true,false,false,true,gato,ninguno,VIDAAH-01
e558e25f-432b-48ed-bbea-80db2a55c02e,3272445227,41,Mosquera,CC,1_1.5,arrendada,true,2,divorciado,false,false,false,true,otro,carro,MOTO-01
1361c116-f9ef-4c01-9abf-b29f4319e518,,60,Soacha,CC,3_4,familiar,false,0,union_libre,false,false,false,false,,bici,HOGAR-01
621403c6-7ff1-4455-b7c6-be0b224fe008,3790203887,51,Medellín,CC,2_2.5,familiar,false,0,soltero,false,false,false,false,,ninguno,ASMULT-01
3f2a9de0-dc76-46c6-9071-bb82b5193601,diego.rodriguez45@hotmail.com,42,Medellín,CE,2_2.5,propia,false,0,union_libre,true,false,false,false,,carro,ARRENDA-01
3a153eaa-de4d-45db-a074-1afa374fd49e,3260920331,48,Bogotá,CC,6_8,familiar,false,0,divorciado,false,false,false,false,,ninguno,VIDAAH-01
4e2597aa-752e-40b0-a83e-b2c18339c224,3445576696,27,Bogotá,CC,menor_smlv,propia,false,0,divorciado,false,false,false,false,,moto,APEXEQ-PAL-01
eee41e8f-1ff0-46ae-94f9-6d30d62b1034,jorge.sanchez79@hotmail.com,42,Barranquilla,CC,1.5_2,arrendada,true,1,divorciado,false,false,false,false,,ninguno,VIDA-01
db25141a-f02d-4b9b-ac42-ed3521138061,,51,Bogotá,CC,4_6,familiar,false,0,soltero,false,false,false,true,gato,moto,HOGAR-01
6fb7e159-fa87-4a48-9d5e-78b29da37069,3612374077,71,Bogotá,CC,2.5_3,propia,false,0,casado,false,false,false,false,,ninguno,EXEQ-01
41f24a52-7d96-49b4-a0a4-f4a40c48580a,3457527542,63,Zipaquirá,CC,3_4,familiar,false,0,casado,false,false,false,false,,bici,MOTO-01
294fdfd0-8453-43ec-83be-0980006ce8dc,sofia.vargas34@gmail.com,41,Bogotá,CC,6_8,arrendada,true,1,divorciado,false,false,false,true,perro,ninguno,VIDAAH-01
f741e908-b697-4a1c-9dc7-4f88b4f07081,3129035006,24,Bogotá,CC,menor_smlv,arrendada,false,0,viudo,false,false,false,true,perro,carro,APEXEQ-PAL-01
8c1b7ac9-7d7d-4b43-80ce-971fa195edc5,3440601461,62,Bucaramanga,CC,1.5_2,propia,false,0,union_libre,false,false,false,true,perro,ninguno,HOGAR-01
907699ba-dce4-47f3-9246-15ec59d09b7e,3857797398,38,Medellín,CC,6_8,arrendada,false,0,union_libre,false,false,false,false,,moto,VIDAAH-01
209f1517-ac83-4880-afaa-9af5051c83b7,3940865424,33,Bogotá,CE,8_10,familiar,false,0,casado,false,false,false,false,,ninguno,HOGAR-01
f9bbaf62-218a-4364-822d-cc921964648c,3805951948,35,Cali,CC,8_10,arrendada,false,0,union_libre,false,false,false,true,gato,bici,HOGAR-01
a0190ff0-c676-4b23-88b7-bfa85e821b7a,3738007506,51,Medellín,CC,1.5_2,propia,false,0,casado,false,false,false,true,perro,carro,PET-SEG-01
9a9a4011-a88f-4c0f-9eec-16a3426d46d1,3068856846,49,Bogotá,CC,20_30,familiar,false,0,divorciado,false,false,false,true,gato,ninguno,HOGAR-01
2786e7a6-8ea2-46b1-98cc-320923ac020d,,62,Bucaramanga,CC,8_10,arrendada,false,0,viudo,false,false,false,false,,carro,EXEQ-01
6df23350-d6cc-4a41-9611-871a52a53b1d,3463989701,36,Medellín,CC,20_30,familiar,false,0,union_libre,false,true,false,true,gato,carro,PET-ASIS-01
311dd5ee-5775-4147-95c0-2b709f449792,carolina.ramirez25@gmail.com,49,Medellín,CC,4_6,arrendada,true,3,soltero,true,false,false,true,perro,ninguno,PET-SEG-01
0e80c3c6-c275-4a8e-bbc4-18d99998a594,3426562616,21,Bogotá,CC,2_2.5,arrendada,true,3,casado,true,false,false,true,perro,ninguno,ASMULT-01
980243b8-432e-48e4-b570-fa9dde311a16,,42,Bogotá,CC,6_8,arrendada,true,3,viudo,false,false,false,true,perro,ninguno,VIDAAH-01
3d1414dc-0d38-45a7-a680-dd0277c24a52,3071339143,75,Cali,CC,menor_smlv,propia,false,0,divorciado,false,false,false,true,otro,ninguno,APEXEQ-PAL-01
e0748cd7-7a5e-4025-828d-3b42eaa961f2,felipe.suarez22@gmail.com,46,Bogotá,CC,menor_smlv,arrendada,false,0,viudo,false,false,false,false,,moto,APEXEQ-PAL-01
f53e1f30-38a6-4bbb-9398-639b78a7b93c,,33,Bogotá,CC,menor_smlv,propia,false,0,viudo,false,false,false,true,perro,ninguno,APEXEQ-PAL-01
fb1fa0fb-790f-4d65-a182-36f614cd193b,jorge.gomez62@yahoo.com,26,Barranquilla,CE,8_10,propia,true,2,divorciado,true,false,false,true,perro,ninguno,ASMED-01
39c26e82-4dbd-4999-8274-bff153618f2f,maria.torres12@outlook.com,24,Barranquilla,CE,3_4,arrendada,false,0,divorciado,false,false,false,false,,moto,BICI-01
2e1ddd29-91b7-4dd4-bcc7-0cc2cae1a3f3,3066266821,62,Medellín,CC,1_1.5,familiar,false,0,union_libre,false,false,false,false,,carro,EXEQ-01
81e08ee8-34d8-4e33-848e-7e955e049ee6,,32,Bogotá,CC,1_1.5,propia,true,4,divorciado,false,false,false,true,perro,ninguno,APEXEQ-PAL-01
67faa63c-f6a8-4ea9-afe8-3e8802f5d91c,3893028405,58,Bogotá,CC,1_1.5,familiar,false,0,union_libre,true,false,false,false,,ninguno,EXEQ-01
5b6df1be-1ce2-457a-8670-6f25a9fccb49,,45,Bogotá,CC,20_30,propia,false,0,viudo,false,true,false,false,,carro,PET-PREP-01
dc022146-0deb-47dd-9038-04e277a5f117,3708880724,27,Bucaramanga,CC,menor_smlv,arrendada,false,0,union_libre,true,false,false,true,gato,ninguno,BICI-01
17694796-cfda-4c8e-bcb0-d11633912283,3616663342,68,Barranquilla,CC,1_1.5,propia,true,1,soltero,false,false,false,true,perro,carro,APEXEQ-PAL-01
f7667dc4-78bb-43ac-b592-5ef5d25e5aff,3997278755,73,Bucaramanga,CC,8_10,arrendada,false,0,divorciado,false,false,false,true,perro,carro,EXEQ-01
684f993a-fd80-4ff2-bb1f-6a2286c9efd8,3759911739,31,Bogotá,CC,4_6,arrendada,true,3,soltero,false,false,false,false,,ninguno,BICI-01
ba8ab215-9d2e-4543-a30a-9fece9ddc61d,santiago.florez93@hotmail.com,37,Medellín,CC,menor_smlv,propia,false,0,union_libre,false,false,false,true,perro,moto,PET-ASIS-01
f851df82-6f29-4048-8de1-3f754778109b,natalia.gomez10@gmail.com,74,Bogotá,PA,1.5_2,propia,true,1,union_libre,false,false,false,true,gato,carro,ASMULT-01
8f891e58-310b-48ac-b95d-686298d39bf4,3920737866,38,Cali,CC,3_4,familiar,false,0,divorciado,false,false,false,true,perro,bici,HOGAR-01
de2759b6-5c0c-4118-873f-799f1bd79a5d,daniela.martinez56@yahoo.com,53,Medellín,CC,mayor_30,arrendada,true,2,viudo,false,false,false,true,perro,carro,HOGAR-01
a28f398b-ee02-4860-aead-220115d0e35b,sebastian.moreno52@gmail.com,59,Bucaramanga,CC,2_2.5,propia,true,4,casado,false,false,true,false,,bici,EXEQ-01
fad33996-7364-48e1-b755-e7484f4fc9af,3007443525,72,Funza,CC,menor_smlv,propia,true,1,viudo,true,false,false,true,perro,moto,MOTO-01
6533cef0-8676-4ee7-aaae-d7e7c5bb8a2d,3894011713,74,Soacha,CC,2.5_3,propia,true,4,soltero,false,false,false,false,,bici,MOTO-01
601902e8-26b2-4ff2-b4bd-a662e10eda36,3657256592,18,Bogotá,CC,menor_smlv,arrendada,true,4,soltero,false,false,false,false,,ninguno,APEXEQ-PAL-01
885b51e8-53aa-4ea5-a691-a16ea64fa989,3508806395,51,Medellín,CC,2.5_3,arrendada,false,0,union_libre,false,false,false,true,gato,ninguno,VIDA-01
df56bf36-3d64-418c-ba16-5a9c97eb935c,3295786718,22,Barranquilla,CC,menor_smlv,propia,true,3,casado,true,false,false,true,perro,bici,ARRENDA-01
ee32e18b-38df-486f-8166-f1ed42b0b9e8,3568201753,58,Bogotá,CC,menor_smlv,arrendada,false,0,viudo,false,false,false,true,perro,moto,PET-PREP-01
bb9313eb-0f5f-4339-b372-c7c3feb1cc54,juan.gomez67@yahoo.com,59,Mosquera,CC,10_20,arrendada,false,0,casado,false,false,false,false,,ninguno,HOGAR-01
942a702c-8a65-4c19-8f1a-de0f65314df3,3590125996,50,Soacha,CC,2.5_3,familiar,false,0,casado,false,false,false,true,gato,carro,PET-ASIS-01
01443315-f696-472a-9482-d470c20fce67,,24,Mosquera,CC,1.5_2,familiar,false,0,union_libre,false,false,false,true,perro,ninguno,ARRENDA-01
ca267833-933d-469b-8d2c-e4006d97ea7c,andres.rodriguez6@yahoo.com,32,Bogotá,CC,8_10,propia,false,0,union_libre,false,false,false,true,perro,ninguno,VIDA-01
6a0cc288-8682-46dd-a2c2-4a78ffd7b7d6,3337364353,49,Medellín,CE,1_1.5,propia,false,0,soltero,false,false,false,true,perro,moto,DEUDOR-VIDA-01
4a1c8beb-b72a-4172-8c99-3ca376fd4b6f,carlos.garcia29@yahoo.com,60,Bogotá,CC,6_8,arrendada,true,4,soltero,true,false,false,false,,moto,HOGAR-01
6e74d7b5-ddee-4c62-ae65-110f76443edd,daniela.gomez39@hotmail.com,55,Bucaramanga,CC,2_2.5,arrendada,false,0,union_libre,true,false,false,true,perro,bici,HOGAR-01
98bb7dc8-cf3a-432e-b1dc-5f08271091cf,3226984858,58,Medellín,CE,menor_smlv,propia,true,2,viudo,false,false,false,true,perro,moto,APEXEQ-PAL-01
f314e968-930c-4bdb-9fc3-3e46fc850322,3076777867,60,Medellín,CC,mayor_30,propia,false,0,viudo,false,false,false,true,perro,carro,PET-SEG-01
39f59217-b7c5-4d78-803f-ed359fb384e7,3216629668,58,Medellín,PA,mayor_30,propia,false,0,divorciado,true,false,false,true,perro,moto,DEUDOR-VIDA-01
83a48020-e84e-4506-9cd3-384556c39907,3462929177,22,Funza,CC,2_2.5,arrendada,false,0,soltero,false,false,false,true,perro,carro,BICI-01
70c3b706-d19e-483b-a3b6-90b90333f781,camila.rodriguez86@outlook.com,49,Zipaquirá,CC,4_6,familiar,true,1,soltero,false,false,false,true,perro,ninguno,DEUDOR-VIDA-01
4fc0a0f0-10d2-403e-b8d4-479a5d344940,3162625104,71,Bogotá,CC,1_1.5,arrendada,true,4,soltero,false,false,false,false,,moto,DEUDOR-VIDA-01
8620462a-ffac-4ce3-8698-103be1475395,,67,Bogotá,CC,20_30,propia,true,1,union_libre,true,false,false,false,,bici,VIDA-01
5fd786aa-42a6-49d9-8fe9-872bd59091c8,3681337227,69,Medellín,CC,3_4,familiar,false,0,soltero,false,false,false,false,,ninguno,DEUDOR-VIDA-01
79ca15bb-fde8-4e98-9ad6-d7e22849fc6e,julian.florez8@outlook.com,25,Medellín,CC,10_20,familiar,true,2,union_libre,true,false,false,true,perro,ninguno,SALUD-01
a0f10532-9e52-4abd-933a-ad464204ac7c,diana.rojas78@hotmail.com,49,Soacha,CC,3_4,familiar,false,0,viudo,false,false,false,false,,ninguno,MOTO-01
8bd151ac-34b8-46f7-b707-37dbbcb1abce,maria.gomez81@gmail.com,66,Zipaquirá,CC,1.5_2,arrendada,false,0,union_libre,false,false,false,true,perro,carro,ASMULT-01
b392e61f-d5b6-4c50-a53d-b1c9b7832857,3603089925,43,Bogotá,CC,2_2.5,familiar,true,1,soltero,false,true,false,false,,carro,DEUDOR-VIDA-01
d962c58c-8037-48a6-8a39-dc54baaa3158,carolina.rojas61@outlook.com,63,Bogotá,CC,3_4,familiar,true,3,soltero,false,false,false,true,perro,carro,ARRENDA-01
872b39a7-96f2-441f-b5d9-82654fd01469,felipe.ortiz85@gmail.com,37,Cali,CC,1_1.5,familiar,true,4,viudo,true,false,false,true,perro,moto,APEXEQ-PAL-01
9e7965f9-13a5-4f86-a50a-22fb903e8316,3615048849,65,Cali,CC,1.5_2,familiar,false,0,union_libre,false,false,false,true,perro,carro,ASMULT-01
346ca153-5b6f-4680-9e0b-3ba818c767c5,diego.martinez3@hotmail.com,43,Bogotá,CC,6_8,propia,true,2,soltero,false,false,false,true,perro,moto,VIDAAH-01
75eaba91-69a0-49ee-882c-5efc2f34d98f,3429608070,44,Barranquilla,CC,4_6,propia,false,0,divorciado,false,false,false,true,gato,ninguno,HOGAR-01
0e62ceae-f660-4491-9ee2-23615b8a09ea,juan.torres10@gmail.com,73,Mosquera,CC,2_2.5,arrendada,true,4,soltero,false,false,false,true,perro,ninguno,MOTO-01
9457ac6f-2817-46f7-a997-aea18277bdc1,3385500295,45,Bogotá,PA,4_6,propia,false,0,viudo,true,false,false,true,perro,carro,VIDAAH-01
457f661d-3557-4432-ab52-44c95f661d23,3418880592,56,Bogotá,CC,1_1.5,propia,true,2,casado,false,false,false,false,,moto,APEXEQ-PAL-01
bdd99fc9-381e-498e-9d8b-f54afb24c534,sofia.ortiz42@outlook.com,24,Funza,CC,1.5_2,arrendada,false,0,union_libre,false,false,false,true,gato,carro,MOTO-01
97155597-9085-4642-9625-87f95eab81bf,3966734958,62,Medellín,CC,4_6,propia,false,0,soltero,false,false,false,true,perro,moto,HOGAR-01
7b920838-c05a-4db7-9fc3-ce2d36170f3a,diana.lopez95@yahoo.com,47,Medellín,CC,1_1.5,arrendada,false,0,soltero,true,false,false,false,,ninguno,MOTO-01
851ff568-6f1c-4d2a-bb9a-0b80821a5180,3594434852,55,Zipaquirá,CC,3_4,propia,false,0,divorciado,true,false,false,true,gato,bici,SALUD-01
bd47b7cf-82f4-4074-8266-5eeac92e5148,3303292844,29,Cali,CC,mayor_30,propia,false,0,soltero,true,false,false,false,,ninguno,VIDA-01
a61dfb99-4423-4111-ad1a-2f1081cded69,diana.castro39@outlook.com,49,Cali,CC,2.5_3,propia,true,4,viudo,false,false,false,true,perro,bici,ARRENDA-01
e81f041e-e27e-495a-ac2c-d3cdf40a8066,maria.florez45@gmail.com,55,Soacha,CE,4_6,familiar,true,4,casado,false,false,false,false,,carro,VIDAAH-01
e7901fad-e4c8-418f-9980-f7bfb8ed353b,,32,Bogotá,CC,menor_smlv,familiar,true,3,divorciado,true,true,false,true,perro,moto,APEXEQ-PAL-01
cd1e7feb-5ae4-43e4-b44f-eae21db583f3,3618756467,45,Bogotá,PA,6_8,arrendada,true,2,divorciado,false,false,false,true,perro,ninguno,VIDAAH-01
d44def29-634c-41a7-acc3-9d9670247e47,diego.gonzalez38@hotmail.com,34,Bogotá,CC,3_4,arrendada,false,0,union_libre,true,false,false,true,gato,ninguno,DEUDOR-VIDA-01
0e92f7bc-6933-4f39-afc9-089ff4491b6d,maria.florez98@gmail.com,57,Medellín,CC,8_10,propia,false,0,divorciado,false,false,false,true,perro,bici,DEUDOR-VIDA-01
74e072ea-0c6f-4ec4-836e-3a8b29c1476b,3380468275,30,Medellín,CC,6_8,familiar,true,1,union_libre,true,true,false,false,,bici,BICI-01
6e0dfd89-1bf5-4df5-8200-781a435e7d41,3113950016,51,Soacha,CC,4_6,familiar,false,0,union_libre,true,false,false,false,,bici,HOGAR-01
5686d7ff-44d9-4195-a579-b2d2cea51608,3651221500,72,Mosquera,CE,2.5_3,arrendada,false,0,soltero,false,false,false,true,perro,moto,DEUDOR-VIDA-01
d4e3debe-8cdb-4a90-8b3a-2064affe0e39,3750003056,66,Medellín,CC,1.5_2,arrendada,false,0,soltero,false,false,false,true,perro,bici,DEUDOR-VIDA-01
293a5ed9-88a2-481a-adc6-acfe64ff13ff,sebastian.lopez65@hotmail.com,61,Bogotá,CC,1.5_2,propia,false,0,soltero,false,false,false,true,gato,ninguno,BICI-01
be4f117b-f3ab-483f-9f85-81e61637c6d3,3091435294,57,Medellín,CC,2_2.5,propia,false,0,divorciado,false,false,false,true,perro,ninguno,PET-ASIS-01
bf4f74bd-f7d8-4e3d-aba6-3fe6d9e2a351,paula.jimenez98@hotmail.com,49,Mosquera,CE,8_10,propia,false,0,casado,false,false,false,true,perro,bici,PET-SEG-01
b33f3b3d-2c44-4eed-8075-0937141b8a88,sofia.perez37@hotmail.com,50,Bogotá,CC,menor_smlv,arrendada,false,0,viudo,true,false,false,true,otro,carro,ARRENDA-01
e1558c61-c2be-4eef-b84d-e0d0a819649c,3209225450,69,Funza,CC,1_1.5,propia,false,0,divorciado,false,true,false,true,perro,carro,MOTO-01
e4baecd5-c6f4-4c4c-b39d-41fbc285d26a,juan.florez19@yahoo.com,36,Bogotá,CC,8_10,familiar,true,3,divorciado,false,false,false,true,perro,carro,BICI-01
d683f726-575c-4804-8507-927b65cf77f3,3293781326,48,Manizales,CC,2_2.5,arrendada,true,2,casado,true,false,false,true,gato,moto,ARRENDA-01
3f6e6b42-81f2-45d1-bde6-0cf3e2f59887,3473148368,47,Barranquilla,CC,2.5_3,arrendada,false,0,divorciado,true,false,true,false,,ninguno,SALUD-01
111ed3f5-1ccf-4f7b-8f8d-d510fa24d9f7,3497872965,48,Bogotá,CC,1_1.5,arrendada,true,4,union_libre,true,false,false,true,perro,ninguno,SALUD-01
7a83f8f3-a8dc-4193-b022-cc6c50c6f3fa,valentina.gomez40@hotmail.com,51,Funza,CC,1_1.5,propia,true,4,divorciado,false,false,false,false,,carro,MOTO-01
7d405775-e396-4faf-9a79-5614423d75fd,sofia.castro69@hotmail.com,34,Soacha,CC,8_10,familiar,false,0,viudo,false,false,false,true,otro,ninguno,PET-PREP-01
55987a06-c179-4230-b87e-500432abf1c3,3894184336,51,Bogotá,CC,menor_smlv,arrendada,true,1,viudo,true,false,false,true,perro,carro,APEXEQ-PAL-01
cd54ea90-21bd-404b-a593-7a67db2ba4e7,3415892909,49,Cali,CC,4_6,propia,false,0,union_libre,false,false,false,false,,ninguno,VIDAAH-01
cbd7d658-3635-46cf-85ba-77889caf8ba4,3329876816,20,Bogotá,CC,1_1.5,familiar,true,1,viudo,true,false,false,true,perro,moto,ASMULT-01
64d5ea2a-64e8-493d-a037-85dce05a4d2d,diego.florez79@gmail.com,55,Soacha,CC,1_1.5,familiar,true,1,soltero,true,false,false,true,perro,ninguno,MOTO-01
e52c4846-7db9-4705-9d8b-1ad8fc107bf7,santiago.rodriguez87@hotmail.com,27,Bogotá,CC,2_2.5,familiar,true,1,casado,false,false,false,false,,carro,BICI-01
52807815-ffa0-4c3d-97ff-ee710706c48c,3067949756,48,Zipaquirá,CC,1_1.5,familiar,true,2,casado,false,false,false,true,perro,carro,MOTO-01
bbe88bdb-0fb5-4cb4-ae03-0e437e994758,3478077406,33,Bucaramanga,CC,2.5_3,familiar,false,0,casado,false,false,false,false,,moto,BICI-01
123744b7-9e46-4d48-bb87-04323b15c037,3626543475,54,Bogotá,CC,1_1.5,familiar,true,4,soltero,false,false,false,true,perro,ninguno,PET-ASIS-01
db9d5c9d-5297-4145-8538-76ae9c05b33f,natalia.vargas75@yahoo.com,20,Medellín,CC,1_1.5,familiar,true,3,divorciado,false,false,false,true,otro,moto,ASMULT-01
122e32d2-1d40-4142-bbe8-913297712d62,3971149179,71,Bogotá,CC,2.5_3,arrendada,false,0,soltero,false,false,false,true,perro,ninguno,PET-ASIS-01
1e1bebf5-88b0-4cb7-94db-67383bcf6145,carlos.perez24@hotmail.com,25,Bucaramanga,CC,1.5_2,propia,false,0,divorciado,false,true,false,true,otro,moto,VIDA-01
e4143785-7ce7-481d-a54a-4ed757c792e6,carlos.vargas9@outlook.com,30,Medellín,CC,8_10,propia,false,0,divorciado,true,false,false,true,perro,ninguno,HOGAR-01
a53271da-68a2-4252-88f0-ce17e2fa3c19,3773203607,75,Bogotá,CC,1_1.5,arrendada,true,4,soltero,false,false,false,true,otro,ninguno,MOTO-01
2cc55fd0-7d54-4dee-92b7-2ef38f0a2024,camila.gomez81@yahoo.com,40,Bucaramanga,CC,6_8,propia,false,0,divorciado,false,false,false,false,,ninguno,VIDAAH-01
33ed1006-ba5c-4df7-a99a-f6eac8ebe9f6,3793722391,48,Soacha,CC,1_1.5,propia,false,0,viudo,false,false,false,true,gato,bici,APEXEQ-PAL-01
2d87ad92-ceb3-4e2d-bdd3-6abf3f74d1c0,diego.jimenez65@gmail.com,50,Bogotá,CE,menor_smlv,arrendada,true,2,casado,true,false,false,true,perro,bici,PET-PREP-01
0ec3f6b3-e755-4d3a-a16b-32bdb0c0675d,3899872444,42,Bogotá,CC,2_2.5,propia,true,2,viudo,true,false,false,false,,carro,SALUD-01
8f0966c3-21ff-420d-9f8f-ac16dededbfe,3452058028,43,Medellín,CC,1_1.5,arrendada,false,0,soltero,false,true,false,true,perro,ninguno,APEXEQ-PAL-01
ba54de1c-7df8-4a95-861e-03ac4ae4585c,3164840858,22,Bogotá,CC,8_10,arrendada,false,0,divorciado,true,false,false,false,,carro,BICI-01
5b88187a-bee7-4e8c-b735-f3614b4f7f3a,3470474764,53,Bogotá,CC,4_6,familiar,true,3,union_libre,false,false,false,true,perro,bici,VIDAAH-01
4e810d36-d75c-4d25-bd16-475c82157d0a,3471155822,22,Funza,PA,menor_smlv,propia,true,3,soltero,false,false,false,true,otro,ninguno,MOTO-01
6b458e44-626c-417b-b441-f2c1cc2da633,3159149750,25,Medellín,CC,1_1.5,familiar,false,0,viudo,false,false,false,true,otro,moto,APEXEQ-PAL-01
dae4aee5-6a72-42dd-b102-ffc18ad1a5a3,paula.florez15@yahoo.com,75,Bogotá,CC,1_1.5,familiar,false,0,viudo,false,false,false,false,,ninguno,PET-SEG-01
a6936f59-533f-4fb9-bcbc-9c4abc059e42,3765439592,53,Bogotá,CC,2_2.5,propia,false,0,union_libre,false,false,false,false,,moto,DEUDOR-VIDA-01
ec91e4ef-1111-40a0-9cec-ad6973c825d4,3873606340,41,Bogotá,CC,1_1.5,propia,false,0,soltero,true,false,false,true,perro,ninguno,HOGAR-01
4d0c8010-09b5-4ca5-8a26-ba9d7969acc9,natalia.gomez49@hotmail.com,43,Bucaramanga,PA,6_8,propia,true,4,divorciado,false,false,false,true,perro,moto,VIDAAH-01
e51eec5a-4c0c-4732-972c-5cc2e26e25fd,,42,Mosquera,CC,menor_smlv,propia,true,3,casado,false,false,false,true,otro,bici,MOTO-01
8b6ce394-e2aa-41b8-b5c4-25cd8d36e35c,3295584457,30,Medellín,PA,3_4,propia,false,0,divorciado,false,false,false,true,perro,ninguno,HOGAR-01
dc9e6995-a74c-484b-be51-0803513d7601,,23,Medellín,CE,1.5_2,arrendada,true,2,casado,false,false,false,true,perro,ninguno,MOTO-01
ce7f02a8-950b-4471-b89d-6e7c53262a56,3058393408,32,Soacha,CC,3_4,arrendada,true,3,casado,false,false,false,true,gato,ninguno,PET-ASIS-01
cf8b187f-43c8-4849-b8fc-0918c66dd0ba,sebastian.martinez18@hotmail.com,61,Zipaquirá,CC,3_4,arrendada,true,1,union_libre,false,false,false,true,perro,ninguno,MOTO-01
c70f3505-b425-4e9b-a50a-c100621a89eb,3107983342,62,Bogotá,CC,20_30,propia,false,0,casado,false,false,false,true,perro,ninguno,PET-PREP-01
a530b20b-2dbb-4e8b-98f8-7795baa11aa7,3392053021,53,Mosquera,CC,4_6,arrendada,true,4,divorciado,false,false,false,false,,bici,VIDAAH-01
5c973deb-ffe9-4801-b956-415c2566fc99,3903397051,55,Bogotá,CC,4_6,familiar,false,0,casado,false,false,true,true,perro,ninguno,DEUDOR-VIDA-01
607d2dae-05ce-486a-b7d7-924193ccd217,3718301008,60,Medellín,PA,2.5_3,familiar,true,3,casado,false,false,false,true,otro,ninguno,PET-SEG-01
32eb859d-726b-426f-8c96-5979d7958b08,luis.ramirez25@gmail.com,26,Bogotá,CC,4_6,propia,true,3,divorciado,false,false,false,true,gato,moto,HOGAR-01
6802daa2-1862-441e-aaeb-a1d6279144d7,,41,Barranquilla,CC,1.5_2,arrendada,true,1,viudo,false,false,false,true,perro,ninguno,ARRENDA-01
5f90c18b-4d33-4df7-a277-ea8f62a512fa,,54,Bogotá,CC,10_20,arrendada,true,2,soltero,false,false,false,false,,moto,BICI-01
eff1c9f8-30de-40c6-a372-6d175e8d7029,3723836806,21,Zipaquirá,CC,menor_smlv,arrendada,true,3,divorciado,false,false,false,true,otro,carro,MOTO-01
d9922aa4-4f8e-4300-9a8f-c137e82a786d,3844386125,66,Mosquera,CC,1.5_2,propia,false,0,union_libre,false,false,false,false,,bici,MOTO-01
c0586538-88a9-4f46-8dac-45bb23001113,3992879872,74,Bogotá,CC,10_20,arrendada,true,2,soltero,false,false,false,true,perro,ninguno,HOGAR-01
4ce1e024-35a6-40ee-803b-29de464bcc42,3344765047,60,Bogotá,CC,1_1.5,arrendada,false,0,viudo,true,false,false,false,,carro,SALUD-01
0705b43a-c38d-48e5-adc8-ddef7d4e68fe,carolina.suarez4@outlook.com,27,Mosquera,CC,8_10,familiar,true,4,casado,true,false,false,false,,moto,BICI-01
af662ffd-fd56-48c0-83c2-f2be8c4d7765,sofia.gomez96@hotmail.com,44,Mosquera,CC,1.5_2,familiar,true,1,soltero,false,false,false,true,perro,carro,ARRENDA-01
7ff16539-68f3-4f75-b4e3-f0303f9c3651,felipe.suarez36@hotmail.com,56,Barranquilla,CC,10_20,arrendada,false,0,soltero,true,false,false,false,,carro,HOGAR-01
a16ece9a-b281-4de9-a078-0b0d53db1880,sebastian.jimenez6@gmail.com,37,Bogotá,CC,10_20,arrendada,true,1,union_libre,true,false,false,true,gato,ninguno,ASMED-01
4bbe59b1-251f-4375-a4fd-ca1fc7a4e686,3303264525,46,Soacha,CC,1.5_2,propia,true,1,viudo,false,false,false,false,,moto,MOTO-01
c05ba4b6-b2ba-4621-9189-66c7eb50d683,3238692221,57,Bogotá,CC,2_2.5,familiar,false,0,casado,false,false,false,true,otro,ninguno,DEUDOR-VIDA-01
672a5497-0cf2-4afd-8463-d7dbd74b7193,3152293229,47,Bogotá,CC,1.5_2,familiar,true,2,union_libre,false,false,false,true,perro,ninguno,DEUDOR-VIDA-01
44851ca5-a7a8-4ff8-8d54-934f4816bcfb,3224870987,27,Bogotá,CC,1_1.5,arrendada,false,0,union_libre,false,false,false,true,perro,moto,APEXEQ-PAL-01
e80583c2-5773-4bb0-b86c-55c240f19eca,3699013983,43,Bogotá,CC,6_8,arrendada,false,0,union_libre,false,true,false,false,,bici,VIDAAH-01
048252a9-d1fb-4f18-9185-bbd08412620b,3668490536,59,Bogotá,CC,menor_smlv,arrendada,false,0,viudo,true,false,false,true,gato,moto,ARRENDA-01
82935190-b46f-44d7-bb35-4c08bf3c0476,jorge.jimenez81@hotmail.com,43,Manizales,CC,2_2.5,propia,true,2,viudo,true,false,false,false,,moto,BICI-01
0f2d25d3-ab1f-45dd-bf32-aacc89a58654,andres.sanchez28@gmail.com,43,Soacha,CC,20_30,propia,true,2,casado,true,false,false,true,perro,carro,PET-SEG-01
241d7aa6-8f05-43b2-bba2-e19e84d5949e,3559951541,36,Zipaquirá,CC,2_2.5,arrendada,true,1,union_libre,true,false,false,true,perro,moto,VIDA-01
a35a35cf-9bbc-4131-8245-0f8b469d1568,luis.gomez91@gmail.com,58,Barranquilla,CC,1_1.5,arrendada,true,3,divorciado,false,false,false,true,perro,ninguno,ASMULT-01
e321d482-c0a4-461c-8e9e-3bcf9e2aa558,,62,Bogotá,CC,1_1.5,arrendada,true,3,viudo,false,false,false,true,perro,carro,DEUDOR-VIDA-01
9c35d9bb-4f42-42bc-8022-dd05142f25a1,,58,Bogotá,CC,6_8,familiar,true,1,viudo,true,false,false,true,otro,ninguno,BICI-01
65209c33-62e0-4620-a414-c70c40440a96,maria.rodriguez57@hotmail.com,18,Bogotá,CC,8_10,arrendada,false,0,soltero,false,false,false,true,perro,carro,PET-SEG-01
55bbea88-afec-483d-b017-7b2050522840,3747000268,47,Medellín,CC,2.5_3,arrendada,false,0,union_libre,false,false,false,true,gato,carro,ASMULT-01
6793b5f1-6e74-4634-97e9-4a514e597477,3757644932,27,Soacha,CC,10_20,propia,false,0,casado,true,false,false,true,perro,moto,ASMED-01
6f86f5be-2fc4-4b1a-8d97-d0959de2e90d,sebastian.rodriguez39@gmail.com,71,Zipaquirá,CC,2_2.5,familiar,false,0,soltero,true,false,false,true,otro,moto,EXEQ-01
a46581cf-4e0e-4624-84bd-77fd36f06c3c,valentina.martinez54@yahoo.com,51,Barranquilla,PA,8_10,propia,false,0,casado,true,false,false,true,perro,ninguno,SALUD-01
632f54d5-6435-4dcd-be6f-df1f26307e63,valentina.sanchez80@hotmail.com,64,Bogotá,CC,4_6,arrendada,true,4,casado,true,false,false,false,,ninguno,SALUD-01
72d951a3-283c-4fd6-b213-58e4c93a06ef,3515764670,59,Medellín,CE,3_4,propia,false,0,divorciado,false,false,false,true,perro,carro,PET-ASIS-01
62f69bd9-93d8-42ba-a236-1a470c2a417e,3952614578,28,Bogotá,CC,2.5_3,arrendada,false,0,divorciado,false,false,false,false,,carro,DEUDOR-VIDA-01
3e608d98-7068-4362-8295-56d2cd5aedc0,3072778765,59,Bucaramanga,CC,mayor_30,familiar,true,4,casado,true,false,false,true,perro,carro,HOGAR-01
dbd770ff-44cf-4cad-b262-59970953b97e,,24,Funza,CE,1_1.5,propia,false,0,casado,false,false,false,false,,carro,ARRENDA-01
9e27519b-7b11-4ca8-abef-aebc4dfa1e8e,3042084182,52,Medellín,CC,1_1.5,arrendada,true,3,union_libre,false,false,false,false,,moto,APEXEQ-PAL-01
006b4c0c-0fb4-48b3-941d-d5398424bdc6,3390912030,27,Funza,CC,1.5_2,propia,false,0,soltero,false,false,false,true,perro,moto,MOTO-01
d380afd0-01a7-4ff3-8db6-94dad7bdb042,3758158918,58,Bogotá,CC,4_6,propia,false,0,casado,false,false,false,true,gato,bici,PET-SEG-01
2c744442-c19c-446d-b43c-59d3baaf7e65,3730699382,22,Bogotá,CC,2.5_3,arrendada,false,0,casado,false,false,false,true,otro,ninguno,PET-ASIS-01
e7756223-1de0-494e-8c4d-74d94d9be5a0,3930998233,71,Medellín,CC,mayor_30,propia,false,0,soltero,false,false,false,true,perro,carro,VIDA-01
451e4f62-693f-4c59-8a74-e851f069ec55,3885174444,22,Soacha,CC,2_2.5,familiar,true,2,union_libre,false,false,false,true,gato,carro,HOGAR-01
dd3dac97-ff3f-4713-974b-355cefea1871,,35,Bucaramanga,CC,2.5_3,familiar,false,0,viudo,true,false,false,true,perro,moto,PET-SEG-01
94d18e0f-8dc5-47f2-a1fc-e7e88a03ae82,natalia.florez90@outlook.com,62,Bogotá,PA,1.5_2,arrendada,false,0,viudo,false,false,false,false,,carro,EXEQ-01
98a79a5b-af3b-49b7-8be0-7b8a6d72862c,3219167710,51,Medellín,CC,4_6,arrendada,true,3,divorciado,false,false,false,false,,ninguno,APEXEQ-PAL-01
40cbe436-153c-46f5-a378-40c3e35b60fd,3579415521,43,Zipaquirá,CC,3_4,arrendada,false,0,union_libre,false,false,false,true,perro,bici,ARRENDA-01
6d37ca89-59da-45cd-bf50-368dbdfb8315,,31,Barranquilla,CC,6_8,propia,false,0,union_libre,true,false,false,true,perro,moto,HOGAR-01
b8bbd228-6939-4588-90fc-c58a1687afd3,3519566300,59,Bogotá,CC,mayor_30,propia,true,4,casado,false,false,false,false,,ninguno,HOGAR-01
bdf56e82-687c-4650-a78e-3845947c8b0d,sofia.suarez28@yahoo.com,56,Bogotá,CC,1_1.5,arrendada,true,3,viudo,false,false,false,false,,ninguno,BICI-01
0aa72e51-ee77-4107-a0fe-bafd84f75568,3499514370,65,Medellín,CC,1_1.5,propia,false,0,union_libre,false,false,false,true,perro,carro,ARRENDA-01
b495dcda-4278-4b59-aae5-bd5068a830a7,3943269834,37,Cali,CC,2_2.5,familiar,false,0,divorciado,true,false,false,true,perro,ninguno,ASMED-01
c077c640-9456-41ac-89d5-e85cec9e8fe2,camila.florez67@outlook.com,71,Bogotá,CE,1.5_2,arrendada,false,0,divorciado,true,false,false,true,otro,ninguno,DEUDOR-VIDA-01
c1916b6c-f797-44c9-9cb0-fa0b97b61cc1,3569512516,68,Medellín,CC,1.5_2,familiar,true,1,casado,false,false,false,true,gato,moto,HOGAR-01
945e9775-f007-4979-90cb-17d757e10aec,3737851393,75,Barranquilla,CC,1_1.5,propia,true,4,union_libre,true,false,false,true,gato,ninguno,HOGAR-01
f4d9353e-06c1-4aa2-aef2-7c46864ede2c,3963641226,37,Bogotá,CC,1_1.5,propia,false,0,union_libre,false,false,false,true,otro,bici,APEXEQ-PAL-01
aa02e8de-1545-4d9b-9b68-e5c054eed167,3174003910,65,Bogotá,CC,menor_smlv,familiar,false,0,casado,true,false,false,true,perro,bici,APEXEQ-PAL-01
c9423c00-9253-49da-8130-e77ecec7ee95,3433906279,61,Medellín,CC,mayor_30,familiar,true,3,viudo,true,false,false,false,,carro,EXEQ-01
20c5adb7-3c83-475f-b364-6fbf8ee9971e,santiago.vargas90@hotmail.com,62,Bucaramanga,CC,1_1.5,familiar,true,1,soltero,false,false,false,true,gato,carro,PET-PREP-01
16819875-95d5-4b96-9f38-2081ffa5dac6,3982803794,35,Medellín,CE,menor_smlv,propia,true,1,soltero,true,false,false,true,perro,bici,PET-SEG-01
7ffe646e-e508-43f5-b910-86dbd862f294,paula.castro70@yahoo.com,48,Bogotá,CC,2.5_3,arrendada,true,1,soltero,true,false,false,true,otro,bici,VIDA-01
3fbde8b5-951c-4b61-bd26-d94cd127a321,3734257540,32,Bogotá,CC,10_20,propia,false,0,soltero,false,false,false,true,perro,moto,BICI-01
343b94bb-522d-4782-9445-f6b343b9648b,3640788026,38,Medellín,CC,3_4,familiar,false,0,union_libre,true,false,false,false,,moto,ARRENDA-01
97509c5e-98e7-44f9-8e47-2478c3f46197,3028516225,55,Medellín,CC,2_2.5,familiar,false,0,divorciado,false,false,true,true,perro,moto,PET-SEG-01
8dd40d48-1e3a-4f8b-8e06-ef1914f79e0c,3921474984,53,Cali,CC,6_8,arrendada,false,0,soltero,false,false,false,true,perro,ninguno,VIDAAH-01
ce8b0849-6d44-4820-964c-f6dccf124b6a,3453444622,49,Cali,CC,mayor_30,familiar,false,0,casado,false,false,false,true,gato,carro,BICI-01
897b4270-1925-4bf1-9052-28f410003997,,43,Barranquilla,CC,1.5_2,propia,false,0,casado,false,false,false,true,perro,moto,DEUDOR-VIDA-01
e2829efc-f7d6-4e8c-9d6b-2f4e53e3e511,3359864840,62,Soacha,CC,mayor_30,familiar,true,2,divorciado,true,false,false,true,perro,carro,BICI-01
39d2f8a4-83a4-4cb6-a7b6-654521a1f079,,69,Medellín,PA,mayor_30,familiar,false,0,divorciado,false,false,false,true,perro,ninguno,HOGAR-01
72e10af1-b4da-47e1-b5c4-9fcb02eb04da,felipe.rojas79@hotmail.com,29,Cali,CC,10_20,familiar,true,1,divorciado,true,false,false,true,perro,moto,PET-PREP-01
7877d398-b230-4f1c-a450-80f9b0e6fac0,paula.suarez3@gmail.com,46,Manizales,CC,mayor_30,arrendada,false,0,casado,true,false,false,false,,bici,HOGAR-01
3c86082c-3adc-4408-9aba-e10be0f211bc,,26,Soacha,CC,1_1.5,propia,true,4,soltero,false,false,false,false,,bici,APEXEQ-PAL-01
c95184de-f052-44b2-94be-d8e976371f6c,3569619212,59,Medellín,CC,2.5_3,arrendada,false,0,viudo,false,false,false,false,,moto,ARRENDA-01
9b99fd0f-0cec-462c-ab35-f17e0c73bb01,3026012796,23,Medellín,CC,2.5_3,arrendada,true,2,union_libre,true,false,false,true,perro,ninguno,ARRENDA-01
858bed8a-a030-4df3-a515-37fde7e20f76,3041154880,67,Cali,CC,mayor_30,propia,false,0,soltero,false,false,false,true,perro,moto,HOGAR-01
73c559ec-69ed-497b-8d20-d23a28af9caf,3330851983,52,Soacha,CC,20_30,arrendada,false,0,soltero,false,false,false,false,,bici,PET-SEG-01
e11e65aa-79f6-4460-ab1c-4a3f562e04b1,3504647174,26,Bogotá,CC,4_6,arrendada,true,3,soltero,false,false,false,false,,bici,VIDA-01
4744bdc3-ba62-471f-810f-907fb39f424f,3339583326,41,Bogotá,CC,menor_smlv,familiar,false,0,soltero,true,false,false,false,,bici,HOGAR-01
e8cc07db-908d-42a2-8c6d-499e9da3ae82,3314913577,39,Bogotá,CC,10_20,familiar,false,0,union_libre,false,false,false,true,perro,carro,HOGAR-01
01781cbe-0db2-4ffd-bca9-708ad5f55c73,paula.martinez70@gmail.com,66,Mosquera,CC,6_8,familiar,true,3,casado,true,false,false,true,perro,carro,VIDA-01
21bfb107-7dd4-4ff1-b71b-c7a6a1b6847f,3490465144,34,Bucaramanga,CC,6_8,arrendada,true,3,divorciado,false,false,false,true,gato,carro,HOGAR-01
fcf84852-ee9e-4049-8838-a4355f5a1ca2,3713665722,37,Zipaquirá,CC,menor_smlv,propia,true,1,soltero,false,false,false,true,gato,ninguno,PET-ASIS-01
eb4aa9e8-e093-40fa-9ce7-425534c95eba,3437636628,75,Bogotá,CC,1_1.5,propia,false,0,divorciado,false,false,false,true,perro,carro,EXEQ-01
72442702-2972-449f-a89a-16992f0dd84e,3894152359,51,Bucaramanga,CC,1.5_2,familiar,false,0,soltero,false,false,false,true,perro,ninguno,APEXEQ-PAL-01
7b4b3db0-6c37-4798-ba20-bc1e11b8fb84,,37,Cali,CC,4_6,propia,true,3,union_libre,false,false,false,true,perro,ninguno,PET-SEG-01
60329d33-ed0c-4356-afa9-d102c1a998fb,3551266917,59,Bogotá,CC,8_10,propia,true,4,casado,false,false,false,true,perro,ninguno,BICI-01
298c3856-0473-4419-be89-27671b36c145,,52,Bogotá,CC,1_1.5,propia,false,0,union_libre,true,false,false,true,perro,moto,APEXEQ-PAL-01
a08d8204-0f53-4994-bf45-15c28fb147c6,diego.vargas21@yahoo.com,21,Bogotá,CC,4_6,arrendada,true,3,casado,false,false,false,true,perro,carro,DEUDOR-VIDA-01
99e46e06-0676-49d0-b482-1931bccb9602,3649644221,70,Medellín,CC,4_6,familiar,false,0,divorciado,false,false,false,true,otro,carro,PET-SEG-01
498819e8-9b6d-4946-9e53-669658021147,3644292775,19,Zipaquirá,CC,1.5_2,familiar,false,0,casado,true,false,false,true,perro,moto,MOTO-01
caa52fba-d9a4-4588-84c3-d79f5cd51f16,valentina.ortiz37@outlook.com,75,Cali,CC,1_1.5,familiar,true,4,divorciado,false,false,false,true,gato,ninguno,PET-PREP-01
6712b8e7-b26f-408f-b4d8-e1824b58633c,3314950136,37,Cali,CC,10_20,arrendada,false,0,soltero,false,false,false,true,perro,ninguno,PET-SEG-01
82b5cb54-a4e2-49c9-9b5e-c0dcb8910ad1,julian.jimenez64@outlook.com,51,Funza,CC,1.5_2,propia,true,3,union_libre,false,false,false,true,perro,moto,MOTO-01
682e031a-92b1-43d2-b8d1-d764ff7ce143,3187496033,39,Bucaramanga,CC,8_10,propia,false,0,divorciado,true,false,false,true,perro,carro,SALUD-01
8c8e8cea-1247-4658-a211-af423ededd25,,46,Mosquera,CE,1.5_2,arrendada,true,2,viudo,false,false,false,false,,ninguno,MOTO-01
fa29bee1-6096-4d3a-9b8e-9e772e43126c,valentina.perez39@outlook.com,27,Bogotá,CC,menor_smlv,arrendada,true,2,soltero,false,false,false,false,,ninguno,VIDAAH-01
821581eb-cc85-4530-a233-c5d20c7348ca,3122876704,35,Manizales,CC,2.5_3,arrendada,false,0,soltero,false,false,false,true,perro,carro,VIDA-01
f6385a76-5d17-4361-ae2b-f4870939eb1b,3143422070,34,Funza,CE,2.5_3,propia,true,1,soltero,false,false,false,true,perro,ninguno,BICI-01
df4a7669-6ca9-4b83-8f0f-09080d6a9921,3715603387,65,Medellín,CC,3_4,familiar,false,0,union_libre,false,false,false,false,,moto,DEUDOR-VIDA-01
485ef073-66f8-44e6-addb-d2ab70976825,,43,Bucaramanga,PA,2_2.5,propia,false,0,viudo,true,false,false,true,perro,moto,ASMULT-01
ec97f3a0-7e34-41e6-8e41-4c7da70925b2,ana.gomez45@outlook.com,37,Medellín,CC,10_20,familiar,true,1,union_libre,false,false,false,true,perro,moto,HOGAR-01
a4897414-9d8b-4eea-a814-6536f4cc8dff,,75,Mosquera,CC,2.5_3,propia,false,0,union_libre,true,false,false,true,perro,ninguno,MOTO-01
e3784097-b0ad-4e83-9744-eb78e53898dc,carlos.gomez22@gmail.com,34,Barranquilla,CC,1.5_2,propia,false,0,soltero,false,false,false,true,gato,carro,DEUDOR-VIDA-01
809bc158-5a6c-4ac5-95e1-fb4275c57096,daniela.gonzalez54@gmail.com,69,Medellín,CC,10_20,propia,false,0,divorciado,true,false,false,true,perro,moto,SALUD-01
8db2b8fe-1834-468a-9481-d7de2aa1f99d,3906235466,46,Bogotá,CC,6_8,familiar,false,0,casado,false,false,false,true,perro,ninguno,VIDAAH-01
b50a50c3-0182-4802-aeed-cc43255db35c,3683828266,46,Mosquera,CC,2_2.5,propia,false,0,soltero,false,false,false,true,otro,ninguno,MOTO-01
d95df298-c560-42f1-85d9-c42e59bfb7af,3453868451,29,Cali,CC,4_6,arrendada,false,0,casado,false,false,false,false,,ninguno,BICI-01
158d96bd-d8fc-429f-a0f5-eeb9584803d7,sebastian.florez49@yahoo.com,28,Bucaramanga,CC,20_30,propia,true,4,casado,true,false,false,true,perro,ninguno,SALUD-01
73d11d90-1d74-4094-863f-33303e3546b7,3910939111,72,Medellín,CC,menor_smlv,propia,false,0,divorciado,false,false,false,true,perro,ninguno,APEXEQ-PAL-01
a94ba5e1-724f-43e0-af96-6f45dfaebca1,3220893956,67,Bucaramanga,CC,menor_smlv,familiar,true,1,union_libre,true,false,false,false,,ninguno,SALUD-01
2091b486-4bc8-46c6-bae4-38897df71c99,,60,Medellín,CC,4_6,arrendada,true,1,union_libre,false,false,false,false,,moto,HOGAR-01
8e5de6d8-ea4f-4374-abc6-b860ac145174,3719000029,59,Medellín,CC,2_2.5,arrendada,true,1,divorciado,true,false,false,true,perro,moto,DEUDOR-VIDA-01
aad02091-59b8-4e7c-819d-ef78db719523,,67,Zipaquirá,CC,1_1.5,arrendada,true,1,viudo,false,false,false,true,perro,ninguno,MOTO-01
3af37e31-3b91-46af-aa0e-cffca4ba2bc3,andres.rojas87@hotmail.com,35,Cali,CC,3_4,propia,false,0,soltero,false,false,false,true,gato,ninguno,PET-PREP-01
708b7423-0522-4e04-8bec-beeda993c0d9,3479479293,72,Bogotá,CC,20_30,arrendada,true,1,divorciado,false,false,false,true,perro,carro,PET-SEG-01
8517d81a-d5b6-4132-82c7-fb9fd213d46f,diana.torres20@gmail.com,66,Medellín,CC,3_4,propia,true,1,soltero,false,false,false,true,otro,moto,DEUDOR-VIDA-01
178cb05f-99a2-4b10-98ef-e28ab85f17bf,3016492815,18,Bogotá,CC,3_4,arrendada,true,1,soltero,false,false,false,true,perro,moto,ARRENDA-01
170a6771-6a42-45a5-9a5a-82eab8b31f25,3861273421,22,Bucaramanga,CC,1_1.5,propia,true,1,casado,false,false,false,true,perro,moto,BICI-01
f0a64174-590a-40f0-8ca5-438c2404079b,juan.torres3@hotmail.com,35,Soacha,PA,1_1.5,arrendada,false,0,divorciado,false,false,false,true,gato,ninguno,APEXEQ-PAL-01
0ffe197f-5085-4876-b9ae-d2f314a17ede,3781789527,66,Medellín,CC,8_10,arrendada,true,1,casado,true,true,false,true,perro,ninguno,ASMED-01
84e843d2-0e5b-42b5-baf3-59ccc2fe1712,3664712434,64,Bogotá,CC,mayor_30,arrendada,false,0,viudo,true,false,false,true,perro,ninguno,HOGAR-01
b9ddc84e-c771-4b76-98b9-80d2b7876d2a,david.rojas69@gmail.com,56,Medellín,PA,menor_smlv,arrendada,true,1,divorciado,false,true,false,true,otro,carro,ARRENDA-01
5ea508f8-afb9-4435-a4ab-4f69dc28d1e3,3989926110,61,Manizales,CC,2.5_3,arrendada,false,0,divorciado,false,false,false,true,gato,carro,VIDA-01
cb51643c-f383-4542-a0cc-5b40f81b97fe,ana.vargas77@hotmail.com,68,Barranquilla,CE,6_8,propia,false,0,divorciado,true,false,false,true,gato,ninguno,EXEQ-01
684e93ee-20f0-4a39-ad01-16ed0bf3626c,3511893940,44,Medellín,CC,4_6,arrendada,false,0,union_libre,false,false,false,true,otro,ninguno,VIDAAH-01
445d087e-d217-4331-a7a7-d6a8719770b0,3711216636,39,Bogotá,CC,2_2.5,arrendada,true,3,viudo,false,false,false,true,perro,bici,ASMULT-01
3749dced-5008-4b4b-8e58-b6b91c925f6a,3085734698,74,Bogotá,CC,mayor_30,arrendada,false,0,divorciado,false,false,false,true,perro,bici,DEUDOR-VIDA-01
2ce897e9-e851-4a9f-bde0-14767bbc7dd8,3311959602,48,Funza,CC,2.5_3,familiar,true,2,union_libre,false,false,false,true,otro,carro,MOTO-01
716939b5-6627-4fad-b937-8be09aefc87e,3101702695,27,Mosquera,CC,2_2.5,familiar,false,0,viudo,true,false,false,true,perro,carro,MOTO-01
895c5957-2630-4928-ac9f-1e65ae058bf1,sebastian.martinez39@gmail.com,59,Barranquilla,CC,8_10,propia,false,0,soltero,false,false,false,true,gato,moto,DEUDOR-VIDA-01
3e2dc3da-6bc3-4367-8bb4-fcc74bf58bce,3386115111,63,Cali,PA,4_6,propia,false,0,divorciado,false,false,false,true,perro,moto,PET-SEG-01
72fb44dc-ba24-44ce-9c2e-11aeca0fd99b,laura.sanchez49@hotmail.com,46,Bogotá,CC,3_4,arrendada,false,0,divorciado,false,false,false,false,,moto,DEUDOR-VIDA-01
69e727ac-a1a1-45cc-b4cd-201631baa0fc,carolina.martinez77@hotmail.com,36,Cali,CC,2_2.5,propia,false,0,casado,true,false,false,true,perro,moto,SALUD-01
4224e3c7-e424-436c-a687-e3b4a6f2359e,3509310617,32,Bogotá,CC,3_4,familiar,true,3,viudo,false,false,false,true,otro,ninguno,HOGAR-01
b60d608e-3515-492c-91ed-20e09a18b496,andres.vargas90@gmail.com,27,Bogotá,CC,3_4,arrendada,false,0,divorciado,true,false,false,false,,moto,PET-ASIS-01
9688eb59-2138-4ac5-be03-660ad9fc6843,3130088238,72,Bucaramanga,CC,4_6,familiar,false,0,divorciado,false,false,false,true,perro,carro,DEUDOR-VIDA-01
1ed09418-dafd-4f53-989e-ace0810eb64e,3086665622,28,Bogotá,CE,1_1.5,familiar,false,0,divorciado,false,false,false,true,perro,moto,BICI-01
6e8183f3-cb7a-4f7d-a8a1-de6eb9f3b42d,jorge.rojas72@gmail.com,52,Bogotá,CC,6_8,arrendada,true,4,viudo,false,false,false,true,perro,ninguno,VIDAAH-01
c88cf115-fe97-4b26-9e18-52128f14be6c,david.lopez98@hotmail.com,58,Barranquilla,CC,2.5_3,familiar,true,1,soltero,false,false,false,true,otro,ninguno,DEUDOR-VIDA-01
668f6b44-12dc-49d7-b951-c1aa72c4c9ab,felipe.jimenez62@hotmail.com,33,Bogotá,CC,1_1.5,arrendada,false,0,soltero,true,false,false,false,,carro,BICI-01
7d06b43e-25e1-4117-9932-bde51f271ccb,3586684927,69,Medellín,CC,1.5_2,arrendada,true,3,union_libre,false,false,false,true,perro,bici,VIDA-01
2b197c8d-dc9f-4cdc-9615-8cc326291467,3155741251,29,Bogotá,PA,1_1.5,familiar,false,0,viudo,true,false,false,true,gato,ninguno,SALUD-01
4471cc51-54c1-4e16-92f5-890209ccc035,3650460262,69,Bogotá,CC,4_6,arrendada,false,0,divorciado,false,false,false,false,,moto,HOGAR-01
64a5ef9b-ae42-4292-9c14-4641c07f7b22,diana.rodriguez73@gmail.com,37,Bogotá,CC,menor_smlv,propia,false,0,divorciado,false,false,false,true,perro,carro,DEUDOR-VIDA-01
71b29201-9fd3-464d-b4d0-66a9686c0b36,diana.jimenez58@hotmail.com,28,Bogotá,PA,menor_smlv,propia,true,3,union_libre,true,false,false,true,perro,carro,VIDA-01
9e8f7296-9125-4fa7-9489-acad751a7cfd,3876054576,62,Bogotá,CC,3_4,familiar,true,3,divorciado,false,false,false,false,,ninguno,ASMULT-01
1f4834af-e66c-4970-afbe-e4f023cf6a9e,3360029845,59,Cali,CC,3_4,familiar,false,0,viudo,true,false,false,false,,ninguno,EXEQ-01
0dcd870f-b370-4c98-92fd-9d01a7e56a16,julian.torres74@hotmail.com,55,Bogotá,CC,1_1.5,propia,false,0,union_libre,false,true,false,true,perro,carro,APEXEQ-PAL-01
c51a2cae-0e67-46df-9341-a6a4748be4dc,3969838457,29,Zipaquirá,CC,2_2.5,familiar,false,0,soltero,false,false,false,true,gato,carro,ARRENDA-01
c9c607f7-dc5a-44be-84bd-5fe6535d2f18,3558617110,45,Bogotá,CC,10_20,arrendada,true,4,viudo,false,false,false,true,perro,ninguno,VIDA-01
fd7ab567-1fb0-435b-b461-b469b462a73f,paula.moreno16@hotmail.com,45,Bucaramanga,CC,2_2.5,familiar,true,2,casado,false,false,false,false,,ninguno,ARRENDA-01
dadbfa29-8243-4c43-9538-84e887835c1d,,18,Bogotá,CC,6_8,familiar,false,0,casado,false,false,false,true,perro,ninguno,VIDA-01
cbba4f55-9c2d-4287-a9da-da4c60a7d62d,3757030293,19,Bucaramanga,CC,3_4,propia,false,0,casado,false,true,false,true,perro,bici,ARRENDA-01
5e828262-2dc1-42a5-9eab-d336af59e049,3817108228,25,Bucaramanga,CE,10_20,arrendada,false,0,soltero,true,false,false,true,gato,moto,BICI-01
d8ebab8e-d32f-4817-80cc-c7c6821cf22e,,69,Barranquilla,CC,8_10,familiar,false,0,soltero,false,false,false,false,,bici,EXEQ-01
991904f2-bd22-4fe2-ad8d-edd6542df417,3976762135,42,Medellín,CC,6_8,arrendada,false,0,divorciado,false,false,false,true,otro,moto,VIDAAH-01
48b43d19-2a56-4136-a838-4c61c8cfdc2d,david.rojas70@yahoo.com,64,Zipaquirá,CC,menor_smlv,familiar,true,4,viudo,false,false,false,false,,ninguno,BICI-01
2485bdc1-25db-460d-9ff7-e304fd6bc7b7,3712666153,55,Bucaramanga,CC,menor_smlv,familiar,true,2,viudo,false,false,false,true,perro,moto,APEXEQ-PAL-01
3ce4bb30-ef67-4477-977d-c89de90976b3,3136490365,46,Bogotá,CE,1_1.5,arrendada,true,4,casado,false,false,false,true,perro,ninguno,DEUDOR-VIDA-01
8f3fa658-104c-4549-a53a-2f0907037206,david.perez97@outlook.com,45,Bogotá,CE,mayor_30,arrendada,true,4,viudo,false,false,false,false,,moto,HOGAR-01
3981a0da-78a8-4cfa-8b1e-7719128a79cf,diego.martinez65@hotmail.com,60,Bogotá,CC,8_10,arrendada,true,4,viudo,true,false,false,false,,ninguno,EXEQ-01
91f6a34a-c427-46de-9399-4185f482cd59,3665691070,58,Mosquera,CE,menor_smlv,familiar,false,0,divorciado,false,false,false,false,,carro,MOTO-01
cdad566a-e50b-4078-b7d1-a519f036c645,3874895571,33,Bogotá,CC,1_1.5,familiar,false,0,viudo,false,false,false,true,perro,ninguno,PET-PREP-01
7541043a-f026-4235-b4d3-b9b762f60d4b,luis.moreno94@hotmail.com,51,Bucaramanga,CC,3_4,arrendada,false,0,viudo,false,false,false,true,perro,bici,ARRENDA-01
553af1a5-2ba4-4bba-a076-b66d5dc52d66,3388515869,36,Barranquilla,CC,menor_smlv,familiar,false,0,union_libre,false,false,false,false,,ninguno,ARRENDA-01
4a22a622-a91d-41b5-9b6b-bb092d62eddb,,38,Bogotá,CC,mayor_30,familiar,false,0,casado,true,true,false,true,perro,ninguno,ASMED-01
04dba00f-9ea0-4a6b-8c56-b061c2f8cfaa,3816041379,73,Bogotá,CC,mayor_30,familiar,true,4,union_libre,false,false,false,false,,ninguno,VIDAAH-01
0e46ddcc-9ddd-4a90-b149-0c6f74215ac5,camila.sanchez92@hotmail.com,27,Zipaquirá,CC,3_4,familiar,false,0,union_libre,false,false,false,true,perro,ninguno,MOTO-01
0cf0e7a6-865d-42e4-94fd-81c51d291662,3743612514,28,Bogotá,CC,20_30,familiar,true,4,soltero,false,false,false,true,gato,ninguno,DEUDOR-VIDA-01
81c8b451-62be-478c-bd47-a599b35d744b,3111615280,55,Bogotá,CC,3_4,familiar,false,0,union_libre,false,false,false,false,,bici,ARRENDA-01
e35ebce6-81d1-4401-86d7-d5351617487c,3678734808,67,Cali,CC,3_4,propia,true,3,viudo,false,false,false,true,perro,moto,BICI-01
51a0e400-f75f-40bd-8bd6-ebcdfd38a841,3365003190,52,Bucaramanga,CE,3_4,arrendada,true,2,union_libre,false,false,false,false,,carro,PET-SEG-01
eee608cb-60c5-4490-b430-7a15c9e74086,3048866073,26,Bogotá,CC,mayor_30,propia,false,0,divorciado,false,false,false,true,otro,bici,BICI-01
7490fbf3-63f8-4dda-8b54-e50050eef5e5,paula.garcia59@gmail.com,74,Mosquera,CC,3_4,propia,false,0,soltero,true,true,false,true,perro,ninguno,MOTO-01
43e202bb-4535-4d51-b7e5-1d6dfbb194da,3183224023,56,Medellín,CC,3_4,arrendada,false,0,casado,false,false,false,true,perro,moto,ASMULT-01
1b2e7e14-2aba-427d-a4ad-e371564edaa3,laura.gonzalez58@gmail.com,67,Bogotá,CC,4_6,arrendada,false,0,divorciado,false,false,false,true,perro,bici,DEUDOR-VIDA-01
7221392c-3447-42b0-85f6-377afa127c5f,3744654482,25,Barranquilla,CE,1_1.5,arrendada,false,0,casado,false,false,false,false,,ninguno,APEXEQ-PAL-01
eb9fafd1-9ff4-45ac-a533-eb7b37805cef,carolina.gomez46@yahoo.com,69,Cali,CC,1_1.5,arrendada,false,0,soltero,true,false,false,false,,bici,ARRENDA-01
3ecec645-e04f-4cb6-8915-21fb3b20bfcf,3216218333,55,Medellín,CC,3_4,familiar,false,0,soltero,false,false,false,true,perro,moto,DEUDOR-VIDA-01
84300135-c382-4908-8d2d-7d9fb62829f0,3157981555,23,Bogotá,CC,8_10,arrendada,false,0,viudo,false,false,false,true,gato,carro,PET-PREP-01
03cd7e91-3e1a-40b1-8911-2aad798ad6a3,3187639540,19,Mosquera,CC,1.5_2,propia,false,0,soltero,false,false,false,true,gato,ninguno,SALUD-01
cc546c6a-5314-49fd-a279-96b722bae7cd,3825648586,37,Soacha,CC,3_4,arrendada,true,4,viudo,false,false,false,true,perro,ninguno,MOTO-01
512cd420-ab04-4634-8432-45202d443a03,3126630596,50,Medellín,CC,20_30,propia,true,2,viudo,true,false,false,false,,ninguno,HOGAR-01
e30af0f7-bce6-475e-bd45-6fbf67bbde1b,3885249919,74,Bogotá,CC,8_10,propia,true,3,soltero,false,false,false,true,perro,ninguno,HOGAR-01
c0dc3a91-f2b4-45c4-850b-d3d04b585f0a,ana.castro55@outlook.com,33,Bogotá,CC,2_2.5,propia,false,0,viudo,true,false,false,false,,ninguno,PET-SEG-01
9c2b5e47-045e-4770-b6d7-18a0c1267590,natalia.martinez94@outlook.com,66,Medellín,PA,10_20,propia,false,0,viudo,false,false,false,false,,bici,ASMED-01
bbb93d99-551b-4de1-83db-9664c2fc6e11,sebastian.sanchez10@hotmail.com,41,Medellín,CC,4_6,familiar,false,0,union_libre,false,false,false,false,,carro,HOGAR-01
4f96656d-58b6-4ce7-846f-88df1e825543,ana.florez9@gmail.com,52,Funza,CE,4_6,propia,true,3,soltero,true,false,false,false,,moto,PET-SEG-01
b5f62320-faa9-4271-aee9-df2c32dac76f,3033700894,62,Medellín,CC,20_30,propia,true,3,soltero,true,false,false,false,,carro,EXEQ-01
a4303019-d81a-4b36-94be-eb8b9737331b,3442467600,46,Bogotá,CC,4_6,propia,false,0,union_libre,false,false,false,true,gato,carro,VIDAAH-01
cc04133b-630a-4962-99d5-03936deef0b2,,60,Barranquilla,CC,4_6,familiar,false,0,viudo,false,false,false,true,perro,ninguno,EXEQ-01
280e58f1-d950-4013-88c2-4128aacbc055,,60,Bogotá,CC,20_30,arrendada,true,3,casado,false,false,false,true,perro,moto,PET-PREP-01
f0b4b699-c09a-465f-9f00-7c3af04929f4,,68,Cali,CC,1_1.5,arrendada,true,2,casado,false,false,false,false,,ninguno,APEXEQ-PAL-01
849f67b3-6baa-44e9-a43d-39138ede676f,3144270312,18,Soacha,CE,3_4,propia,true,3,divorciado,false,false,false,false,,carro,MOTO-01
34b95339-971b-453d-8255-192fe88a7ef9,3698568796,74,Bogotá,CC,mayor_30,arrendada,false,0,casado,false,false,false,false,,ninguno,HOGAR-01
62db57f6-8ee0-4069-bcf8-0b4ba0914ad4,diana.martinez90@outlook.com,45,Cali,CC,mayor_30,propia,true,1,casado,true,false,false,true,perro,ninguno,PET-SEG-01
d7bae2af-1b94-4493-9c45-ff125e679a50,3990821335,43,Bucaramanga,CC,2.5_3,familiar,true,2,soltero,false,false,false,false,,carro,DEUDOR-VIDA-01
3ca72ec9-8aba-417e-bfe7-0d7790205609,3716402261,63,Bogotá,CC,20_30,familiar,false,0,casado,false,false,false,true,perro,moto,HOGAR-01
2fc7c66f-3b72-49d0-8d5e-286ccd298716,valentina.castro80@outlook.com,57,Medellín,CC,menor_smlv,propia,false,0,viudo,false,false,false,true,perro,ninguno,ARRENDA-01
d31f764b-9cf2-46b0-82d3-ca977b34d667,luis.torres41@outlook.com,68,Bogotá,CC,1.5_2,arrendada,true,4,viudo,false,false,false,false,,ninguno,APEXEQ-PAL-01
ff647427-2369-4218-8377-499e2bdea8cb,3875311980,34,Barranquilla,CC,1.5_2,arrendada,false,0,union_libre,true,false,false,false,,carro,ASMED-01
db436b7d-063f-4f57-8f02-afd7b681e98b,3100898761,18,Barranquilla,CC,8_10,propia,false,0,union_libre,true,false,false,true,gato,ninguno,SALUD-01
b77be3cb-85ec-4d85-9284-766e3876aabe,3410311155,49,Bogotá,CC,20_30,arrendada,false,0,soltero,true,false,false,true,otro,ninguno,PET-PREP-01
748cde33-e56d-4ae9-89ad-1f279692568d,3545747706,64,Medellín,CC,8_10,familiar,false,0,union_libre,false,false,false,true,gato,ninguno,EXEQ-01
407dd0c1-1ac7-4b58-9332-b3e58c2be8ed,3072791033,73,Bogotá,CC,mayor_30,familiar,false,0,casado,false,false,false,false,,ninguno,EXEQ-01
d16dedb7-191f-4c6b-b272-681b9c29dac8,3851206126,50,Bogotá,CC,6_8,propia,false,0,divorciado,true,false,false,true,perro,ninguno,PET-SEG-01
7f060b82-1c9b-4d2c-a8eb-388753f0cd2c,3890623272,32,Bogotá,CC,menor_smlv,arrendada,false,0,soltero,false,false,false,true,perro,ninguno,APEXEQ-PAL-01
5c989f2e-c9c3-4fb6-b9e5-22bb274ed853,laura.castro89@yahoo.com,66,Barranquilla,CC,1_1.5,propia,false,0,divorciado,true,false,false,true,perro,carro,SALUD-01
e0a8daea-832d-47cd-b276-f596b93412a2,3951115787,32,Barranquilla,CC,2_2.5,familiar,true,1,casado,false,false,false,true,perro,ninguno,BICI-01
af25b845-4105-473d-b659-a7ce86f549a3,3637072185,20,Barranquilla,CC,8_10,propia,false,0,casado,false,false,false,true,perro,ninguno,HOGAR-01
7c1b8568-502b-4a7d-8895-52497841fb28,3873521998,61,Soacha,CC,4_6,familiar,false,0,union_libre,false,false,false,true,otro,moto,EXEQ-01
d5e5628b-4773-4351-af46-38825f6368ff,3905425317,58,Bogotá,CC,menor_smlv,propia,false,0,divorciado,false,false,false,true,gato,moto,VIDA-01
621c96e1-9ae5-47d5-b778-2ed409d87d2e,3426677301,34,Medellín,CC,1.5_2,propia,true,3,casado,false,false,false,false,,carro,HOGAR-01
0b0f5213-c472-4560-b93c-713efb3d451e,paula.torres14@hotmail.com,37,Bogotá,CC,menor_smlv,propia,false,0,divorciado,false,false,false,true,perro,ninguno,ARRENDA-01
c2f8519a-fc7a-4255-a194-4ee1c2acb1c2,santiago.gonzalez19@outlook.com,63,Bogotá,CC,1.5_2,familiar,true,4,casado,false,false,false,true,perro,carro,ARRENDA-01
1bcbffc7-4c86-4698-9195-063e5a2c2a20,3220624807,28,Medellín,CC,6_8,arrendada,true,2,union_libre,false,false,false,true,gato,bici,ASMULT-01
c4965eb1-0067-46c3-baec-b213c3be28e8,3561627141,30,Soacha,CC,mayor_30,propia,false,0,divorciado,false,false,false,false,,moto,HOGAR-01
2a9589be-5263-4889-8231-4a8dc64e0776,3759655987,45,Bogotá,CC,20_30,familiar,true,3,soltero,false,false,true,true,gato,moto,SALUD-01
5e28a3f8-8491-4927-aee3-7cce8c2416ae,santiago.gonzalez63@yahoo.com,54,Medellín,CC,1.5_2,propia,false,0,divorciado,false,false,false,true,gato,bici,ARRENDA-01
e5dc87e5-d836-4471-9a98-4beb583e0834,valentina.sanchez95@hotmail.com,51,Bogotá,CC,1.5_2,propia,true,2,casado,false,false,false,true,perro,carro,PET-SEG-01
a536e3f0-7e6a-457f-a069-8e0023da4245,3699784200,59,Soacha,CC,2.5_3,arrendada,true,1,union_libre,false,false,false,true,perro,carro,DEUDOR-VIDA-01
3f01510f-b0c7-4578-b7b7-d37b1d28eef7,3445099986,39,Bogotá,CC,4_6,arrendada,true,3,casado,false,false,false,true,perro,ninguno,VIDAAH-01
158104a2-e378-40d2-bb34-c406357be43b,3576627028,55,Bogotá,CC,3_4,propia,true,4,soltero,false,false,false,false,,ninguno,ARRENDA-01
c1573313-e343-47dc-a680-a3c47bf72cc0,3867463000,50,Cali,CC,4_6,familiar,false,0,union_libre,false,false,false,false,,ninguno,VIDAAH-01
654a4c10-0be1-4388-9aae-77f123cb5b28,carolina.rojas83@yahoo.com,42,Cali,CC,4_6,familiar,true,1,soltero,false,false,false,true,perro,carro,APEXEQ-PAL-01
50168239-0d44-429c-9d5e-60155f7f1526,3770510473,45,Manizales,CC,4_6,familiar,true,1,casado,false,false,false,false,,moto,VIDAAH-01
d520f287-c329-4864-8529-70b33e6197d4,3684850701,33,Barranquilla,CC,mayor_30,arrendada,true,2,casado,true,false,false,false,,ninguno,BICI-01
7ed048e2-5353-42b5-b459-c3f9b632beea,3039822180,61,Soacha,CC,2_2.5,familiar,false,0,divorciado,true,false,false,true,perro,ninguno,SALUD-01
8741a2f6-2954-47ed-b224-0a7552954edb,sofia.ramirez42@yahoo.com,74,Bogotá,CC,1.5_2,propia,false,0,viudo,false,false,false,true,gato,carro,PET-ASIS-01
6329431c-a82d-43f8-b337-576b1a7345bc,3211925058,70,Barranquilla,CC,20_30,propia,false,0,divorciado,false,false,false,false,,moto,ARRENDA-01
1b7d6d60-a36f-43e3-820e-a830ba1e59d3,3492054894,23,Bogotá,CC,2.5_3,arrendada,false,0,casado,false,false,true,true,otro,ninguno,BICI-01
ed0f6e75-a152-4626-88c5-01323ee9d451,3115969554,75,Bogotá,CC,10_20,familiar,true,1,divorciado,false,false,false,true,perro,ninguno,VIDAAH-01
e45c5a3a-34d5-45d5-991f-309468e69106,3320967309,71,Bogotá,CC,20_30,arrendada,false,0,soltero,false,false,false,false,,carro,HOGAR-01
913a0941-788c-434c-97a7-caf4ecd1a6a7,sofia.gonzalez53@hotmail.com,74,Bogotá,CC,menor_smlv,familiar,false,0,union_libre,false,false,false,true,gato,carro,DEUDOR-VIDA-01
f2aea045-158c-4ba0-94ec-8547db0b54d0,diana.gonzalez88@gmail.com,46,Bogotá,CC,3_4,familiar,false,0,union_libre,false,false,false,false,,carro,DEUDOR-VIDA-01
7ae0c477-ec93-45ce-9dd6-b4081231238c,3656026741,72,Cali,CC,1.5_2,propia,false,0,divorciado,true,false,false,true,gato,ninguno,PET-SEG-01
94a4aec7-4d39-4539-95d4-8698e19f4a49,3690910231,54,Medellín,CC,2_2.5,arrendada,false,0,viudo,false,false,false,false,,moto,MOTO-01
094fbd25-51fc-45a6-afc2-6d2346cdf30e,sofia.ortiz21@gmail.com,75,Bogotá,CC,10_20,propia,false,0,divorciado,true,false,false,true,gato,moto,PET-PREP-01
fad6917a-2a22-49dc-a2ca-64aa06cef790,3615542771,59,Medellín,CC,2.5_3,propia,true,1,union_libre,false,false,false,true,gato,ninguno,BICI-01
6aa82972-af55-44cf-b4dd-61e21a9a56d2,3571596699,23,Bogotá,CE,2.5_3,familiar,false,0,viudo,true,false,false,true,perro,moto,EXEQ-01
091dcf83-7219-4f02-b4d4-831613359498,3059844514,23,Bucaramanga,CC,2_2.5,arrendada,false,0,divorciado,false,false,false,true,gato,moto,BICI-01
bb6db451-dc8d-4330-9786-e102b625ef99,camila.ramirez33@gmail.com,47,Barranquilla,CC,20_30,familiar,false,0,casado,false,false,false,true,otro,carro,PET-PREP-01
037674d3-5062-4354-8807-0b59564fce81,3199885522,56,Bogotá,CC,1.5_2,familiar,true,4,divorciado,false,false,false,false,,carro,PET-SEG-01
227cb975-c6c5-4121-80a7-8c300e1d8e88,felipe.garcia48@yahoo.com,22,Funza,CC,3_4,propia,false,0,union_libre,false,false,false,true,perro,carro,BICI-01
3bc5b3b7-46b4-4ffb-94b6-b0d213ed3771,sofia.gonzalez77@gmail.com,44,Bucaramanga,CC,4_6,arrendada,false,0,union_libre,true,false,false,true,gato,ninguno,VIDAAH-01
347ac208-c725-411f-bc34-c8b62a63be63,,48,Manizales,CC,20_30,familiar,false,0,divorciado,false,false,false,true,otro,moto,VIDA-01
e6e38883-9d7e-45e0-81ea-4b618bd7a051,3070569510,71,Soacha,CC,1.5_2,propia,true,4,soltero,false,false,false,true,perro,carro,MOTO-01
f4b10c38-4fd6-47fb-9ead-fbf5ec63c7f2,,39,Bogotá,CC,4_6,propia,true,2,divorciado,false,false,false,true,otro,moto,DEUDOR-VIDA-01
47b139d5-8e66-4c87-bc4c-af43ab7b54c0,3817989033,20,Bogotá,CC,2_2.5,familiar,false,0,casado,false,false,false,false,,carro,PET-SEG-01
a28a3007-5f00-428d-aa95-c4b18336687e,sofia.garcia64@outlook.com,43,Zipaquirá,CC,menor_smlv,familiar,true,4,divorciado,true,false,false,true,gato,ninguno,MOTO-01
692c0c0e-5f65-4dcc-b820-090d17ccbb66,carlos.lopez60@outlook.com,69,Medellín,CC,20_30,familiar,true,4,divorciado,false,false,false,true,gato,carro,HOGAR-01
9487038e-1f8e-4263-bcce-bc14f3ce0c8c,3098358416,50,Bogotá,CC,1.5_2,familiar,true,3,viudo,false,false,false,true,gato,ninguno,ARRENDA-01
3e792905-8508-4a12-84ee-3da84e88b81b,,46,Cali,CC,6_8,propia,false,0,divorciado,true,false,false,true,perro,carro,HOGAR-01
65b3c387-4579-4ea3-b0e6-ca1187ded2fc,3483958947,47,Soacha,CC,10_20,arrendada,false,0,casado,true,false,false,true,otro,moto,HOGAR-01
4e93526a-f049-4f67-a10a-c494b701abf2,3944164933,24,Medellín,CC,menor_smlv,propia,false,0,union_libre,false,false,false,false,,ninguno,ASMULT-01
5f3a4b3a-7e88-4b03-948a-c9008cfd351d,3415203147,41,Soacha,CC,2.5_3,familiar,false,0,viudo,false,false,false,true,otro,moto,ARRENDA-01
763b2131-d7c9-4822-951c-0f5e60732a05,santiago.florez44@gmail.com,74,Bogotá,CC,2_2.5,propia,true,2,casado,false,false,false,true,perro,carro,DEUDOR-VIDA-01
863d5cb1-429e-4878-9071-1140c484ef3f,3307585693,71,Mosquera,CC,mayor_30,familiar,true,4,casado,false,false,false,true,perro,bici,PET-ASIS-01
56db252b-e3a4-4831-84a1-b1ad673de80c,andres.florez68@gmail.com,44,Barranquilla,CC,1.5_2,familiar,true,4,union_libre,false,false,false,true,perro,carro,MOTO-01
0db05b0b-7052-4923-9b29-9d3277d74c64,carlos.castro10@gmail.com,40,Barranquilla,CC,4_6,familiar,true,1,casado,false,false,false,true,perro,carro,HOGAR-01
fabc6f9b-fb5b-46d3-82d1-0d98e43a36a6,sofia.jimenez45@outlook.com,71,Bucaramanga,CE,20_30,propia,false,0,casado,false,false,false,true,perro,carro,PET-SEG-01
0756dc4e-aa97-43b5-9f78-44c5891a3d1e,jorge.gonzalez18@yahoo.com,39,Bucaramanga,CC,4_6,familiar,false,0,casado,true,false,false,true,gato,ninguno,VIDAAH-01
a635bfe8-56d5-443b-b1fa-4ce826f45ae7,sebastian.garcia4@outlook.com,48,Bogotá,CC,1.5_2,arrendada,true,4,soltero,true,false,false,true,perro,ninguno,ASMULT-01
e5476c82-3a94-4838-a041-a8b77509b3f1,3480298908,52,Bogotá,CC,6_8,familiar,false,0,soltero,false,false,false,true,perro,carro,HOGAR-01
22405ffa-9e28-46a1-95f5-6581ee462e50,3699041379,48,Zipaquirá,CC,1_1.5,propia,true,2,divorciado,false,false,false,false,,carro,APEXEQ-PAL-01
4ecf9fbd-4519-4faf-a3df-080f38882fec,3549114065,59,Medellín,CE,2_2.5,arrendada,false,0,divorciado,false,false,false,true,gato,carro,ARRENDA-01
92aae8a2-fe93-4032-b26c-2997193637b2,3391729940,31,Bogotá,CC,1_1.5,familiar,true,3,viudo,false,false,false,false,,ninguno,APEXEQ-PAL-01
a170fe0a-62b5-4ccd-a783-c8bb5ea6417e,3732772648,59,Zipaquirá,CC,20_30,familiar,false,0,casado,false,false,false,false,,moto,HOGAR-01
2090cfd9-2f53-4284-bc93-2e3a62547dac,3244771740,44,Bucaramanga,CC,menor_smlv,familiar,false,0,divorciado,false,false,false,true,perro,moto,APEXEQ-PAL-01
ca5f47b7-68a3-4387-aa3a-8545fcfcc78a,daniela.garcia46@hotmail.com,41,Medellín,CC,4_6,familiar,false,0,union_libre,false,false,false,true,perro,moto,DEUDOR-VIDA-01
635a13e0-2708-4bf3-9dd5-adde60a2af6b,3765047188,30,Bogotá,CC,1.5_2,propia,true,3,union_libre,true,false,false,true,perro,moto,ASMULT-01
d09e2ecd-bd48-4ae8-9989-4cbb041c8a75,3722693485,35,Cali,CC,2.5_3,propia,true,2,viudo,true,false,false,true,otro,ninguno,ARRENDA-01
3ee295c8-4c19-4396-b9fc-c9de7a30d2c6,sofia.sanchez27@gmail.com,44,Medellín,CC,1_1.5,arrendada,true,4,divorciado,false,false,false,true,perro,moto,APEXEQ-PAL-01
a92dca03-9e46-4a3c-b518-b4529fa16ff1,3298299316,58,Barranquilla,CC,20_30,propia,false,0,soltero,true,false,false,true,perro,ninguno,HOGAR-01
f7a3f9d2-8da1-4964-bc90-2bac1abc1530,3376599162,34,Medellín,CC,6_8,propia,true,1,union_libre,true,false,false,true,perro,carro,SALUD-01
5850ace4-7e56-4f21-bbaa-ab0b9f662274,,30,Medellín,CC,menor_smlv,propia,true,4,casado,false,false,false,true,perro,ninguno,ARRENDA-01
4328eced-7ed1-4735-86c1-147619207d70,3173098181,63,Medellín,CC,mayor_30,familiar,false,0,casado,false,false,false,true,otro,ninguno,HOGAR-01
1415a8ce-8499-4c8c-badd-d88494d28093,daniela.rojas31@hotmail.com,57,Bogotá,CC,4_6,arrendada,false,0,divorciado,false,false,false,true,perro,bici,HOGAR-01
ad276114-d067-4275-80a0-20624da3e085,natalia.sanchez42@hotmail.com,66,Mosquera,CE,2_2.5,familiar,false,0,divorciado,false,false,false,true,perro,ninguno,MOTO-01
c41bf88a-48bd-4e50-b573-d4cf13dbfe2a,,57,Bogotá,CC,6_8,propia,false,0,casado,true,false,false,true,otro,ninguno,VIDA-01
76be0145-09a0-4124-ace0-5e6fc4151ee6,3544606889,39,Soacha,CC,8_10,familiar,false,0,viudo,false,false,false,true,otro,bici,PET-SEG-01
ee630067-6b99-42e7-b2ea-85a8e148fa31,3170420473,71,Medellín,CC,1_1.5,familiar,false,0,divorciado,false,false,false,true,perro,bici,APEXEQ-PAL-01
b9a52cb7-ce23-4bc5-baf9-97ac6e1e4afa,3381803648,41,Bogotá,CC,menor_smlv,propia,false,0,soltero,false,false,false,false,,bici,ASMULT-01
be8e719a-79e2-4b9b-9264-3696de15e48d,3367705297,55,Soacha,CC,2.5_3,arrendada,true,2,viudo,false,false,false,false,,moto,MOTO-01
bf67ba60-f157-4e51-94d5-8d9bc7774530,natalia.castro78@hotmail.com,48,Medellín,CC,1.5_2,arrendada,false,0,soltero,false,false,false,true,perro,ninguno,BICI-01
497ca962-9772-4751-afd8-109831ca32bc,3660534281,42,Mosquera,CC,1.5_2,arrendada,true,1,divorciado,true,false,false,true,perro,bici,MOTO-01
caf75aca-2550-458d-b7cf-871a8a816fdc,3856842122,50,Barranquilla,CE,10_20,familiar,true,3,casado,false,false,false,false,,ninguno,BICI-01
0330c20d-2ad0-4967-9517-6204a07986f3,juan.vargas12@hotmail.com,32,Barranquilla,CC,1.5_2,propia,false,0,viudo,false,false,true,true,gato,ninguno,PET-SEG-01
93f14bb1-2e93-4ba7-a236-b4566903d274,camila.rojas75@gmail.com,64,Bogotá,CC,menor_smlv,familiar,false,0,casado,true,false,false,false,,ninguno,ASMED-01
dba087bf-aee1-43be-994f-4f45978dbd28,3899002772,32,Bogotá,CC,1_1.5,propia,false,0,viudo,false,false,false,true,perro,carro,BICI-01
84f9df07-f588-4c60-af9a-8cf1ef7c4f6b,natalia.suarez91@yahoo.com,43,Mosquera,CC,2_2.5,arrendada,false,0,soltero,false,false,false,false,,ninguno,MOTO-01
f32c15c8-d55a-4573-a197-2428102ce263,3201581130,75,Manizales,CC,8_10,familiar,false,0,casado,false,false,false,false,,moto,BICI-01
38e37ed8-d987-40ef-aa8f-f8e47096f96f,3213290162,32,Medellín,CC,2.5_3,arrendada,false,0,viudo,false,false,false,true,gato,ninguno,BICI-01
66aba01c-81ef-450d-ae05-5e9913d8d03c,camila.florez20@gmail.com,43,Bogotá,CC,4_6,arrendada,true,2,divorciado,true,false,false,true,perro,ninguno,PET-PREP-01
212431eb-a336-4bc2-9307-956d5c4cc22d,jorge.moreno7@outlook.com,25,Bogotá,CC,1.5_2,propia,false,0,casado,false,false,false,true,perro,moto,BICI-01
02f9e858-983a-456d-9afe-5e6becfe390d,3090144734,19,Bogotá,CC,20_30,arrendada,true,2,casado,true,false,false,true,perro,carro,ASMED-01
9bd65bf3-cb62-4236-9ecb-1c7817ed9056,diego.jimenez56@outlook.com,75,Mosquera,CC,menor_smlv,arrendada,true,4,casado,false,false,false,false,,carro,MOTO-01
786747d9-4dab-4805-b040-38fa33ce0bd3,3104652740,64,Bogotá,CC,2.5_3,arrendada,false,0,divorciado,false,false,false,false,,ninguno,VIDA-01
73c71465-d2fa-4e6e-9ff5-215677fb02d0,3739385258,18,Mosquera,CC,1.5_2,propia,false,0,soltero,true,false,false,true,perro,moto,MOTO-01
a36c81e5-2500-4d4f-b469-9d3392898d98,3927282709,20,Bogotá,CC,8_10,propia,false,0,union_libre,false,false,false,true,perro,carro,PET-ASIS-01
ebc1f111-cb0e-4de4-94d5-b23262f597f8,,27,Bogotá,CC,2_2.5,familiar,true,2,viudo,false,false,false,true,perro,carro,ASMULT-01
d021b6b1-d6d5-4a9f-ad66-b2ec38634446,,66,Funza,CC,3_4,propia,false,0,viudo,false,false,false,true,perro,ninguno,MOTO-01
dc6fbf3e-80be-47cf-ac03-110299cabcac,julian.sanchez45@hotmail.com,70,Medellín,CC,1.5_2,familiar,false,0,soltero,false,false,false,true,gato,carro,VIDA-01
84982df0-2e37-4d62-9efc-23b95184b994,ana.gomez61@outlook.com,48,Medellín,CC,4_6,arrendada,false,0,casado,false,false,false,true,perro,ninguno,VIDAAH-01
1e080e7f-f910-4273-a670-13336e3bf983,3245886417,59,Bogotá,CC,1.5_2,propia,true,4,viudo,false,false,false,false,,moto,DEUDOR-VIDA-01
fa2d0798-2602-4bc5-89b1-17e7a2168fb6,jorge.ortiz38@hotmail.com,30,Bogotá,CC,2.5_3,propia,true,1,divorciado,false,false,false,true,otro,ninguno,ASMULT-01
6e5c0b72-a9d9-4521-bd70-ec5d1ddf3560,,54,Funza,CC,2.5_3,arrendada,false,0,casado,false,false,false,true,perro,ninguno,MOTO-01
7f581c8f-2fd5-4585-9e63-568c167ba10d,3712102423,36,Bogotá,PA,2.5_3,arrendada,true,4,casado,false,false,false,false,,moto,DEUDOR-VIDA-01
42e7c365-bfde-443e-b7cf-f87f4521f5c3,3535090435,65,Zipaquirá,CC,1_1.5,familiar,false,0,union_libre,true,false,false,true,perro,ninguno,PET-SEG-01
1194ccc5-b5ea-4b99-bc90-f08b83cd6b31,jorge.florez27@yahoo.com,51,Medellín,CC,mayor_30,familiar,false,0,union_libre,true,false,true,true,perro,moto,ASMED-01
9c53a10c-eafa-4417-8bf1-2bf54f3f8a36,3983633209,36,Funza,CC,8_10,familiar,true,1,divorciado,false,false,false,true,perro,bici,PET-ASIS-01
d9ba1a20-44f8-4d1c-a9d6-ea236bc48a74,andres.rojas51@hotmail.com,50,Medellín,CC,1_1.5,propia,false,0,casado,false,false,false,true,perro,bici,APEXEQ-PAL-01
7881bc32-5334-4e9c-b3f4-63112b50e3c4,3465186515,24,Manizales,CC,1_1.5,propia,true,1,union_libre,false,false,false,false,,carro,BICI-01
36998983-66a8-4a08-b5f5-96ca0dc00d3d,3714243880,68,Bogotá,CC,1_1.5,propia,true,4,casado,false,false,false,false,,carro,HOGAR-01
48ae56db-b754-4d26-99c7-9028adb26d0d,3684602235,44,Mosquera,CC,1.5_2,arrendada,false,0,casado,false,false,false,true,perro,carro,MOTO-01
69f9a850-9d3b-49fc-b987-3ff58c1d260c,3460510019,63,Mosquera,CE,10_20,arrendada,true,1,soltero,false,false,false,true,perro,carro,VIDA-01
74b3dc80-4821-4f6f-b2a6-3397226bc20c,,18,Soacha,CC,3_4,propia,false,0,divorciado,true,false,false,false,,ninguno,MOTO-01
65e1a2d4-b60e-4457-b1b6-69dea70530fd,3746120047,33,Bogotá,CC,1_1.5,propia,false,0,viudo,true,false,false,true,perro,ninguno,BICI-01
90e2b55e-b977-4a7e-9af2-7a4b5d12a5eb,jorge.castro4@gmail.com,69,Bogotá,CC,3_4,arrendada,true,3,union_libre,true,false,false,false,,carro,ARRENDA-01
0bcc8c2d-a6c6-48c4-89ee-c3262c02f8eb,juan.ortiz34@yahoo.com,37,Medellín,CC,20_30,propia,false,0,casado,false,false,false,true,perro,ninguno,HOGAR-01
5cc365f1-e53d-4e9f-8871-b376858de6b8,ana.sanchez18@yahoo.com,66,Bucaramanga,CC,4_6,arrendada,true,1,casado,false,false,false,true,perro,moto,PET-ASIS-01
4592104d-067b-4385-8f5a-03053b41e417,3390819704,46,Soacha,CC,4_6,arrendada,false,0,viudo,false,false,false,true,perro,carro,DEUDOR-VIDA-01
2e16e09e-e17c-4512-96f7-77d710e544f7,diego.rojas82@outlook.com,32,Bogotá,CC,1_1.5,arrendada,true,3,viudo,false,false,false,true,otro,ninguno,ASMULT-01
2574ff2c-9cea-4bcb-8513-e9ccb9c56c05,camila.torres95@gmail.com,62,Bogotá,CE,1.5_2,familiar,true,2,divorciado,true,false,false,false,,moto,ASMED-01
975ff004-411e-4c92-92c7-a4d50bb67f21,3656219295,69,Bucaramanga,CC,10_20,propia,true,3,union_libre,true,false,false,true,otro,ninguno,EXEQ-01
04376468-d7f9-49f2-9666-a1fd88faf80e,,61,Bogotá,CC,3_4,propia,false,0,casado,true,false,false,true,perro,ninguno,EXEQ-01
886962ca-ba35-41ba-a938-a9f126405772,3321819600,33,Bogotá,CE,2_2.5,propia,false,0,viudo,false,false,false,true,gato,bici,BICI-01
04f22827-eb16-4afb-85b3-fbbc8d31779f,,53,Medellín,CC,10_20,propia,true,4,casado,false,false,false,true,perro,ninguno,EXEQ-01
a228f992-5a87-4def-9d54-a02a4b58e336,3580875634,65,Barranquilla,CC,6_8,familiar,false,0,soltero,false,false,false,true,gato,moto,HOGAR-01
eba80197-9be1-4dc7-bbec-1693c9f2d46b,3781050898,62,Medellín,CC,20_30,familiar,false,0,union_libre,false,false,false,true,perro,ninguno,DEUDOR-VIDA-01
ac88964b-5429-4083-a35f-24048f7584ce,andres.perez25@yahoo.com,31,Barranquilla,PA,2.5_3,arrendada,true,4,soltero,false,false,false,true,gato,ninguno,HOGAR-01
c660671c-dda7-422b-b33b-99635c92476e,3562943391,44,Cali,CC,4_6,arrendada,false,0,divorciado,false,false,false,false,,ninguno,HOGAR-01
5b491127-7f89-4f17-a2ea-472aa8ac2755,3271693859,74,Zipaquirá,CC,1.5_2,arrendada,false,0,divorciado,false,false,false,true,perro,carro,MOTO-01
231381d6-07c0-4d3a-8a1d-080eb5407c72,diana.suarez20@outlook.com,60,Barranquilla,CC,menor_smlv,arrendada,true,4,union_libre,true,false,false,true,perro,ninguno,APEXEQ-PAL-01
de0222d8-96a3-4f0a-a6c9-89677dabe049,valentina.florez20@gmail.com,66,Zipaquirá,PA,10_20,arrendada,false,0,divorciado,true,false,false,true,perro,bici,VIDA-01
0f1dbb87-3ee7-4cf1-b438-d6de1b03c087,3124955289,61,Soacha,CC,8_10,familiar,false,0,soltero,true,false,true,true,perro,moto,EXEQ-01
32117b17-e26d-42cc-9495-cbb3b0ed01ca,,50,Bucaramanga,CC,4_6,arrendada,true,3,viudo,false,false,false,true,gato,ninguno,VIDAAH-01
63547b08-d431-4bf0-9df4-3da519953b6c,3262144537,24,Funza,CC,2.5_3,familiar,false,0,soltero,false,false,false,true,perro,ninguno,MOTO-01
cc4fa54e-19b5-486a-9cb8-f05c2db7552b,andres.vargas77@yahoo.com,31,Bogotá,CC,1_1.5,propia,false,0,divorciado,false,false,false,true,gato,carro,APEXEQ-PAL-01
212ce759-0f77-4fca-aa6e-e083c8695b13,,42,Bucaramanga,CC,4_6,propia,false,0,divorciado,false,false,false,true,perro,carro,VIDAAH-01
a62e9a31-e1f7-46fb-8a88-b97ace76e429,andres.rodriguez78@yahoo.com,65,Medellín,CC,2_2.5,arrendada,false,0,viudo,false,false,false,true,perro,ninguno,EXEQ-01
59e727c0-0865-40a7-a033-89c7865f76c0,3075674537,64,Barranquilla,CC,6_8,propia,true,4,union_libre,false,false,false,true,otro,moto,PET-SEG-01
238dda85-a8a6-4d36-807f-baa30b1e95e4,andres.florez1@hotmail.com,72,Medellín,CC,3_4,propia,true,2,divorciado,true,false,false,false,,ninguno,ARRENDA-01
43b61835-a313-4f13-8846-235ce76943b2,3149764236,57,Bogotá,CC,1_1.5,arrendada,true,1,casado,false,false,false,true,perro,moto,VIDA-01
fe786f47-da86-4b8f-a026-dd40845bd192,carolina.torres80@gmail.com,72,Medellín,CC,10_20,arrendada,false,0,viudo,false,false,false,false,,ninguno,VIDA-01
f148e26e-5be7-4f2f-a942-c5843c4500dd,3611892605,39,Mosquera,CE,2.5_3,familiar,true,3,divorciado,false,false,false,true,perro,bici,ARRENDA-01
a93bbb00-09c0-40ec-80f2-0feeabec2d76,,46,Medellín,CC,1_1.5,familiar,true,1,divorciado,false,false,false,false,,bici,ASMULT-01
9f1ede59-cbe6-4369-a872-41c9aaf07210,laura.sanchez27@hotmail.com,46,Cali,CC,20_30,familiar,false,0,divorciado,true,false,false,true,otro,ninguno,PET-SEG-01
64bc0ed3-cfde-4735-9be8-94b08337af90,3437243675,26,Medellín,CE,2_2.5,familiar,false,0,union_libre,false,false,false,true,perro,ninguno,ARRENDA-01
cbc77986-29af-4fe0-8556-7f772d1db26d,3187309507,57,Zipaquirá,CC,1_1.5,propia,true,4,divorciado,false,false,false,true,otro,moto,APEXEQ-PAL-01
feaf9edc-cb75-477a-b9f3-7872433cebd6,natalia.rodriguez7@gmail.com,40,Funza,CC,menor_smlv,arrendada,false,0,divorciado,true,false,false,false,,carro,ASMULT-01
3060ac9a-6d18-4529-adea-881b3d6317dd,3096351591,22,Zipaquirá,CC,6_8,arrendada,true,2,casado,true,false,false,false,,ninguno,HOGAR-01
dffc999f-a6da-4be9-9dbf-eab7666c4b95,3378191907,26,Bogotá,CC,10_20,familiar,true,2,soltero,false,false,false,true,perro,bici,BICI-01
e6780f29-8f5c-4e58-97f3-7104d65cd0b1,laura.garcia47@gmail.com,67,Mosquera,CC,1_1.5,propia,false,0,soltero,false,false,false,true,gato,ninguno,EXEQ-01
e2ac3f8f-f4d5-443a-a674-06b1a6bb9808,camila.gonzalez33@yahoo.com,39,Barranquilla,CC,menor_smlv,arrendada,false,0,soltero,true,false,false,true,perro,carro,APEXEQ-PAL-01
f48e99d0-c304-4a15-a7c1-6fbab106aed8,3006335331,41,Funza,CC,4_6,propia,true,1,union_libre,false,false,false,true,perro,ninguno,VIDAAH-01
5c9ad80c-a122-4b25-bc55-652dcb30fa33,3215175079,44,Bogotá,CC,2.5_3,propia,false,0,casado,true,false,false,true,perro,moto,ASMULT-01
bcef5048-7116-468a-9f6c-c37326448beb,sebastian.ortiz53@hotmail.com,65,Mosquera,CC,1_1.5,propia,true,1,casado,false,false,false,true,perro,moto,MOTO-01
986e5969-43c9-4341-b389-b83ad2b63b64,david.ramirez14@gmail.com,67,Medellín,CC,2.5_3,propia,false,0,union_libre,false,false,false,true,otro,moto,ASMULT-01
12fdfd21-0d44-4fc5-b934-1a42412405ed,3732189514,59,Medellín,CC,1_1.5,familiar,false,0,divorciado,false,false,false,true,perro,moto,EXEQ-01
745fdbd5-69eb-489f-a0ea-9dd29b7b832e,3214639476,29,Zipaquirá,CC,3_4,familiar,true,3,casado,false,false,false,true,perro,ninguno,ARRENDA-01
f954f74b-1f56-444f-9be3-2c30a247e0ff,santiago.vargas90@gmail.com,57,Medellín,CC,10_20,propia,true,4,viudo,false,false,false,true,perro,moto,PET-SEG-01
e47dcb7b-af85-4dfe-819c-2cd05f17d78f,,37,Bogotá,CC,3_4,arrendada,false,0,casado,false,false,false,true,perro,ninguno,BICI-01
b37a5993-2e60-41b4-891e-f9f0a0515990,3135128483,42,Soacha,CC,3_4,arrendada,true,3,viudo,false,false,false,false,,ninguno,MOTO-01
1b1d1662-bd70-493b-8a1b-f85795879e13,3727479319,52,Medellín,CC,menor_smlv,arrendada,true,1,casado,true,false,false,true,perro,ninguno,VIDA-01
a5b03981-f163-42b4-a362-89ebcabb790e,3897957377,41,Soacha,CC,4_6,familiar,true,3,soltero,true,false,false,true,gato,carro,VIDA-01
0d32c69c-2b16-45f1-b860-728ab85aa374,3669926138,26,Funza,CC,2_2.5,familiar,false,0,divorciado,true,false,false,false,,ninguno,MOTO-01
0141580c-0c23-4a39-b515-67ab2da6d93e,3482562739,45,Soacha,CE,2.5_3,propia,true,2,soltero,false,false,true,true,perro,ninguno,PET-ASIS-01
ead9636b-8809-4bef-b4b1-89445553fb5b,3566474231,26,Soacha,CC,1.5_2,propia,false,0,viudo,false,false,false,true,perro,bici,PET-SEG-01
aba22328-cfbd-4d5a-baaf-df7dd33bcb76,maria.gomez21@yahoo.com,47,Bogotá,CC,1.5_2,propia,true,3,soltero,false,false,false,true,perro,moto,ARRENDA-01
351e41df-4ca7-4303-a052-08bc9a6e5857,3690733821,21,Bogotá,CC,10_20,propia,false,0,soltero,true,false,false,true,perro,ninguno,PET-SEG-01
fe58b5e0-7883-4a9d-b5cf-96f1a0d8302f,3700535588,26,Cali,CC,2_2.5,arrendada,false,0,viudo,true,false,false,true,gato,bici,SALUD-01
ee9db718-a519-4cc5-bc14-a47318c95f15,3600000468,30,Mosquera,CC,3_4,propia,true,3,soltero,false,false,false,true,perro,ninguno,ASMED-01
1b439689-5e82-4660-9690-5aa8fd0d20c2,daniela.ramirez81@gmail.com,46,Bogotá,CC,3_4,arrendada,true,3,viudo,true,false,false,false,,ninguno,SALUD-01
2cd7a37d-5424-49ed-9493-9b175169c3aa,3028277469,66,Medellín,CE,2.5_3,familiar,true,2,union_libre,false,false,false,true,perro,bici,VIDA-01
d218bc7b-c1b6-4fe6-9513-d52bc2477e97,,67,Bogotá,CC,2_2.5,propia,false,0,casado,false,false,false,true,perro,carro,ASMULT-01
3adf1a59-3490-4fc2-ba3d-d16f9ec01665,3785072081,23,Bogotá,CC,3_4,arrendada,false,0,divorciado,true,false,false,true,gato,ninguno,SALUD-01
7a32da92-1255-4fb9-8625-a3dcec80856d,,68,Bogotá,CC,4_6,familiar,true,1,soltero,false,false,false,false,,carro,EXEQ-01
26649104-ad99-46a1-8ec6-929043b617ba,3824655309,27,Manizales,CC,1.5_2,propia,false,0,casado,true,false,false,true,perro,moto,PET-SEG-01
f129e28d-6ba9-4fa4-8ed3-503d92928d80,3822443265,23,Medellín,CC,2.5_3,familiar,false,0,union_libre,true,false,false,true,otro,ninguno,BICI-01
f32e8151-0187-478d-9e68-6497427d224f,3231177533,24,Bogotá,CC,1.5_2,familiar,false,0,divorciado,false,false,false,true,perro,ninguno,PET-PREP-01
8611d9b4-6e03-422c-823f-e65b60c6d708,3186459821,54,Bogotá,CC,2.5_3,propia,false,0,union_libre,true,false,false,true,perro,carro,PET-SEG-01
b0282fee-e5da-4fb4-9da0-8f8ffe2e0b04,camila.lopez35@yahoo.com,40,Bogotá,CC,6_8,familiar,false,0,divorciado,true,false,false,true,gato,bici,HOGAR-01
e21084dc-ec72-4535-99c3-0f26310647fc,,22,Manizales,CC,mayor_30,arrendada,true,3,union_libre,true,false,false,true,gato,moto,BICI-01
d6699dc4-0194-4dea-af80-4d6fc2d20622,3395070513,23,Barranquilla,CC,menor_smlv,arrendada,false,0,viudo,false,false,false,true,perro,moto,BICI-01
9b8f0d47-5c45-46f3-a681-06e8fac5ef4b,,75,Bucaramanga,CC,2_2.5,propia,false,0,viudo,true,false,false,true,gato,moto,ASMULT-01
fe07a638-6986-4e26-b717-e7c7c80e9226,3037003322,50,Bogotá,CC,4_6,arrendada,true,4,divorciado,true,false,false,true,gato,ninguno,DEUDOR-VIDA-01
663d8d57-edb4-4169-89f4-36024401e9a8,3720757931,44,Soacha,CC,6_8,arrendada,false,0,union_libre,false,false,false,false,,carro,VIDAAH-01
dc23606c-201d-45ad-a34c-fbe92ac82c7c,3567563558,36,Funza,CC,1_1.5,propia,false,0,divorciado,false,false,false,true,otro,carro,ARRENDA-01
b09bc703-13b6-4298-9339-3e55981e5d76,3533441102,29,Soacha,CC,menor_smlv,propia,false,0,casado,false,false,false,true,perro,ninguno,VIDAAH-01
ba68e1b8-c7c0-4089-abfa-f288f94ffb4c,,42,Funza,CC,1_1.5,propia,true,3,casado,false,false,false,false,,bici,VIDA-01
5a50027e-5a82-4075-aa84-0f2ea44c1752,3324827463,24,Bogotá,CC,3_4,propia,false,0,casado,false,false,false,true,perro,ninguno,BICI-01
6a2b069b-7efb-4b8b-b517-c7fc43ae91e3,3688891787,68,Medellín,CC,10_20,propia,false,0,union_libre,true,false,false,true,perro,moto,HOGAR-01
7983262f-16b3-43d1-a80d-5ccfb6b0def6,diego.lopez52@hotmail.com,37,Bucaramanga,CC,2.5_3,familiar,false,0,divorciado,false,false,false,true,perro,moto,PET-SEG-01
906d7e26-ca3e-402b-aceb-d4c0f7bc0c03,3000013302,75,Manizales,CC,1_1.5,arrendada,true,1,union_libre,false,false,false,true,otro,carro,EXEQ-01
6ad97beb-1cb8-43ba-991c-20bbd4c1ce3f,3493506177,29,Bogotá,CE,2_2.5,familiar,true,2,soltero,false,false,false,false,,bici,PET-SEG-01
cfce7538-729b-4f7e-ada4-955249ba420f,3637439639,56,Bucaramanga,CC,mayor_30,familiar,true,3,viudo,false,false,false,true,perro,carro,HOGAR-01
d6d981db-0553-441b-a7a1-072bfc7ad885,luis.gomez12@yahoo.com,71,Barranquilla,CC,20_30,propia,false,0,soltero,false,false,false,false,,ninguno,ASMULT-01
5ecb5d7c-61fa-425d-be0b-a94a017478fe,3237660414,51,Bogotá,CC,4_6,arrendada,true,2,soltero,true,false,false,false,,carro,VIDAAH-01
ac1b67f6-b0b2-4451-885c-b2395e33af9f,,22,Bucaramanga,CC,menor_smlv,arrendada,false,0,viudo,false,false,false,true,otro,ninguno,ARRENDA-01
a390c11e-ffea-484a-b422-43f8a53e1f2d,3295617629,35,Manizales,CC,menor_smlv,familiar,false,0,viudo,false,false,false,true,gato,moto,ASMULT-01
0ca42e10-89bc-4dc3-ae4f-f799c35d5bf3,3146516792,25,Cali,CE,1.5_2,arrendada,false,0,soltero,false,false,false,true,perro,moto,BICI-01
25ed2c18-48e0-475f-8fb4-d13604541427,sebastian.garcia85@yahoo.com,60,Manizales,CC,mayor_30,familiar,true,1,viudo,true,false,false,false,,carro,PET-SEG-01
38e97a5f-967e-4db3-87ec-55bccebe1774,,60,Bogotá,CC,1.5_2,arrendada,false,0,viudo,false,false,false,true,perro,moto,DEUDOR-VIDA-01
5999a2e9-f3d5-48d4-ac24-4d5886a1e9f0,laura.rojas2@hotmail.com,61,Bogotá,CC,1_1.5,familiar,false,0,viudo,false,false,false,true,perro,carro,PET-ASIS-01
18fe237e-abb6-4fba-a465-cea6986faafb,valentina.moreno80@outlook.com,33,Bogotá,CC,8_10,propia,true,4,viudo,true,false,true,true,gato,carro,SALUD-01
0f5aa9ff-f54d-4c95-9304-54d6dbe966b1,daniela.martinez74@gmail.com,45,Medellín,CC,8_10,arrendada,true,2,soltero,false,false,false,true,otro,ninguno,HOGAR-01
503f3313-7573-44be-8427-0b7c313967bf,3991695359,36,Mosquera,CC,4_6,propia,false,0,casado,false,false,false,true,perro,carro,VIDAAH-01
9136b9f1-2135-474c-84ea-4f6d1f0a566b,,24,Barranquilla,CC,6_8,arrendada,false,0,soltero,false,false,false,true,perro,bici,BICI-01
a65d051b-3d66-4353-b389-e1daac3a2418,daniela.perez19@hotmail.com,51,Medellín,CC,3_4,propia,false,0,casado,false,false,false,true,perro,ninguno,DEUDOR-VIDA-01
7af7cdc8-ba0b-4bdf-92c7-2904e6f234f0,3026638207,51,Bogotá,CC,4_6,arrendada,false,0,viudo,true,false,false,false,,ninguno,VIDAAH-01
955195f8-e5f0-4e2e-aa41-80adcf53f324,3165981157,67,Medellín,CC,10_20,propia,false,0,casado,false,false,false,true,otro,ninguno,PET-SEG-01
38bd5e5f-b6dd-4032-a7bd-fc4814adbf35,maria.jimenez83@yahoo.com,70,Bogotá,CC,1.5_2,propia,true,2,union_libre,false,false,false,true,gato,moto,DEUDOR-VIDA-01
475459db-f2dc-46fb-9abc-54a38c3441d1,3762519731,58,Bogotá,CC,menor_smlv,propia,false,0,viudo,false,false,false,false,,moto,DEUDOR-VIDA-01
a4f606c1-c2a4-4486-aca3-44d0b47faae4,3644611983,21,Zipaquirá,PA,1_1.5,arrendada,true,3,union_libre,true,false,false,true,perro,carro,MOTO-01
a0e78a27-cbff-42ee-84dc-5fe29e70aa8f,3723526436,23,Bogotá,CC,10_20,propia,false,0,viudo,false,false,false,true,perro,moto,HOGAR-01
05543e43-d65c-497b-99da-7492eb4968f9,,59,Barranquilla,CC,3_4,propia,true,3,union_libre,true,false,false,true,perro,carro,EXEQ-01
4b205dd1-cbc1-4af8-9c33-8f966ce5b473,3639468458,31,Mosquera,CC,20_30,propia,true,1,viudo,true,false,false,false,,carro,HOGAR-01
963c070a-f7c1-445d-8baa-76f010269a47,3617817032,61,Medellín,CC,1_1.5,propia,false,0,viudo,true,false,false,true,perro,ninguno,ARRENDA-01
4eaded9d-886f-4260-98de-0912458f9d9a,carlos.florez33@gmail.com,48,Bogotá,CC,menor_smlv,arrendada,true,1,viudo,false,false,false,true,perro,carro,APEXEQ-PAL-01
64cace06-7b99-4c59-81df-29c6ae3a2626,3016244451,43,Barranquilla,CC,10_20,arrendada,false,0,soltero,true,true,false,true,perro,ninguno,PET-SEG-01
369dcce4-cc90-4298-8bea-43b4cf38ba04,3290477425,60,Bogotá,CE,8_10,arrendada,false,0,viudo,false,false,false,true,otro,carro,PET-SEG-01
510b15f7-ce2c-4291-bffa-8ae2ea7ed3ee,3521979336,31,Bogotá,CC,4_6,propia,true,2,soltero,false,false,false,true,otro,carro,BICI-01
0e263d9e-993f-43bf-819f-b660dd69a0b4,3063519036,22,Soacha,PA,2_2.5,propia,true,2,union_libre,false,false,false,true,perro,ninguno,MOTO-01
000ee355-6ca4-48bf-9f42-a784fecd053e,3334722820,34,Medellín,CC,20_30,arrendada,true,3,divorciado,false,false,false,false,,ninguno,BICI-01
9b3cee99-da3a-4bb1-965a-7eb5b3e6b61a,3583875007,65,Bogotá,CC,menor_smlv,propia,false,0,viudo,false,false,false,true,perro,carro,APEXEQ-PAL-01
a1a3ea9d-5c2d-4820-b810-edf7c2d01abb,3916503440,44,Bogotá,CC,4_6,arrendada,false,0,divorciado,false,false,false,true,gato,ninguno,VIDAAH-01
a1fd35ea-f96e-4daa-96db-4a46deea0c49,3077406579,39,Bogotá,CC,3_4,propia,false,0,union_libre,true,false,false,true,perro,moto,SALUD-01
5adb35fe-acf4-4799-b075-5cd6c94429b4,camila.garcia20@gmail.com,36,Barranquilla,CC,6_8,propia,true,2,casado,true,false,false,false,,carro,VIDAAH-01
7791fd8c-b90f-41de-bbb7-4f8534d3a696,natalia.vargas55@hotmail.com,52,Bogotá,CC,menor_smlv,familiar,false,0,union_libre,true,false,false,false,,ninguno,ARRENDA-01
f638022f-cba8-4884-9175-7d27111dfe23,andres.ramirez20@gmail.com,58,Zipaquirá,CC,2.5_3,familiar,false,0,soltero,false,false,false,true,gato,moto,ASMULT-01
1527a317-1e29-45ef-9f4b-e15776b2e08e,3448177665,40,Zipaquirá,CC,2_2.5,arrendada,false,0,viudo,false,false,false,true,perro,carro,MOTO-01
4014889e-1bec-4fc2-9009-bcf500ff8eed,3053315131,61,Medellín,CC,1_1.5,arrendada,true,4,soltero,false,false,false,false,,moto,APEXEQ-PAL-01
81803dd7-3230-4233-b36c-96a21e8b954f,,28,Soacha,CC,2.5_3,familiar,true,2,union_libre,false,false,false,true,gato,ninguno,MOTO-01
c5bd1a1b-119e-4faf-b5de-b852558a3145,3945416460,49,Bogotá,CC,20_30,propia,true,3,soltero,true,false,false,false,,ninguno,HOGAR-01
40b9c361-7ca6-4fdd-9a70-4fbccc12c3ce,3433567086,65,Mosquera,CC,menor_smlv,arrendada,true,1,union_libre,false,false,false,true,perro,moto,EXEQ-01
540f687d-ec87-415b-8d0f-fa3d959e7330,,59,Mosquera,CC,4_6,propia,true,4,soltero,true,false,false,true,perro,ninguno,BICI-01
6093584d-187b-403c-b952-adfd9f653b42,3498603721,63,Bogotá,CC,mayor_30,familiar,false,0,viudo,true,false,false,true,otro,carro,SALUD-01
adb25243-7bb9-4446-a736-4eb3b81f91f3,3876567224,24,Medellín,CC,1.5_2,familiar,true,4,union_libre,false,false,false,true,perro,ninguno,PET-SEG-01
c14218d2-a887-45b7-bfea-57ab710a3391,3748599464,22,Zipaquirá,CC,1_1.5,propia,false,0,viudo,false,false,false,true,perro,moto,MOTO-01
3688920f-f4e7-4d69-bfa7-aa0ca87b65c2,felipe.ortiz62@yahoo.com,59,Zipaquirá,CC,3_4,propia,false,0,divorciado,false,false,false,true,perro,ninguno,MOTO-01
e4a91c26-2333-4439-8e6f-ab912f65ca75,paula.martinez49@outlook.com,32,Medellín,CC,8_10,arrendada,false,0,union_libre,false,false,false,true,perro,moto,PET-SEG-01
f0e8ed3c-3807-4fe2-a5d2-bf6969b71df7,3964347452,37,Funza,CC,menor_smlv,familiar,true,3,union_libre,false,false,false,true,perro,ninguno,ARRENDA-01
d5130572-aadb-4e33-a7f3-dbb897a9f8fb,natalia.gonzalez62@hotmail.com,28,Bogotá,CC,20_30,familiar,false,0,divorciado,false,false,false,true,perro,carro,PET-ASIS-01
7c03dd57-baa8-4aa5-838b-f26b5309c155,3240807700,30,Cali,CE,6_8,familiar,true,1,divorciado,true,false,false,false,,moto,BICI-01
feb22924-0eb3-4b7f-9e29-e5de22617e76,3881613719,74,Cali,CC,1_1.5,familiar,false,0,viudo,false,false,false,true,perro,ninguno,APEXEQ-PAL-01
ae4aacb3-7a08-46d2-b328-c36473c60fbf,3149986328,55,Mosquera,CC,2_2.5,familiar,true,1,soltero,true,false,false,true,perro,ninguno,MOTO-01
54ca2b3c-b65e-47a6-b653-508604952915,,52,Soacha,CC,6_8,propia,true,1,divorciado,false,false,false,true,perro,ninguno,HOGAR-01
7dbccccb-81e9-4e1f-b150-11c6aa76e70e,ana.torres6@outlook.com,47,Barranquilla,CC,10_20,propia,false,0,union_libre,true,false,false,true,otro,ninguno,VIDA-01
3016bedf-ace3-4520-b7dc-9f4a5e724e03,,52,Medellín,CC,mayor_30,propia,false,0,union_libre,false,true,false,false,,carro,HOGAR-01
70a96a91-0ad8-4e8d-844f-1697a24ee4c9,andres.martinez55@gmail.com,40,Zipaquirá,CC,menor_smlv,propia,false,0,viudo,false,false,false,true,gato,bici,MOTO-01
4d8b1678-14a1-491e-8ce0-6316e54adbca,,35,Bucaramanga,CC,8_10,propia,false,0,soltero,false,false,false,true,perro,moto,BICI-01
69e309bc-29b5-46d6-a079-bad89999e28d,,31,Funza,CC,2.5_3,arrendada,true,1,casado,false,false,false,false,,moto,MOTO-01
090f680b-1524-4851-b51e-cfec86520f03,3387908132,29,Bogotá,CE,2.5_3,propia,false,0,viudo,false,false,false,false,,carro,ASMULT-01
ea6971c2-5d1a-4ec9-a777-d859f4c272f2,3824369812,74,Medellín,CC,menor_smlv,propia,false,0,divorciado,false,false,false,true,perro,moto,BICI-01
f182a888-29b9-4b80-a4fa-0938e2356615,3423839728,35,Bogotá,CC,2_2.5,familiar,false,0,soltero,true,false,false,true,perro,carro,BICI-01
fbdb8114-c192-42c1-b817-5f0821c1a45b,3896019377,68,Medellín,CC,1.5_2,familiar,false,0,divorciado,false,false,false,false,,carro,BICI-01
24fbb4be-35cb-49c0-ba7b-9541f9dc9408,ana.jimenez26@hotmail.com,27,Barranquilla,CC,menor_smlv,propia,true,1,divorciado,true,false,false,true,perro,carro,BICI-01
9e17a869-7c0f-4396-99ca-b390863ba628,3252394120,55,Cali,CC,1.5_2,arrendada,true,4,divorciado,false,false,false,true,perro,carro,DEUDOR-VIDA-01
23e04b2c-ec69-4efe-871b-6f831ec34bc7,,25,Bogotá,CC,menor_smlv,familiar,true,2,union_libre,false,false,false,true,perro,carro,APEXEQ-PAL-01
1571f9e7-1a74-45d5-9e8c-2f66012a5e2a,3277119529,62,Medellín,CC,4_6,propia,true,3,casado,true,false,false,true,perro,carro,SALUD-01
61c72775-1307-451d-9623-585256133500,camila.garcia15@gmail.com,65,Bogotá,CC,2.5_3,arrendada,false,0,union_libre,false,false,false,true,perro,carro,ASMULT-01
21c9ec09-b91e-4758-af9f-04f8b9dd13bc,carolina.martinez33@yahoo.com,54,Zipaquirá,CC,10_20,propia,true,3,union_libre,false,false,false,true,gato,carro,PET-SEG-01
ab7b546d-2301-4770-a440-4400af852ba6,3167520593,66,Bucaramanga,CC,mayor_30,arrendada,true,3,soltero,false,false,false,false,,moto,PET-SEG-01
d975bec0-0d1e-4126-a75c-063a42737e55,3114978879,70,Bucaramanga,CC,8_10,propia,true,1,casado,false,true,true,false,,carro,HOGAR-01
c0271a70-3e43-4aae-8f56-1872d6d3588f,3354159709,20,Bucaramanga,CC,10_20,arrendada,false,0,casado,false,false,false,false,,moto,BICI-01
13d10a28-2a14-495c-a170-3de4a3ee6601,santiago.vargas86@yahoo.com,70,Bogotá,CC,2_2.5,propia,false,0,soltero,true,false,false,true,perro,bici,DEUDOR-VIDA-01
fad346e0-22bf-45f1-9636-8aac0ad15a7b,,59,Mosquera,CC,menor_smlv,propia,false,0,divorciado,false,false,false,true,perro,moto,MOTO-01
e3479ec0-f0b7-4f9d-9cd7-341b4aa1836d,ana.gonzalez69@gmail.com,19,Cali,CC,8_10,familiar,false,0,casado,true,false,false,true,otro,ninguno,ASMED-01
d20e7f53-d2c9-4ab6-b5bd-248080f30282,,70,Bucaramanga,CC,2.5_3,familiar,true,2,soltero,false,false,false,true,perro,carro,HOGAR-01
8230f93a-3efe-4bdd-a32b-1d85ed779312,3842189142,60,Medellín,CC,1_1.5,familiar,false,0,casado,false,false,false,true,perro,ninguno,DEUDOR-VIDA-01
3bb7d8a1-ae7e-4c74-860b-1958c5895292,3826225557,74,Medellín,CC,2.5_3,propia,true,3,union_libre,false,false,false,false,,carro,PET-SEG-01
380c67b7-38dd-44ec-a1aa-f17b55727dff,3590382403,21,Cali,CC,10_20,propia,true,2,viudo,true,false,false,true,perro,carro,HOGAR-01
ec25e2a4-bf01-4635-8299-7f7642623756,luis.gonzalez25@gmail.com,62,Barranquilla,CC,3_4,familiar,true,2,soltero,false,false,false,true,gato,carro,EXEQ-01
218117ca-5a69-4d5b-97f7-6b7e09ac69c4,3810659503,59,Bogotá,CC,4_6,propia,false,0,casado,false,false,false,false,,carro,DEUDOR-VIDA-01
8e2eec1a-ce1f-4aac-8763-139cbb6a9dc8,3999597703,26,Medellín,CC,mayor_30,arrendada,true,1,union_libre,false,false,false,false,,carro,BICI-01
9f8fcf4c-2e18-4c1c-8c6e-87c3574a3395,3460011156,71,Bogotá,CC,4_6,propia,false,0,soltero,false,false,false,true,perro,moto,VIDAAH-01
b8147bc5-00cb-43ec-be22-d46d3fa3f238,3190233682,53,Medellín,CC,mayor_30,arrendada,true,1,viudo,false,false,false,true,gato,carro,APEXEQ-PAL-01
ffda05d4-535b-4ac9-a2ae-d10dc2be32c1,3625349292,54,Medellín,CC,8_10,propia,true,1,divorciado,false,false,false,true,otro,ninguno,PET-PREP-01
e6b87cda-e1e9-4c4a-b9a2-f1be5c6b9d83,3741037514,24,Bogotá,CC,3_4,arrendada,false,0,viudo,false,false,false,true,gato,ninguno,DEUDOR-VIDA-01
6d8c1bfb-22b5-46ee-acfd-aa4197344a8d,3320489964,27,Funza,CC,2_2.5,arrendada,true,2,divorciado,false,false,false,true,gato,ninguno,DEUDOR-VIDA-01
f23cf308-fa6b-4f4e-8520-c3d694e506c1,3964587166,21,Medellín,CC,20_30,familiar,true,2,soltero,true,false,false,true,perro,ninguno,BICI-01
e49234a4-3d9b-4413-85ea-afa5bc0d7ae0,3077949120,21,Cali,CC,2_2.5,propia,false,0,union_libre,false,false,false,true,gato,ninguno,HOGAR-01
9e11bd08-b612-4c63-8b22-73aa3211c050,felipe.ortiz84@gmail.com,59,Medellín,CC,1_1.5,familiar,true,1,divorciado,false,false,false,true,perro,carro,PET-PREP-01
e19b8714-e5fe-414a-8e5f-cd0135c68f74,juan.jimenez60@yahoo.com,55,Medellín,CC,20_30,familiar,false,0,soltero,false,false,false,true,perro,ninguno,HOGAR-01
7b0ae94f-c522-4ace-906d-b21c9cd12b15,3293417223,61,Medellín,CC,10_20,arrendada,false,0,soltero,false,false,false,true,perro,carro,EXEQ-01
b3283f8f-7589-4367-8fa7-bb1395110729,natalia.jimenez54@gmail.com,47,Zipaquirá,CE,2.5_3,propia,true,2,soltero,false,false,false,true,perro,bici,MOTO-01
e7dcc161-709f-4797-8f77-15f0bce2159a,,37,Medellín,CC,1_1.5,familiar,true,4,soltero,false,false,false,true,perro,carro,ARRENDA-01
4d149bf9-f94b-4ce5-aa8e-1bfa382c2e47,natalia.suarez92@outlook.com,31,Funza,CC,2_2.5,familiar,false,0,union_libre,false,false,false,false,,bici,SALUD-01
90c97e6e-ab3a-4860-a571-e5b14feb75e3,3176620471,54,Medellín,CC,4_6,propia,true,3,soltero,true,false,false,true,otro,ninguno,ASMED-01
9f6e5b26-a45e-4865-b845-d5eeb89fe57f,3018034206,64,Barranquilla,CC,8_10,arrendada,true,2,soltero,false,true,false,true,gato,moto,BICI-01
1efd3ed3-a2ee-4962-a245-777c02c1372f,3074874534,68,Medellín,CC,20_30,familiar,false,0,soltero,true,false,false,false,,bici,PET-PREP-01
94877b4f-1a5b-4e00-8acc-ff899898c4ff,sebastian.rodriguez19@gmail.com,28,Medellín,CC,mayor_30,arrendada,false,0,viudo,false,false,false,true,gato,carro,BICI-01
325ca5bd-d1e3-4465-b020-5a3c8d7b781c,,50,Bogotá,CC,mayor_30,familiar,true,2,soltero,false,false,false,true,perro,carro,HOGAR-01
96861094-579f-4af6-8738-eb3c0de0c3fa,maria.rojas58@yahoo.com,46,Bogotá,CC,10_20,arrendada,false,0,soltero,true,false,false,true,perro,moto,HOGAR-01
f6b055c5-7102-4bf6-860c-762880ca91dd,camila.lopez22@outlook.com,19,Medellín,CC,1.5_2,arrendada,true,1,divorciado,false,false,false,true,gato,bici,ARRENDA-01
fa3c0846-6137-4c78-abaf-4981bf187aef,laura.ramirez22@yahoo.com,67,Barranquilla,CC,4_6,propia,true,3,divorciado,true,false,false,false,,ninguno,PET-SEG-01
3c83acc9-dba9-4240-b750-a0cb0d3cd579,,37,Bogotá,CC,1_1.5,familiar,false,0,casado,false,false,false,true,perro,ninguno,PET-PREP-01
ebeec48b-2b4b-4706-861e-4dd517513c8d,luis.suarez83@yahoo.com,73,Medellín,CE,20_30,propia,true,2,viudo,false,false,false,true,perro,ninguno,PET-SEG-01
334c3b9a-78e6-47c7-8338-9f23d6d2fd5b,,66,Bogotá,CC,20_30,arrendada,true,2,union_libre,false,false,true,true,perro,moto,PET-ASIS-01
7d842116-e6c3-4861-a8cb-7ea76650e4a2,3566339350,51,Cali,CC,3_4,arrendada,false,0,casado,false,false,false,true,perro,ninguno,DEUDOR-VIDA-01
b649cccd-fef8-4708-ba36-977694b8ec5f,natalia.rojas67@gmail.com,36,Soacha,CC,1_1.5,familiar,false,0,union_libre,false,false,false,false,,carro,APEXEQ-PAL-01
3d7e6261-f988-4d5b-9653-56b3e2730a1d,3413135557,54,Soacha,CC,4_6,propia,false,0,soltero,false,false,false,true,otro,carro,DEUDOR-VIDA-01
46332ca1-4756-4c31-84d3-8a914fe909b6,3650472553,25,Zipaquirá,CE,1_1.5,propia,true,4,casado,false,false,false,true,gato,ninguno,MOTO-01
0348c0e1-0028-4055-a4bf-4e3b68515743,luis.castro28@hotmail.com,21,Bogotá,CC,4_6,arrendada,true,1,soltero,false,false,false,true,perro,carro,HOGAR-01
613ec723-ad56-4b6c-8d20-e3cec312ec9c,3583160496,66,Bogotá,CC,20_30,propia,true,1,casado,true,false,false,true,gato,carro,ASMED-01
7b4837c3-fc70-4819-aa4b-1ae2d73b6e10,luis.lopez1@gmail.com,54,Cali,CC,6_8,arrendada,false,0,viudo,false,false,false,true,perro,carro,HOGAR-01
f1b97163-9e7a-4217-b839-f36368f3eea9,3659558594,68,Cali,CC,1_1.5,familiar,false,0,casado,false,false,false,true,perro,ninguno,EXEQ-01
ba69ad1d-984e-4c2b-8ccc-b8cc1fd932b7,3474098537,28,Barranquilla,CC,menor_smlv,propia,true,2,union_libre,true,false,false,true,perro,moto,APEXEQ-PAL-01
60126519-a241-4bdf-9292-420ad95abec7,3588287035,23,Barranquilla,CC,6_8,propia,true,3,viudo,false,false,false,true,otro,ninguno,DEUDOR-VIDA-01
905d7230-cdba-447c-857a-4642b38334bf,,67,Medellín,CC,1_1.5,familiar,false,0,union_libre,true,false,false,true,perro,moto,APEXEQ-PAL-01
c81d01e7-c59c-41a1-a4d1-1eca9b7cca20,3083973175,54,Medellín,CC,4_6,arrendada,true,2,casado,true,false,false,false,,ninguno,VIDAAH-01
8d4eecd4-6a62-4588-a844-aba84190a58e,3385588195,54,Barranquilla,CC,mayor_30,arrendada,true,4,casado,true,false,false,false,,ninguno,SALUD-01
df6979a5-b65e-4e51-8158-4328f1a65cd5,3379457727,52,Barranquilla,CC,1_1.5,propia,true,2,union_libre,false,false,false,true,perro,ninguno,ASMULT-01
d26e1a3e-4c37-46fb-90a7-9de70bf8f639,3769333299,53,Soacha,CE,10_20,arrendada,false,0,soltero,false,false,false,true,perro,moto,HOGAR-01
50ccd726-2f13-464e-904a-8b708a9a5ac8,3868608357,73,Funza,CC,menor_smlv,familiar,true,1,divorciado,true,false,false,true,perro,ninguno,PET-PREP-01
904cb7b1-e559-471b-872b-d4ef8d99fadc,natalia.rodriguez65@outlook.com,71,Bogotá,CC,3_4,propia,false,0,divorciado,false,false,false,true,otro,moto,ASMULT-01
899a2025-a71e-42f9-8263-4fa9ffa3e2be,3615171827,45,Barranquilla,CC,6_8,familiar,false,0,union_libre,false,false,false,true,gato,ninguno,VIDAAH-01
ba419878-29ff-4fec-b100-3b84c6a6ed05,3492621892,73,Medellín,CC,1.5_2,familiar,true,3,soltero,false,false,false,false,,ninguno,ARRENDA-01
f382235e-00ad-4443-97b0-f5c5e88803ce,3104811468,58,Zipaquirá,CC,1_1.5,propia,true,2,casado,true,false,false,true,gato,ninguno,HOGAR-01
6aeeb738-89cc-4e0e-89c0-5db2106eee2d,3121905188,24,Barranquilla,CC,2.5_3,familiar,true,4,soltero,false,false,false,true,perro,moto,DEUDOR-VIDA-01
1cbc76e8-ae37-4240-bcbe-54d157b463c4,3647223146,61,Funza,CC,2.5_3,propia,false,0,soltero,true,false,false,true,gato,moto,BICI-01
4c48ec21-ad71-45a4-afed-26bf52589c4d,carlos.vargas29@outlook.com,57,Medellín,CC,3_4,familiar,false,0,viudo,false,false,false,true,perro,moto,EXEQ-01
ce60cfea-2bf9-47c2-9a56-bab918a1ba1a,laura.martinez5@gmail.com,40,Bogotá,CC,20_30,familiar,false,0,casado,false,false,true,true,otro,ninguno,PET-PREP-01
f3c4a8a8-8a14-4d7a-807b-25579dda4f59,natalia.garcia44@yahoo.com,23,Bogotá,CC,1.5_2,arrendada,true,3,viudo,false,false,false,false,,ninguno,ASMULT-01
8c8a8e03-8ccf-4586-b056-8ecf3f543b03,carolina.rojas77@hotmail.com,39,Bucaramanga,CC,6_8,arrendada,true,3,soltero,true,false,false,true,gato,carro,ASMED-01
a2f48ed4-49ef-4f4d-9b30-54638f895570,3264445816,37,Medellín,CC,10_20,arrendada,false,0,divorciado,false,false,false,true,gato,bici,PET-SEG-01
ce834f70-dcc2-4c95-b9c7-d2026992e42c,diego.sanchez82@gmail.com,70,Medellín,CC,1_1.5,propia,false,0,divorciado,true,false,false,true,perro,moto,PET-ASIS-01
47f40241-a9ce-455d-8e56-614371e87ab9,felipe.moreno40@outlook.com,30,Medellín,CC,8_10,familiar,true,3,viudo,true,false,false,false,,carro,HOGAR-01
8ba4de9a-7f9c-40fa-be25-a31ee7b56f18,3847163441,38,Bogotá,CC,1_1.5,propia,false,0,divorciado,false,false,false,true,perro,carro,BICI-01
0bcb7d9b-64bf-4bc2-9280-81bda48f20b3,3423724667,73,Funza,CC,1.5_2,familiar,true,2,casado,false,false,false,true,gato,bici,MOTO-01
9a8ceda6-9aa2-41ad-9c01-bfd7bb4e6370,laura.vargas19@hotmail.com,66,Bogotá,CC,2.5_3,propia,false,0,divorciado,true,false,false,true,perro,ninguno,PET-PREP-01
16f5accf-195d-4e7e-85aa-898b64c5a78e,,25,Medellín,CC,10_20,propia,false,0,soltero,true,false,false,false,,ninguno,BICI-01
7a5a6fd5-1ecd-47d5-9ea1-fa7769d36dee,3537642983,66,Medellín,CC,10_20,propia,true,1,casado,false,false,false,true,perro,carro,PET-PREP-01
47d4b323-2c52-481c-ba9d-cf7150388785,3289198271,69,Cali,CC,1.5_2,arrendada,false,0,union_libre,false,false,false,false,,moto,EXEQ-01
3ffdbfe0-df7a-4e61-87df-0a85fe7693b2,3171063781,62,Medellín,CC,1_1.5,familiar,true,4,viudo,false,false,false,true,gato,moto,PET-SEG-01
f50ecacf-d0aa-4b8e-a42f-8d627d5edd02,3693315423,18,Medellín,CC,1.5_2,propia,false,0,soltero,true,false,false,true,otro,carro,ARRENDA-01
04b3c9a3-6032-4a49-9c26-c0a22c3bcc4a,paula.lopez19@outlook.com,18,Medellín,CE,menor_smlv,familiar,false,0,union_libre,false,false,false,true,perro,carro,APEXEQ-PAL-01
dd2d9a00-d739-4016-a5a3-a3e05ceba7d0,,44,Zipaquirá,CC,2_2.5,arrendada,false,0,divorciado,false,false,false,true,perro,ninguno,MOTO-01
70a0c79a-0496-4d15-8a8c-07a9d599fae0,3180583097,43,Medellín,CC,10_20,propia,false,0,union_libre,false,false,false,true,perro,moto,BICI-01
99da3ba9-4d1a-424d-ae15-3a7a1f473928,3940539103,59,Soacha,CC,1.5_2,propia,false,0,divorciado,false,false,false,true,otro,bici,ARRENDA-01
f568e5fc-d046-4d14-81a2-0b79ba606f35,natalia.suarez34@hotmail.com,62,Bucaramanga,CC,1_1.5,familiar,false,0,divorciado,false,false,false,true,perro,ninguno,APEXEQ-PAL-01
c79b2f6e-75dd-41b7-b7ce-812eba1f4ff8,jorge.ramirez21@outlook.com,27,Bogotá,CC,mayor_30,arrendada,true,1,divorciado,false,false,false,true,otro,ninguno,BICI-01
b67ba1cc-3262-4ca5-8380-b98719e3e516,3823661620,23,Bogotá,CC,1_1.5,propia,false,0,viudo,false,false,false,true,perro,moto,APEXEQ-PAL-01
6d9711f2-4e96-4099-b7f5-9bda7a6fcaa0,daniela.ramirez23@outlook.com,26,Bogotá,CC,2.5_3,familiar,false,0,viudo,false,false,false,true,gato,ninguno,BICI-01
3d902380-5ae1-4c89-b56d-c434a9af1c9c,3562394764,75,Medellín,CC,4_6,familiar,true,1,union_libre,false,false,false,true,perro,carro,PET-SEG-01
d8b4c47a-df19-4f7a-89b1-300b2eb42630,3790507236,53,Mosquera,CC,2_2.5,familiar,false,0,divorciado,false,false,false,true,gato,carro,MOTO-01
1914f8ea-1dc7-4737-8d98-ab05038d547d,3641151644,44,Cali,CC,3_4,familiar,true,2,casado,false,false,false,true,gato,ninguno,PET-SEG-01
26aa9289-b57e-4e86-aab1-863266a65e93,3394118727,35,Soacha,CC,1.5_2,familiar,false,0,casado,true,false,false,true,perro,moto,VIDA-01
d5272fcc-9482-4d17-acdc-731191ca06ca,paula.rodriguez23@yahoo.com,72,Bucaramanga,CC,menor_smlv,arrendada,true,3,divorciado,false,false,false,true,otro,ninguno,ARRENDA-01
ef5cb422-2fe1-456b-9e8f-18975b14b279,,72,Bogotá,CC,4_6,familiar,true,1,viudo,false,false,false,false,,carro,VIDAAH-01
1965831c-ce0c-4bef-a16f-ddb6c013f5ed,camila.rodriguez12@outlook.com,64,Barranquilla,PA,2.5_3,propia,false,0,divorciado,false,false,false,true,perro,bici,ASMULT-01
0bfc269b-6655-41b2-b13a-8fc14eb00af9,daniela.torres24@yahoo.com,29,Bogotá,CC,6_8,familiar,false,0,viudo,false,false,false,false,,moto,HOGAR-01
b3a9db91-9bad-424a-a655-b9a7680d084a,3517274847,56,Bogotá,CC,20_30,propia,false,0,divorciado,true,false,false,false,,ninguno,HOGAR-01
eda3c3b0-dd8e-4f63-a607-76b5838f909a,3262773312,39,Funza,CC,2_2.5,propia,false,0,casado,false,false,false,true,perro,moto,MOTO-01
e21f69c3-ca55-4475-b68f-b1a5c743bba0,3287407519,20,Funza,CE,10_20,propia,true,3,divorciado,false,false,false,true,otro,carro,BICI-01
c2545505-f0e1-4956-afa6-531a596d863c,carlos.sanchez55@hotmail.com,66,Medellín,CC,10_20,arrendada,false,0,casado,false,false,false,true,otro,ninguno,HOGAR-01
7f7cce2d-f63e-40b8-812a-fdcad440b6f0,santiago.ortiz8@gmail.com,42,Barranquilla,CC,8_10,arrendada,true,1,viudo,false,false,false,false,,moto,PET-SEG-01
4ffbc80a-a3fa-4e94-bb5d-f13302cda3ef,3260213180,45,Bogotá,CC,mayor_30,arrendada,false,0,divorciado,false,false,false,true,perro,ninguno,PET-PREP-01
46e68865-d70c-4033-942a-5ff500444291,diana.rojas21@hotmail.com,58,Cali,CC,2.5_3,propia,false,0,viudo,true,false,false,true,gato,moto,SALUD-01
d516ec07-1182-48c7-bbbd-8486cd6d01d4,3301446419,20,Soacha,CC,1.5_2,familiar,true,3,soltero,false,false,false,false,,ninguno,BICI-01
ff214f8e-6727-4160-99f9-970c9781f4ba,3884452364,55,Mosquera,CC,1.5_2,propia,false,0,soltero,false,true,false,false,,ninguno,DEUDOR-VIDA-01
2fd8ec5b-36b4-49e6-8ac5-b619890da579,3866675485,51,Manizales,CC,2.5_3,familiar,true,2,casado,false,false,false,true,gato,moto,ARRENDA-01
015d9ae6-0279-4c78-8703-b51225d001c1,juan.rodriguez74@outlook.com,66,Bogotá,CC,8_10,familiar,false,0,soltero,false,false,false,true,otro,ninguno,ASMULT-01
43082339-191f-4985-a35f-f530979fcfa8,natalia.gonzalez38@hotmail.com,46,Medellín,CC,menor_smlv,familiar,false,0,soltero,true,false,false,true,perro,ninguno,ARRENDA-01
966572bc-6721-4ee2-9c75-2e04bdad1d49,3637454589,26,Medellín,PA,2.5_3,arrendada,false,0,union_libre,false,false,false,false,,moto,DEUDOR-VIDA-01
b08fb2fe-c4d6-405c-b3ae-40539bdf1fa1,3697413283,37,Cali,CC,mayor_30,familiar,false,0,casado,true,false,false,true,perro,ninguno,SALUD-01
0efff735-6fb3-45a8-8744-92541141f1e7,,61,Funza,CC,2.5_3,arrendada,true,1,union_libre,false,false,false,true,otro,carro,EXEQ-01
c3a7d9cb-ab0a-4d25-86ff-b48a93947901,juan.jimenez42@yahoo.com,49,Bucaramanga,CC,4_6,familiar,false,0,soltero,false,false,false,true,gato,ninguno,VIDAAH-01
7450bd1f-c02e-4920-a87e-6bb829729e23,3945515888,43,Zipaquirá,CC,menor_smlv,arrendada,false,0,divorciado,false,false,false,true,perro,moto,APEXEQ-PAL-01
5de31e6f-aee7-4fad-a11b-976de98fd7fc,3310749148,46,Medellín,CC,4_6,arrendada,false,0,casado,false,true,true,true,gato,ninguno,VIDA-01
033da079-419f-4ff4-add1-afe44ecfe527,,60,Bogotá,CC,2_2.5,familiar,true,3,union_libre,false,false,false,false,,ninguno,ARRENDA-01
64bdd65a-2838-4ad6-8bf0-3fdb7499cf2f,3087485315,56,Funza,CC,20_30,familiar,false,0,viudo,false,false,false,true,perro,bici,DEUDOR-VIDA-01
5dd3366b-9b05-47d7-91d9-dd95b546b669,3019441088,31,Bogotá,CC,2.5_3,arrendada,true,3,casado,false,false,false,true,gato,carro,PET-PREP-01
23eb03b8-48d9-4d44-900d-1ebedc1ed0d0,3771320206,33,Bogotá,CC,mayor_30,propia,false,0,viudo,false,false,false,true,perro,ninguno,BICI-01
53d373ff-5665-4357-9a99-0db336ac3143,,44,Funza,CC,menor_smlv,familiar,false,0,casado,true,false,false,true,otro,ninguno,SALUD-01
8b141b02-03ad-4f6c-a73a-04d53244f3a6,paula.gomez94@gmail.com,59,Soacha,CC,2_2.5,familiar,true,2,divorciado,false,false,false,true,perro,carro,ARRENDA-01
f068ee7e-14f6-45c7-94ca-ed68f03a3c99,3676314131,63,Bogotá,CE,10_20,propia,false,0,viudo,false,false,false,false,,carro,ASMULT-01
f10c87b2-1bfd-43f1-a3f6-27cc3b934643,3898709201,56,Bogotá,CC,1_1.5,familiar,false,0,soltero,false,false,false,false,,ninguno,ASMULT-01
80a02b82-63c2-494d-8df9-978f6551cb2c,3786016259,66,Bucaramanga,CE,2.5_3,familiar,false,0,viudo,false,false,false,true,perro,ninguno,DEUDOR-VIDA-01
507c2d9d-c64f-4ed1-adc0-bb0faf023c39,3714650286,18,Bogotá,CC,1_1.5,propia,false,0,viudo,true,false,false,true,perro,bici,DEUDOR-VIDA-01
f1f82906-c557-4f09-b0d9-ff73a8c73557,3399129710,27,Medellín,CC,1_1.5,familiar,false,0,soltero,false,false,false,false,,carro,ASMULT-01
06cd7711-e991-4469-874c-14c49fa94911,3758598934,34,Bucaramanga,CC,2_2.5,propia,false,0,viudo,true,false,false,false,,ninguno,BICI-01
fe8926ce-e7b7-4728-b3e1-748b9dd05b35,,27,Soacha,CC,menor_smlv,arrendada,true,3,viudo,true,false,false,true,perro,carro,ASMED-01
1c0189f3-7862-4b58-87f3-5afc7a775fb9,camila.jimenez59@hotmail.com,33,Barranquilla,CC,1.5_2,familiar,true,2,casado,false,false,false,true,perro,carro,ARRENDA-01
7756494e-1833-4328-9be0-4b1b2500da44,3599527478,57,Medellín,CC,mayor_30,arrendada,true,1,union_libre,false,false,false,false,,moto,EXEQ-01
3e0fdae9-392d-49f1-9517-4cc10a7d61e8,david.ramirez60@outlook.com,58,Cali,CC,1.5_2,arrendada,true,2,union_libre,false,false,false,true,otro,carro,PET-SEG-01
675a1ac3-885b-4bf9-876f-9866a37296e4,3912045938,48,Bogotá,CC,10_20,arrendada,false,0,viudo,false,false,false,false,,ninguno,HOGAR-01
509cf353-01d4-4c92-952a-f4063ce7bd9e,3181230738,51,Bogotá,CC,8_10,familiar,true,1,soltero,false,false,false,true,gato,ninguno,VIDA-01
11b0318f-b298-4f96-9d6b-fdca6101be6e,3423056657,46,Zipaquirá,CC,4_6,propia,true,4,soltero,false,false,false,true,gato,carro,BICI-01
ea99a812-233d-40d6-88f0-b87e72f0998a,paula.vargas56@hotmail.com,60,Bogotá,CC,mayor_30,familiar,true,2,soltero,false,false,false,false,,ninguno,EXEQ-01
9bcd57af-c75b-4513-b6e6-874b516ed0ab,3511088098,54,Zipaquirá,CE,3_4,propia,true,4,divorciado,false,false,false,true,perro,carro,VIDA-01
6d458fbd-8e4f-44da-bbc2-3bf5f0dce466,3178741056,44,Bucaramanga,CC,2_2.5,propia,true,4,casado,false,false,false,false,,ninguno,DEUDOR-VIDA-01
48645a99-540f-4bd4-bc0e-c514d740ed6c,,58,Bucaramanga,CC,1.5_2,propia,true,4,casado,false,false,false,true,gato,ninguno,BICI-01
74a0fa47-84a7-4fcc-b317-a8199325ad22,3295794745,20,Funza,CC,10_20,propia,true,4,soltero,false,false,false,true,gato,moto,HOGAR-01
1673a212-014c-483a-a12d-6954b5903979,3240338105,58,Bogotá,CC,1_1.5,arrendada,false,0,union_libre,true,false,false,false,,moto,APEXEQ-PAL-01
c21fe482-5b99-42d9-af6d-104b41a72e2d,3985172444,41,Bogotá,CC,4_6,propia,true,2,casado,true,false,false,false,,ninguno,VIDAAH-01
763335a2-94bf-4310-a526-9645fc355c5c,3581735792,26,Bogotá,CC,mayor_30,propia,true,4,casado,false,false,false,true,gato,ninguno,BICI-01
412a840a-d406-408a-bd07-c60a5647305c,,33,Mosquera,CC,20_30,propia,true,4,casado,false,false,false,true,gato,moto,HOGAR-01
69559e66-eccb-483e-ad9f-87ca6026bf32,3543767305,53,Bogotá,CE,20_30,familiar,true,2,soltero,false,false,false,false,,ninguno,HOGAR-01
c6f7fb82-ae34-4a6e-b151-3da87f101a3c,3112716810,54,Bogotá,CC,6_8,propia,false,0,divorciado,false,false,false,true,perro,moto,HOGAR-01
0f57ecbe-e42f-4b5f-b309-f1239504bd95,3532436792,37,Bogotá,CC,1_1.5,arrendada,false,0,divorciado,true,false,false,false,,moto,ARRENDA-01
077fe0df-f6da-4c1b-a5e7-828b353235f8,3185748170,18,Bogotá,CC,menor_smlv,arrendada,false,0,divorciado,false,false,false,true,perro,bici,ASMULT-01
e846db9f-afe6-4b74-89c9-5e178f0ace33,,33,Medellín,CC,6_8,arrendada,false,0,divorciado,false,false,false,true,perro,moto,PET-SEG-01
694a3248-1002-4a2d-8f9e-bfa927a215c9,,42,Zipaquirá,CC,4_6,arrendada,false,0,soltero,false,false,false,false,,carro,VIDAAH-01
5a29e129-391a-4b73-b775-2c741257045a,3189113434,69,Bogotá,CC,3_4,familiar,false,0,union_libre,false,false,false,true,perro,moto,DEUDOR-VIDA-01
ba9b7862-e1e2-4bd6-9c07-fe3a2b05d5c5,3991540273,36,Bogotá,CC,6_8,propia,false,0,casado,false,false,false,false,,carro,VIDAAH-01
9d4014a6-20d2-4258-ab78-af7f71c4a25e,3478893770,49,Bogotá,PA,menor_smlv,arrendada,false,0,soltero,true,false,false,true,gato,ninguno,ASMED-01
d8956e79-5857-4ad5-8094-ff29b9f64855,,29,Medellín,CC,3_4,arrendada,true,2,soltero,false,false,false,true,otro,ninguno,ASMULT-01
f0aaef47-77e0-4401-a9a3-dcedb6254126,,42,Bogotá,CC,8_10,propia,false,0,viudo,false,false,false,true,gato,bici,HOGAR-01
1646ea16-4402-46fb-8759-3198066cf3a1,3353286178,60,Cali,CE,menor_smlv,arrendada,false,0,viudo,true,false,false,true,perro,carro,ASMED-01
2dcac47c-0011-4a4d-994d-b47c57284069,,50,Zipaquirá,CC,4_6,familiar,false,0,casado,false,false,false,true,otro,ninguno,BICI-01
2d225c07-a708-47c6-be72-6bb11b24c5c7,santiago.castro74@yahoo.com,54,Cali,CC,mayor_30,arrendada,true,3,casado,false,false,false,true,gato,ninguno,PET-ASIS-01
aa4adda2-f739-4d71-b72d-9534d5a7b36e,felipe.garcia85@hotmail.com,40,Bogotá,CE,menor_smlv,familiar,false,0,divorciado,false,false,false,false,,ninguno,PET-SEG-01
611053bc-e556-4d0a-b9ec-d794ebb85b2c,santiago.vargas22@outlook.com,47,Barranquilla,CC,3_4,familiar,true,3,union_libre,false,false,false,false,,carro,DEUDOR-VIDA-01
29c7986e-33ca-4b41-9b9b-b4c0b6e7a863,diego.rojas24@outlook.com,47,Funza,CE,2.5_3,arrendada,false,0,casado,false,false,false,false,,carro,MOTO-01
48e65248-f059-4779-823d-c01e242af3b7,3867673820,57,Funza,CC,2_2.5,arrendada,true,4,soltero,false,false,false,false,,carro,MOTO-01
6935d752-bb4c-47eb-b1de-a3d7780d5fda,david.sanchez65@outlook.com,73,Bogotá,CC,3_4,familiar,true,4,casado,false,false,false,true,perro,carro,VIDA-01
3ecd24ad-f5e8-4ed9-a7dc-3dc4fb313552,valentina.martinez4@hotmail.com,22,Medellín,CC,mayor_30,arrendada,false,0,soltero,true,false,false,true,perro,moto,BICI-01
5c5f6ac2-1a88-499e-968a-2feae9aa6a82,,59,Bucaramanga,CC,4_6,familiar,false,0,divorciado,false,false,false,true,otro,bici,EXEQ-01
38169bf2-0190-4fba-ab7f-981174a382d0,3068486661,58,Medellín,CC,1_1.5,familiar,true,2,union_libre,true,false,false,true,perro,bici,APEXEQ-PAL-01
f31294f6-7ece-435e-a77e-4f888790f42c,santiago.rodriguez68@yahoo.com,68,Medellín,CC,3_4,propia,false,0,union_libre,true,false,false,true,perro,ninguno,DEUDOR-VIDA-01
983f71e1-975f-4159-b4a3-032b26bb3226,3326924941,54,Barranquilla,CC,4_6,propia,true,4,viudo,false,false,false,false,,moto,VIDAAH-01
e17cb919-8f92-43a3-83b0-6477858eefc0,3007694165,61,Bucaramanga,CC,8_10,arrendada,true,1,soltero,false,false,false,true,perro,ninguno,BICI-01
0d87a8fa-bc35-4dda-9e68-034f965adb70,3195005281,26,Mosquera,CC,3_4,propia,true,3,viudo,false,false,false,true,perro,carro,MOTO-01
37bd7c09-ad20-4af5-8a8e-8e9525b9c800,3911034956,22,Medellín,CC,4_6,familiar,false,0,viudo,false,false,false,true,perro,ninguno,HOGAR-01
e341a9be-7294-448e-bbda-6e34b68c467d,paula.lopez33@yahoo.com,67,Zipaquirá,CC,menor_smlv,familiar,false,0,union_libre,false,false,false,true,perro,ninguno,APEXEQ-PAL-01
3a4853df-cc8b-40fa-a2ac-565c238fec48,3585102146,38,Bogotá,CC,2.5_3,familiar,true,1,viudo,false,false,false,true,perro,carro,VIDA-01
4dac6096-cfd4-44e4-912d-4945259a5ce2,3859377533,40,Soacha,CC,10_20,familiar,false,0,union_libre,false,false,false,false,,ninguno,HOGAR-01
6e6f54cb-003c-4283-b3ec-090f404f8b61,3057761406,55,Zipaquirá,CC,mayor_30,propia,true,4,soltero,true,false,false,false,,ninguno,VIDA-01
69e1e186-0d98-4990-b3e4-3d664c406fe6,paula.jimenez51@hotmail.com,67,Medellín,CC,2.5_3,propia,true,4,union_libre,false,false,false,true,perro,bici,ASMULT-01
d7990bc0-5add-454f-bb28-02cd103ab50a,julian.martinez76@yahoo.com,52,Medellín,CC,1.5_2,propia,false,0,casado,false,false,false,true,perro,bici,PET-ASIS-01
2fe91353-6990-4144-996c-f0490f480f6f,santiago.lopez66@outlook.com,41,Bogotá,CC,2_2.5,propia,true,2,viudo,false,false,false,true,perro,moto,DEUDOR-VIDA-01
0c6916cf-aa8c-43d1-80d0-a60407787044,,23,Barranquilla,CC,20_30,familiar,true,2,divorciado,false,false,false,false,,ninguno,HOGAR-01
1b046ab1-fa8c-4dfd-ac5c-39680c17bbaa,3873670425,58,Bogotá,CC,1.5_2,familiar,false,0,viudo,false,false,false,true,perro,moto,ASMULT-01
e473338b-7e3e-4f63-974d-071d8fd37faf,felipe.castro9@yahoo.com,27,Barranquilla,CC,1_1.5,familiar,false,0,divorciado,false,false,false,true,gato,ninguno,BICI-01
7ceef22e-5bd2-4a75-bcf5-27c839f99b54,3532739688,75,Bogotá,CE,10_20,propia,false,0,union_libre,false,false,false,true,gato,moto,EXEQ-01
5215ec87-1008-4ccc-a9c8-38b32854aaeb,juan.suarez15@yahoo.com,49,Bogotá,CC,1_1.5,arrendada,true,3,union_libre,false,false,false,false,,ninguno,PET-SEG-01
f0081ab6-2f2a-44ab-bc01-c77e61715cf1,3532932444,60,Medellín,CC,8_10,propia,true,3,union_libre,true,false,false,false,,ninguno,ASMED-01
b88a6c89-1a9b-461c-ac64-d76ba51a6f4e,3014407629,64,Bogotá,CC,mayor_30,propia,true,3,casado,false,false,false,true,gato,ninguno,PET-SEG-01
ffab268c-f745-4abf-88e4-22cb4d5ed1be,3895473820,31,Bogotá,CC,2_2.5,arrendada,false,0,viudo,false,false,false,false,,moto,BICI-01
4b161892-fd87-48c7-be8b-546b151cecd5,3400330510,62,Bogotá,CC,8_10,familiar,true,4,casado,false,false,false,true,perro,carro,HOGAR-01
32a464c4-28d4-4422-a7fe-22fa6d0a3bba,3946357188,43,Bogotá,CC,20_30,familiar,false,0,casado,false,false,false,false,,carro,BICI-01
d35d9ffa-6916-45d3-9e69-e2c0ebc87dbd,sofia.rojas37@gmail.com,75,Zipaquirá,CC,6_8,propia,true,3,divorciado,false,false,false,true,perro,ninguno,BICI-01
421a0d25-d292-45ac-8172-175070ab539c,carlos.gonzalez38@yahoo.com,72,Manizales,CC,8_10,arrendada,true,1,viudo,true,false,false,true,gato,ninguno,EXEQ-01
7e4ead5a-b2ac-4f28-999d-cf55cfa7df37,3348936594,41,Bogotá,CC,20_30,familiar,false,0,union_libre,false,true,false,true,gato,carro,SALUD-01
4e8de3b9-e2f2-4a8a-8472-c17c8a2d638e,3876197681,32,Bucaramanga,CC,8_10,familiar,true,1,soltero,true,false,false,true,perro,ninguno,HOGAR-01
416cae1a-60e7-455b-b0ed-9db049914232,3171523910,67,Manizales,CC,mayor_30,familiar,false,0,viudo,true,false,false,false,,moto,HOGAR-01
a6af981a-f5db-4c27-99fb-62dd5599cefc,andres.castro19@yahoo.com,68,Bogotá,CC,10_20,familiar,false,0,viudo,false,false,false,true,perro,ninguno,ARRENDA-01
c004f010-36b7-41c1-bc55-cdb6a7a43ae4,3316279706,65,Bogotá,CC,4_6,familiar,false,0,viudo,false,false,false,false,,carro,SALUD-01
14509a11-ac52-4486-b656-17e417b1a798,,68,Bogotá,CC,mayor_30,propia,true,2,viudo,true,false,false,false,,moto,HOGAR-01
55d92b4d-960b-470a-9e75-f749015030bc,,63,Bogotá,CC,10_20,arrendada,true,2,viudo,true,false,false,true,perro,ninguno,ASMED-01
7d5d3b8b-352d-4a63-8eba-ad29410a4731,3446173274,33,Bogotá,CC,menor_smlv,familiar,false,0,divorciado,false,false,false,true,perro,ninguno,BICI-01
a0c1f186-58e6-45cc-8063-80659e07a5f3,3729545038,19,Bucaramanga,CC,1_1.5,arrendada,false,0,casado,true,false,false,false,,ninguno,SALUD-01
dce77844-c1c9-4d42-a3e3-b133021a43ed,3998962586,56,Bucaramanga,CC,mayor_30,arrendada,true,2,union_libre,false,false,false,false,,moto,HOGAR-01
5dfc821c-6172-49b5-a6e4-4a42497471a4,3286047658,61,Bogotá,CC,1.5_2,propia,true,3,divorciado,false,false,false,false,,moto,ASMULT-01
7f1f8438-7c60-4002-a1c6-7e5f2dd445dc,3038843660,37,Bogotá,CC,menor_smlv,propia,false,0,casado,false,true,false,true,perro,moto,ARRENDA-01
dd2db855-1e85-48cc-9b69-63f8ce0108f4,ana.ortiz36@hotmail.com,65,Bogotá,CC,3_4,arrendada,false,0,divorciado,false,false,false,true,perro,bici,MOTO-01
93c3a2ca-ea82-4e72-a384-014f8c7ac61a,,67,Medellín,CC,4_6,arrendada,true,1,casado,true,false,false,true,gato,ninguno,BICI-01
ce95ed02-a85b-47e3-ad61-a6aaadcd58f8,3670742153,22,Bogotá,CC,10_20,propia,true,4,casado,true,false,false,false,,ninguno,SALUD-01
1011790a-32d5-43d6-850a-fb3d80e9b7c7,3727075933,40,Cali,CC,10_20,familiar,true,2,union_libre,true,false,false,false,,ninguno,VIDA-01
fda6ed8c-25a2-45a6-957d-e55089f73f74,sebastian.jimenez3@yahoo.com,36,Soacha,CC,1_1.5,arrendada,true,3,divorciado,false,false,false,true,perro,moto,MOTO-01
7d1feb8f-0108-48d0-9978-48f6a7543965,3016440373,61,Mosquera,CC,3_4,propia,true,4,divorciado,false,false,false,false,,bici,MOTO-01
e9e3d6d3-fb9b-4f8b-91cf-99e103a24e6b,3477250842,33,Bogotá,CC,mayor_30,propia,false,0,union_libre,true,false,true,false,,ninguno,ASMED-01
8d848a25-8f59-4b45-8106-dd097c2605fe,3945659773,57,Barranquilla,CC,10_20,propia,false,0,soltero,false,false,false,true,gato,carro,HOGAR-01
a64448a4-9b67-4bc1-bd5d-890e0e3058bb,3028262542,20,Medellín,CC,2.5_3,propia,false,0,casado,true,false,false,true,gato,carro,ASMED-01
983925f1-3fa4-4d8b-89a9-f0681ace8231,santiago.vargas96@yahoo.com,58,Bogotá,CC,6_8,arrendada,false,0,casado,false,false,false,false,,carro,EXEQ-01
80612928-a3f4-4f26-bde6-21591e845d42,maria.ramirez54@gmail.com,27,Bogotá,CC,1_1.5,familiar,true,4,divorciado,true,true,false,true,perro,moto,APEXEQ-PAL-01
d6d6daa1-e0a9-420b-8156-76f2fef86ea4,paula.perez38@gmail.com,44,Barranquilla,CC,1_1.5,propia,true,1,soltero,false,false,false,true,perro,ninguno,HOGAR-01
f6e8035e-f09f-41ad-bd0d-f303108dbfab,3654255686,70,Bogotá,CC,1.5_2,propia,true,2,viudo,true,false,false,true,gato,ninguno,ASMULT-01
b45614d8-626a-4395-a9b8-e6b7a1f0db6d,3809882209,70,Bogotá,CC,1.5_2,arrendada,false,0,casado,false,true,false,true,gato,ninguno,PET-PREP-01
72bfe9ef-cb66-4ff2-aefd-83c085836485,paula.suarez39@gmail.com,31,Bogotá,CC,4_6,familiar,true,2,casado,false,false,false,false,,carro,DEUDOR-VIDA-01
f0af0341-772d-4f82-9c46-83ae25d60cf5,natalia.ortiz28@hotmail.com,55,Bogotá,CC,6_8,familiar,true,4,soltero,false,false,false,true,otro,ninguno,DEUDOR-VIDA-01
e8984e53-df4f-4866-8806-e5780a95e9a7,,61,Cali,CC,3_4,familiar,false,0,union_libre,false,false,true,true,gato,ninguno,ARRENDA-01
cc067177-91c4-45c1-9874-7052f1a54d77,3695613440,72,Medellín,CC,8_10,familiar,false,0,casado,false,false,false,true,gato,carro,EXEQ-01
e0692f06-3c0d-489a-acbf-bce1bfe98b50,natalia.jimenez71@hotmail.com,37,Bogotá,CC,2_2.5,arrendada,false,0,casado,false,false,false,false,,carro,ASMULT-01
41756ad0-c498-4615-bb5a-5aa01372baca,3703224891,33,Bogotá,CC,4_6,propia,false,0,union_libre,false,false,false,false,,carro,BICI-01
95e74248-0163-4cdc-982f-ac7c6f403b64,3955271774,68,Medellín,CC,2.5_3,familiar,true,1,union_libre,true,false,false,false,,moto,ASMED-01
6cd4b187-3e1c-45f7-b2d6-14ff8723b999,santiago.sanchez11@yahoo.com,59,Medellín,CC,20_30,arrendada,true,3,union_libre,true,false,false,true,perro,ninguno,SALUD-01
d0f3f2c5-b352-4a08-b27a-de5a06c94e42,3063066360,41,Barranquilla,CE,menor_smlv,propia,false,0,viudo,false,false,false,true,perro,moto,ASMULT-01
5b8afe33-d543-4cf3-83c4-a6548a4004ca,andres.rojas33@hotmail.com,37,Medellín,PA,2.5_3,familiar,false,0,divorciado,false,false,false,false,,ninguno,BICI-01
35b997a2-4619-4e28-8f5b-a7c035dc400e,3551293913,29,Cali,CC,2.5_3,arrendada,true,1,viudo,false,false,false,true,perro,moto,BICI-01
c483e8db-c725-4157-8fdf-17488b291677,julian.castro57@hotmail.com,52,Cali,CC,1_1.5,propia,true,3,union_libre,true,false,false,true,perro,carro,SALUD-01
4d68b8bf-f4ef-46a9-aed5-745845df25d5,3542205487,29,Bogotá,CC,10_20,propia,true,2,viudo,false,false,false,true,perro,moto,BICI-01
3cbe52bf-3b54-49a1-a631-b041b5945db6,3585988310,33,Medellín,CC,menor_smlv,propia,false,0,casado,false,false,false,true,perro,moto,PET-ASIS-01
3faa7e93-db73-402a-930d-979bc29a310b,ana.moreno82@hotmail.com,61,Bogotá,CC,mayor_30,arrendada,false,0,soltero,false,false,false,true,perro,carro,EXEQ-01
b4af9fdb-1542-4f9c-805b-ffd57baca66d,,50,Medellín,CC,menor_smlv,familiar,false,0,divorciado,false,false,false,true,perro,carro,PET-SEG-01
016c5893-decb-4fba-ae4c-e37b7d374d09,3301527737,36,Barranquilla,CC,mayor_30,familiar,false,0,soltero,true,false,false,true,perro,ninguno,PET-SEG-01
43d3b754-4bea-4416-9051-8063ad8515bc,carolina.florez34@gmail.com,71,Medellín,CC,6_8,propia,true,4,soltero,false,false,false,true,perro,moto,HOGAR-01
dd388d36-8475-4c2b-9c4f-c2b66fa7d9a4,3997954538,23,Funza,CC,1.5_2,familiar,true,2,soltero,false,false,false,true,perro,moto,MOTO-01
cc7ed75a-8268-4b96-8c9b-ad6f7e492043,3314584345,43,Mosquera,CC,4_6,propia,false,0,soltero,true,false,false,true,perro,carro,SALUD-01
a6312140-384a-44e1-bf3a-6e1f753c504a,sebastian.martinez18@outlook.com,22,Medellín,PA,6_8,familiar,true,3,casado,false,false,false,true,perro,moto,PET-SEG-01
7527ebc4-7697-4db0-bd24-3785594f76f8,3142614048,55,Medellín,CC,1_1.5,propia,true,2,divorciado,false,false,false,false,,ninguno,ASMULT-01
0c3a04ff-924f-4c26-952a-1d5ff3cb6378,daniela.suarez59@gmail.com,71,Bogotá,CC,2_2.5,propia,true,2,union_libre,true,false,false,false,,carro,EXEQ-01
14853cfc-d55c-4a4d-bd6d-2af9595516b3,3234436928,38,Medellín,CC,1_1.5,arrendada,true,4,casado,false,false,false,true,gato,bici,HOGAR-01
9c1e2c8b-030a-48dc-805c-d45ba22c0014,diego.martinez99@hotmail.com,52,Cali,CC,3_4,arrendada,true,4,soltero,false,false,false,true,perro,moto,DEUDOR-VIDA-01
eb2aefd8-6a09-400b-bdc2-3381555617b5,3986277028,49,Bogotá,CC,2.5_3,familiar,true,2,viudo,false,false,false,true,perro,carro,ASMULT-01
3b9f1a38-5a03-440e-9db2-8d5857e81740,3697755612,33,Bogotá,CE,2.5_3,propia,false,0,soltero,false,false,false,true,otro,ninguno,VIDA-01
08696b89-8dd8-4947-a6be-4acdc266d7cf,,48,Bogotá,CC,8_10,familiar,false,0,viudo,false,false,false,true,perro,ninguno,PET-SEG-01
7d485bc7-b174-44ce-87f8-9063f7fcb2cf,3035954429,58,Bogotá,CC,2.5_3,arrendada,true,4,union_libre,true,false,false,true,perro,carro,PET-PREP-01
0c8a8ed0-6599-4518-889a-58ef495a57b7,3855744431,61,Funza,CE,2_2.5,arrendada,false,0,soltero,false,false,false,true,perro,moto,EXEQ-01
afd7384f-2460-4954-9209-d8777cd8891c,,24,Cali,CC,mayor_30,familiar,false,0,union_libre,false,false,false,true,gato,ninguno,BICI-01
fbf50d2d-dd0e-44ce-bb3d-8a9e50e28ae3,santiago.perez40@hotmail.com,75,Cali,CC,1_1.5,propia,true,2,union_libre,true,false,false,true,perro,carro,ARRENDA-01
7cc87ac1-d606-4964-8e91-ad45efae751b,andres.perez19@outlook.com,35,Soacha,CC,1_1.5,familiar,false,0,soltero,false,false,false,false,,carro,MOTO-01
029ed0cf-c90b-4094-bd02-505f489ad175,laura.ortiz65@hotmail.com,36,Bogotá,CC,2.5_3,propia,false,0,casado,false,false,false,true,perro,moto,PET-ASIS-01
3c416717-cfa2-4609-8764-a134367e6902,ana.castro19@hotmail.com,74,Bogotá,CC,2_2.5,arrendada,false,0,union_libre,false,false,false,true,perro,ninguno,PET-SEG-01
cdb1ad86-f481-4aff-8ace-75bf7e5de876,3633759849,39,Barranquilla,CC,4_6,propia,true,4,viudo,false,true,false,true,gato,ninguno,VIDAAH-01
f05a1fae-ac23-4c36-b2db-8e7d004f61b0,3230990704,64,Bucaramanga,CC,1_1.5,arrendada,true,3,union_libre,true,true,true,true,perro,ninguno,DEUDOR-VIDA-01
d6579530-2347-4268-9fdc-e95775291277,3434565123,36,Barranquilla,CC,2_2.5,arrendada,true,3,soltero,true,false,false,false,,carro,ASMED-01
5c8cb271-16f3-4359-ba8f-02c8b3c9212a,3538179335,40,Soacha,CC,2.5_3,familiar,false,0,divorciado,false,false,false,false,,moto,MOTO-01
8a9da19d-a488-4232-9616-b161f6cd08a7,,34,Barranquilla,CC,2.5_3,propia,false,0,casado,true,false,false,true,perro,carro,SALUD-01
a0aba495-d75c-4143-af38-e5440a7a54cf,3571121816,73,Cali,CC,mayor_30,familiar,false,0,casado,false,false,false,true,gato,bici,EXEQ-01
f4056f86-f07e-4a18-bfbe-72d98e781d1a,,40,Bogotá,CC,1_1.5,propia,false,0,casado,false,false,false,true,perro,moto,HOGAR-01
0bda26f5-70b6-471a-82d9-8a1faaa0f556,3336288570,24,Barranquilla,CE,3_4,familiar,false,0,viudo,false,false,false,true,gato,ninguno,EXEQ-01
f4256f6d-2346-48d5-b7ad-fd409151bbca,3684709319,41,Bucaramanga,CC,6_8,familiar,false,0,viudo,false,false,false,false,,moto,VIDA-01
3d5e1a90-7cca-4cbf-b3db-47c3e61641be,3484587149,31,Bogotá,CC,menor_smlv,familiar,true,2,union_libre,true,false,false,true,perro,ninguno,APEXEQ-PAL-01
c2329f3e-1a88-4dcc-a445-ac0101b8f679,3879052244,22,Bogotá,CC,1.5_2,propia,false,0,viudo,false,false,false,true,perro,carro,ARRENDA-01
45440de0-1122-4a31-b710-32f0ad2a6867,3600791949,28,Barranquilla,CC,2_2.5,arrendada,false,0,viudo,false,false,false,true,perro,carro,HOGAR-01
3968cc71-759c-4782-b862-8aadef8c0651,paula.vargas81@hotmail.com,45,Cali,CC,2_2.5,propia,false,0,soltero,false,false,false,true,gato,moto,VIDA-01
b9caf1ee-538b-4106-834b-8ed26b4ff102,juan.gomez86@gmail.com,25,Bucaramanga,CC,10_20,propia,false,0,union_libre,true,false,false,true,perro,bici,VIDA-01
14f00c1e-00b1-4eb1-862c-ad28d76847ef,3936006082,47,Barranquilla,CE,menor_smlv,familiar,true,1,union_libre,false,false,false,false,,ninguno,ARRENDA-01
08dd06dc-1a25-45c7-927c-df06ef58aa04,3106672641,50,Soacha,CC,2_2.5,familiar,true,2,viudo,false,false,false,true,perro,ninguno,MOTO-01
e30eedd6-a03e-410d-865d-645ebe638100,3400946584,35,Manizales,CC,4_6,propia,false,0,viudo,true,false,false,false,,moto,BICI-01
b1490154-309d-4a5c-99b7-1b96d856620a,luis.vargas27@gmail.com,51,Medellín,CC,2.5_3,arrendada,false,0,soltero,false,false,false,false,,moto,ARRENDA-01
b3eaff28-61cb-4988-a81a-54173e31e296,,26,Barranquilla,CC,6_8,propia,true,3,union_libre,false,false,false,true,gato,bici,DEUDOR-VIDA-01
705ec2f8-ca08-4d37-a888-d86dcdddc851,david.suarez23@gmail.com,35,Bucaramanga,CE,mayor_30,propia,false,0,viudo,false,false,false,true,perro,ninguno,HOGAR-01
ba963c33-599d-4046-bac7-df28b84e44c9,,66,Bogotá,CC,2.5_3,arrendada,false,0,soltero,true,false,false,false,,carro,VIDA-01
fddff141-4aa5-4754-bf45-bc75344b75ef,,68,Manizales,CC,6_8,arrendada,false,0,divorciado,true,false,false,true,perro,ninguno,HOGAR-01
e1f23a80-093b-41b2-a3ef-66914e7cbf38,3376539790,20,Medellín,PA,3_4,arrendada,true,2,union_libre,true,false,false,true,perro,moto,DEUDOR-VIDA-01
0e4979f2-c8e9-47e1-95bf-d82c7e2b24ec,3728813770,47,Cali,CC,4_6,familiar,false,0,union_libre,false,false,false,true,gato,carro,VIDAAH-01
78a0c3c6-c252-49fe-a33c-60f4a913c304,luis.moreno48@gmail.com,25,Zipaquirá,CC,10_20,familiar,false,0,union_libre,false,false,false,true,perro,moto,BICI-01
eed837a3-a9bf-4292-8bcb-817e6757b3e5,3926625478,48,Bucaramanga,CC,6_8,familiar,true,1,viudo,false,false,true,false,,carro,VIDAAH-01
d16e3ed0-65db-4121-8e35-271de2af17c0,3544529258,29,Bucaramanga,CE,2.5_3,familiar,false,0,soltero,false,true,false,false,,moto,HOGAR-01
dae41407-beba-44bd-858d-30edfc50b25f,3339500479,74,Barranquilla,CC,3_4,familiar,true,4,union_libre,false,false,false,false,,moto,ASMULT-01
bbd402d6-7f12-460e-9ad4-5b3d199d95c6,3388597871,55,Bogotá,CC,1_1.5,propia,false,0,viudo,true,false,false,false,,moto,PET-SEG-01
ebb4c405-fbfc-4272-8ba8-82973d09e95a,3786928551,72,Bogotá,CC,mayor_30,propia,false,0,soltero,false,false,false,true,perro,ninguno,EXEQ-01
2624147b-62a1-46bc-9fb4-46a4ec728a5b,3244472126,35,Bogotá,CC,2.5_3,arrendada,false,0,divorciado,false,false,false,true,gato,ninguno,DEUDOR-VIDA-01
00e863f3-b07b-4b9e-ac19-3c283c166587,santiago.perez43@outlook.com,74,Bogotá,CC,1_1.5,propia,true,1,soltero,false,false,false,true,perro,ninguno,APEXEQ-PAL-01
85578ac7-c0c5-47e9-8bc5-70ff6a792bb7,daniela.torres74@gmail.com,38,Bogotá,CE,6_8,familiar,false,0,casado,false,false,false,true,perro,ninguno,PET-ASIS-01
6822a08a-287c-4b0c-97fa-cb8e8ba5ca9b,3740891205,55,Bogotá,CE,10_20,arrendada,false,0,union_libre,false,false,false,true,perro,ninguno,PET-ASIS-01
2c8ad631-fb7a-4f35-8e31-8759a7313c9c,sebastian.jimenez98@outlook.com,75,Bogotá,CC,1.5_2,arrendada,true,4,union_libre,true,false,false,false,,bici,ASMED-01
90c0d521-545a-4645-931a-7b72ac464142,sofia.suarez1@yahoo.com,42,Bogotá,CC,4_6,propia,false,0,viudo,true,false,false,true,otro,ninguno,VIDAAH-01
f4877215-3a54-4603-8ee5-3cdcf06bf136,sofia.perez10@gmail.com,42,Soacha,CC,menor_smlv,propia,false,0,viudo,false,false,true,true,perro,ninguno,APEXEQ-PAL-01
0c67f2ea-6bcb-478c-819e-d8e9886150d0,3335658804,33,Bogotá,CC,1_1.5,propia,false,0,divorciado,false,false,false,true,gato,carro,APEXEQ-PAL-01
d3eb3368-2bfe-4c60-b69f-5d69e5e839b8,3780028105,54,Bucaramanga,CC,2_2.5,familiar,false,0,soltero,false,false,false,true,perro,ninguno,PET-SEG-01
fe6ab462-f083-4619-aaef-d229a5405077,3090744479,62,Medellín,PA,3_4,familiar,false,0,soltero,false,false,false,true,perro,bici,ASMULT-01
e91ff548-25de-4fca-93bb-ccca0bfab249,3573472435,50,Bogotá,CC,4_6,propia,true,4,divorciado,false,false,false,true,otro,ninguno,VIDAAH-01
71f60bd8-4a8b-4c92-940d-0dd811049285,luis.rojas43@gmail.com,57,Mosquera,CC,1.5_2,familiar,true,3,soltero,false,false,false,true,perro,moto,PET-SEG-01
d45703e9-1982-448b-8471-1afed12bab5b,3104308045,32,Mosquera,CE,1_1.5,propia,false,0,soltero,true,false,false,false,,ninguno,DEUDOR-VIDA-01
2c6c6707-7cf2-469f-a1f9-e1bf3aa2755a,3243779507,64,Cali,CC,2.5_3,familiar,true,3,union_libre,false,false,false,true,perro,ninguno,ASMULT-01
80079619-7b02-4dee-8e42-b712421c03e4,camila.rojas47@hotmail.com,60,Cali,CC,menor_smlv,arrendada,false,0,viudo,true,false,false,false,,bici,SALUD-01
51783831-0d89-4f31-ba71-e71e81cc8c81,3513445532,56,Bogotá,CC,menor_smlv,arrendada,false,0,divorciado,true,false,false,true,gato,carro,APEXEQ-PAL-01
3308dbeb-59c7-46e5-a1af-e178fa89c6c6,jorge.sanchez59@outlook.com,46,Zipaquirá,CC,1.5_2,familiar,false,0,casado,false,false,false,true,perro,ninguno,SALUD-01
3584c49a-d0b1-4aa8-8d8b-06137626e751,3995695592,58,Bucaramanga,CC,2.5_3,arrendada,false,0,divorciado,false,false,false,true,perro,ninguno,ASMULT-01
b984df56-c87c-4a6e-8973-b63297eca910,3380374738,25,Medellín,CC,1_1.5,propia,true,2,divorciado,true,false,false,true,perro,bici,APEXEQ-PAL-01
4492b88d-c6e2-4bbf-b991-ea1e42256781,natalia.moreno47@yahoo.com,55,Bogotá,CC,1.5_2,arrendada,false,0,viudo,false,false,false,true,gato,carro,DEUDOR-VIDA-01
729c9c33-9bef-4d85-8ed5-41ae3a03f56e,,54,Medellín,CC,2.5_3,propia,true,4,divorciado,false,false,false,true,perro,moto,DEUDOR-VIDA-01
af841908-4b13-4839-9b32-46c6108c09c8,andres.garcia93@outlook.com,36,Cali,CC,mayor_30,familiar,true,2,soltero,false,false,true,false,,ninguno,PET-SEG-01
166d4cbd-829d-4ef1-af23-430fcd64f84b,3126839051,72,Cali,CE,2.5_3,propia,true,1,soltero,false,false,false,true,perro,ninguno,ARRENDA-01
b98840e0-7e3a-486d-8d9e-66ad3439f1f7,3717993886,50,Bogotá,CC,2.5_3,familiar,false,0,divorciado,false,false,false,false,,carro,ASMED-01
2eee942c-27f4-4770-9ebd-bcc475101dde,3147379965,19,Medellín,CC,2.5_3,arrendada,false,0,casado,false,false,false,true,perro,moto,ASMULT-01
bbb681e9-08b1-4b15-9bc6-7c9dbeadbfb6,3297012683,59,Bogotá,CC,1_1.5,arrendada,true,4,casado,true,false,false,true,perro,moto,ASMED-01
f1882daa-7004-4a9a-89d7-831a89b11414,santiago.torres6@yahoo.com,58,Bogotá,CC,10_20,propia,false,0,union_libre,false,false,false,true,gato,carro,PET-SEG-01
1bf20b2e-7da3-4a13-9de2-9f75862a56d5,,43,Bogotá,CC,menor_smlv,propia,true,3,casado,false,false,false,true,perro,ninguno,APEXEQ-PAL-01
85838f88-f879-4ef4-b608-f6be349cc44c,3567195030,41,Bogotá,CC,1.5_2,familiar,true,4,viudo,true,false,false,false,,ninguno,ARRENDA-01
709201d2-d3d1-46a2-b403-2bf8ae494a62,santiago.rojas76@outlook.com,35,Cali,CC,1.5_2,arrendada,false,0,union_libre,false,false,false,true,gato,moto,ASMULT-01
d45e9bb3-1981-492d-a374-04adb1b68bf7,3730371837,23,Funza,CE,20_30,arrendada,true,3,casado,false,false,false,false,,moto,BICI-01
bfabd916-eaf8-4bb8-9fa1-33007a4e5a29,3917761960,62,Zipaquirá,CC,10_20,propia,true,1,divorciado,true,false,false,true,otro,ninguno,EXEQ-01
34dff765-008f-4177-b308-4ee922c65c82,david.moreno61@yahoo.com,71,Bogotá,CC,2_2.5,arrendada,false,0,union_libre,true,false,false,true,otro,ninguno,SALUD-01
c3277a58-6be3-4978-9849-64d1b5aa7b1d,3904474176,37,Bogotá,CC,4_6,arrendada,false,0,union_libre,true,false,false,true,perro,ninguno,DEUDOR-VIDA-01
e78f6681-481d-4edf-9084-8af16165d6bb,,52,Bogotá,CC,mayor_30,familiar,true,1,casado,false,false,false,true,perro,ninguno,HOGAR-01
8754831d-963d-4821-85a6-2a73c035666e,jorge.moreno26@hotmail.com,21,Soacha,CC,2_2.5,familiar,false,0,divorciado,false,false,false,false,,ninguno,BICI-01
bf5e37af-a31f-4996-823d-bb5feb1b1489,felipe.gonzalez62@hotmail.com,66,Bogotá,CC,2.5_3,familiar,false,0,union_libre,true,false,false,true,perro,moto,DEUDOR-VIDA-01
f0695807-b16b-4cf2-9c41-912d5130ea4c,3121312434,63,Soacha,CC,20_30,arrendada,true,4,divorciado,true,false,false,true,perro,ninguno,BICI-01
514243e5-1b5a-401e-a993-37b70d3ad7f2,3894118491,32,Bogotá,CC,6_8,arrendada,false,0,viudo,false,false,false,false,,moto,HOGAR-01
caf73ee5-bb18-44d8-9b4b-d4d58d81d0f4,3187993844,38,Bogotá,CC,6_8,arrendada,false,0,union_libre,false,false,false,true,gato,moto,VIDAAH-01
7e902bf2-8f9a-456a-b44f-1f6d00a24813,3552674693,36,Bogotá,CC,2.5_3,propia,false,0,casado,false,false,false,true,perro,moto,HOGAR-01
4baccc79-bfa1-483f-8d05-f7c125fa1969,laura.garcia82@yahoo.com,70,Bogotá,CC,2.5_3,propia,true,3,soltero,false,false,false,true,gato,moto,EXEQ-01
04ef24a1-cf69-448a-90af-f4f743f1b141,maria.gonzalez82@outlook.com,65,Mosquera,CC,3_4,propia,false,0,union_libre,false,false,false,false,,ninguno,MOTO-01
a8463d00-7d3a-4856-9bc5-7fd5d7e7f905,3910657351,41,Bogotá,CC,4_6,arrendada,true,3,divorciado,false,false,false,true,perro,moto,VIDAAH-01
c6f2debc-c828-4aa1-9a53-f3040bc2dd78,3395302155,54,Bogotá,CC,3_4,propia,false,0,casado,true,false,false,true,perro,carro,PET-PREP-01
3cb45036-10d1-4f9f-8e65-bac779703129,3112879429,60,Medellín,CC,2.5_3,familiar,true,2,divorciado,false,false,false,true,otro,ninguno,DEUDOR-VIDA-01
c6ca4660-72d2-4636-aa8c-0379568a3612,3746905792,33,Bogotá,CC,1.5_2,familiar,false,0,soltero,false,false,false,false,,ninguno,BICI-01
f9dd35cf-1194-4cfe-a1af-689f2f7047f9,diana.rojas11@hotmail.com,34,Medellín,CE,8_10,arrendada,false,0,viudo,false,false,false,true,perro,moto,SALUD-01
e62dc8e2-3d81-4e8f-b200-3c1e239291a1,3833183902,72,Soacha,CC,1_1.5,arrendada,true,4,casado,false,false,false,false,,ninguno,APEXEQ-PAL-01
cfd8c371-dec7-485d-ba3d-435f58f3245a,3210379982,75,Soacha,CC,menor_smlv,arrendada,true,4,viudo,true,false,false,true,perro,carro,SALUD-01
94e1ef33-1f9a-48f2-a417-24beff85be67,,57,Manizales,CC,6_8,arrendada,true,1,casado,false,false,false,true,gato,ninguno,PET-SEG-01
3ce15643-dc97-4bf6-9570-aa03ccac48e9,diego.ramirez10@hotmail.com,26,Soacha,CC,menor_smlv,propia,true,3,divorciado,false,false,false,true,gato,bici,APEXEQ-PAL-01
407ee1b8-8de5-42b3-b9b4-3cdf181cfb80,3265053477,61,Barranquilla,CC,2.5_3,propia,false,0,soltero,false,true,false,true,gato,moto,PET-PREP-01
816fbe57-38ae-4844-8b1a-ab0d3955a556,3390282976,49,Soacha,CC,mayor_30,propia,true,2,soltero,false,false,false,true,perro,bici,DEUDOR-VIDA-01
ffdc2d02-2cdf-4056-bf23-14fab9a166c4,3100032666,72,Medellín,CC,3_4,arrendada,true,1,viudo,false,false,false,true,otro,moto,ASMULT-01
5d21044c-7923-48a4-a213-d5c3abdf4c2f,,75,Barranquilla,CC,20_30,familiar,true,2,soltero,false,false,false,true,gato,ninguno,PET-ASIS-01
9ea211c7-59c2-4860-8fbd-843f3bde6a54,3177905340,31,Cali,CC,4_6,familiar,false,0,viudo,true,false,false,false,,bici,DEUDOR-VIDA-01
3f8798dc-bb02-40f6-9e71-5eee35d3660e,3021367160,59,Bogotá,CC,menor_smlv,propia,true,3,soltero,false,false,false,false,,ninguno,ARRENDA-01
2868bc47-a53b-4b9a-926b-52731734129d,3331044817,61,Zipaquirá,CC,8_10,familiar,false,0,casado,false,false,false,false,,ninguno,HOGAR-01
f806d05b-771b-4204-ac37-61f08a72da52,3594973449,26,Medellín,CC,menor_smlv,arrendada,true,2,divorciado,false,false,false,false,,moto,BICI-01
21dee32f-b088-435c-a517-360f2818f48e,sebastian.perez6@outlook.com,34,Bogotá,CC,20_30,familiar,false,0,casado,false,false,false,true,gato,ninguno,BICI-01
daac8f28-cef8-4a3f-836c-3ab739d5b358,3901476797,44,Bogotá,CC,3_4,propia,false,0,viudo,true,false,false,false,,ninguno,DEUDOR-VIDA-01
7b49dd71-1c41-4d8d-bee6-548c59a5d8b8,3108165887,53,Barranquilla,CC,6_8,propia,false,0,soltero,false,false,false,false,,ninguno,BICI-01
e1cada3b-a06d-416a-91ee-865b41983151,3633786137,25,Cali,CC,menor_smlv,arrendada,false,0,divorciado,false,false,false,true,gato,moto,ARRENDA-01
8dcefb16-0210-45d3-b6c3-963d6fe96f23,santiago.gonzalez34@outlook.com,68,Zipaquirá,CC,2_2.5,propia,false,0,union_libre,true,false,false,false,,ninguno,MOTO-01
a00d1d9e-fe8e-495d-b503-7f06f194e9a4,,23,Zipaquirá,CC,2.5_3,familiar,false,0,viudo,false,false,false,false,,carro,MOTO-01
934d0560-7b21-490d-9921-c6bb50d191ca,3674068735,59,Medellín,CC,2.5_3,arrendada,true,3,casado,false,false,false,true,gato,carro,DEUDOR-VIDA-01
4cfffa37-fb08-41ac-8e25-dd4791f84360,3971527323,18,Cali,CC,10_20,familiar,false,0,union_libre,false,false,false,true,perro,ninguno,HOGAR-01
338a597c-20ee-4913-9cfb-70c258feba05,,22,Bogotá,CC,1.5_2,propia,true,3,soltero,false,false,false,true,gato,moto,BICI-01
9139239c-5bd3-4e76-a6eb-dd5940ec1e4f,3427617075,63,Medellín,CC,4_6,arrendada,true,4,divorciado,true,false,false,true,otro,moto,HOGAR-01
ba52d031-0170-4cc1-b478-bcf1d03c248f,3155945011,67,Medellín,CC,1.5_2,familiar,true,2,soltero,false,false,false,true,perro,moto,EXEQ-01
3e613fdd-eb0c-4619-83ba-6dfa7cd17636,3323606679,67,Soacha,CC,10_20,familiar,true,4,union_libre,false,false,false,true,perro,moto,PET-PREP-01
176463d0-4552-4bdb-9014-a7c0bb63d64e,3342708668,51,Funza,CC,4_6,arrendada,true,2,union_libre,true,false,false,false,,ninguno,HOGAR-01
efaaca36-05a6-4c77-9eae-bb702e96a050,3095790737,25,Medellín,CC,menor_smlv,propia,false,0,viudo,false,false,false,false,,ninguno,BICI-01
f0bdb5a7-ed7e-4490-b056-e3598c458877,sebastian.castro4@yahoo.com,25,Barranquilla,CE,6_8,arrendada,true,4,casado,false,false,false,true,perro,ninguno,HOGAR-01
8441c7b9-b7e7-4ebd-bbe8-72dae1a70b20,3606844706,64,Soacha,CC,mayor_30,arrendada,true,3,soltero,false,false,false,true,perro,moto,DEUDOR-VIDA-01
a3554173-8524-40ea-aa4a-af6836d23454,3418621042,46,Barranquilla,CC,3_4,propia,true,2,soltero,true,false,false,true,perro,carro,SALUD-01
d91784fc-a51d-405a-b083-7a74daecc726,3351209459,63,Cali,CC,2.5_3,familiar,false,0,soltero,false,false,false,true,perro,bici,ASMULT-01
6c0206e1-d426-4df3-91d8-be8a3b8e360e,3234306587,36,Funza,CE,1.5_2,familiar,false,0,viudo,false,false,false,true,perro,carro,DEUDOR-VIDA-01
0c2416c6-6df9-4544-860f-e01fa8f99eee,3826886153,35,Bogotá,PA,2_2.5,familiar,true,3,union_libre,false,false,false,true,perro,bici,BICI-01
bb17acd4-1a46-400a-b801-02fa9237ae37,julian.florez66@hotmail.com,22,Medellín,CC,menor_smlv,arrendada,true,1,divorciado,false,false,false,true,perro,bici,BICI-01
4a48c4a1-58a2-442f-85ef-311aff2169ca,,73,Barranquilla,CC,20_30,propia,true,3,divorciado,false,false,false,false,,ninguno,HOGAR-01
ec8c0ac7-b65f-47b9-98b8-e80db393bcc0,diana.moreno85@yahoo.com,47,Mosquera,CC,menor_smlv,propia,true,1,casado,false,false,false,true,perro,carro,ASMULT-01
cdee4081-a845-4990-9f81-27a815e7f76f,3890030102,46,Bogotá,CC,1_1.5,arrendada,true,1,union_libre,false,false,false,true,perro,ninguno,ASMULT-01
c958fdc7-ed19-461a-a9aa-004d94f73ccf,3956785876,45,Bogotá,CC,1_1.5,propia,false,0,soltero,false,false,false,false,,ninguno,HOGAR-01
461610ef-dd83-43ec-aecd-0f390b1a9651,3410079419,55,Medellín,CE,4_6,arrendada,false,0,union_libre,false,false,false,true,perro,moto,VIDAAH-01
46f30e8f-a4c2-4fe1-bca4-38a6d4facbde,andres.torres11@outlook.com,61,Bogotá,CC,1.5_2,familiar,false,0,union_libre,false,false,false,false,,bici,SALUD-01
1856e001-ac56-44db-be15-38f874e7bd1a,carlos.perez44@yahoo.com,35,Bogotá,CC,1.5_2,propia,true,3,soltero,true,false,false,true,gato,ninguno,PET-PREP-01
adc1aff8-f229-45ae-9494-64a96ccc4d81,3055501878,55,Barranquilla,CC,menor_smlv,propia,false,0,union_libre,false,false,false,true,gato,ninguno,VIDA-01
b6306f1e-d394-41f7-a98b-c9025eee3871,valentina.rojas69@yahoo.com,41,Bogotá,CC,1_1.5,arrendada,false,0,union_libre,false,false,false,true,perro,ninguno,HOGAR-01
69d1e301-0064-428c-a9d3-e24b95591599,luis.gomez32@outlook.com,19,Medellín,CC,1_1.5,arrendada,false,0,divorciado,false,false,false,true,gato,moto,ARRENDA-01
92fc50a2-b1e6-4209-843d-30d922a9bf61,,71,Bogotá,CC,2_2.5,arrendada,false,0,soltero,true,false,false,true,otro,moto,EXEQ-01
da6a24cd-8a07-4d6a-8ec6-29d1cc5c4b9e,felipe.sanchez58@yahoo.com,39,Bogotá,CC,3_4,arrendada,true,4,viudo,false,false,false,true,gato,carro,PET-SEG-01
fa0a8151-a3b5-4544-8088-8703193be35f,luis.ramirez23@yahoo.com,43,Cali,CC,6_8,propia,false,0,casado,false,false,false,false,,carro,HOGAR-01
94b046bc-6f36-4d5a-b949-b8be641274f9,julian.martinez17@outlook.com,57,Bogotá,CC,1_1.5,propia,false,0,union_libre,false,false,false,false,,ninguno,ASMULT-01
7984265d-aebf-4c1d-a985-8324922523fc,natalia.castro52@gmail.com,43,Bucaramanga,CC,1_1.5,familiar,false,0,soltero,false,false,false,true,perro,moto,PET-SEG-01
7f3860ec-63b8-49cb-935a-d2fef3beffaf,3718321305,36,Medellín,CE,mayor_30,familiar,false,0,viudo,false,false,false,true,gato,ninguno,HOGAR-01
1f90e615-274d-4f77-9b75-b0b981ca451b,3963049550,54,Bogotá,CC,2.5_3,arrendada,false,0,viudo,false,false,false,true,perro,moto,BICI-01
0eda0a8b-7af2-47db-8fd1-762bab725ca1,3610290871,50,Bogotá,CC,4_6,arrendada,false,0,union_libre,false,false,false,false,,ninguno,DEUDOR-VIDA-01
e6fefd3f-1d52-4962-825b-4033dbdfd85b,3943114262,65,Bucaramanga,CE,8_10,arrendada,false,0,union_libre,true,true,false,true,gato,ninguno,HOGAR-01
cc94fd74-053c-4935-ab35-5f30e01980f4,diego.rodriguez84@yahoo.com,18,Soacha,CE,2.5_3,arrendada,true,3,union_libre,false,true,false,true,otro,carro,DEUDOR-VIDA-01
eab21190-ffb4-4353-813f-3b01be7b9b25,andres.ramirez30@gmail.com,19,Cali,CC,menor_smlv,arrendada,false,0,casado,false,false,false,false,,carro,BICI-01
28c71f48-17a7-47e3-9a81-634d773f836b,3734214211,35,Medellín,CC,menor_smlv,arrendada,false,0,viudo,false,false,false,true,perro,ninguno,BICI-01
8ffe2512-8ee0-4a6e-affb-345e618983e8,3700046661,37,Bogotá,CC,2.5_3,familiar,true,1,soltero,false,false,false,true,otro,moto,DEUDOR-VIDA-01
f5ad62d6-e736-4666-92c4-2028598d574d,paula.moreno64@outlook.com,24,Bogotá,CC,8_10,propia,true,4,union_libre,false,false,false,true,perro,ninguno,DEUDOR-VIDA-01
cb3b60ad-4ffb-4b0c-af18-14f7da84ed97,3434050136,50,Barranquilla,CC,1_1.5,familiar,true,3,union_libre,false,false,false,false,,ninguno,PET-SEG-01
43b698e4-0944-4c93-af59-247ab7365f03,3437700627,54,Barranquilla,CC,1.5_2,familiar,true,3,soltero,false,false,false,true,perro,moto,ASMULT-01
23565e9d-691b-443c-a1ec-046b91707cca,3250882324,58,Medellín,CE,2.5_3,familiar,true,4,viudo,false,false,false,false,,carro,DEUDOR-VIDA-01
c52060bc-198a-4f85-8d88-9467cc2f703f,3120224175,30,Bogotá,CC,1_1.5,arrendada,true,1,viudo,false,false,false,true,perro,ninguno,BICI-01
76c6b708-9b4e-424e-a083-c50ad19b5051,3946592054,51,Soacha,CC,8_10,familiar,true,3,soltero,false,false,false,true,perro,bici,PET-SEG-01
45fe23af-6678-44e8-a1f8-541de1e1bf95,3544029195,42,Bogotá,CC,2.5_3,propia,true,3,viudo,false,false,false,true,perro,carro,ASMULT-01
0ae6406d-ea49-4ca6-8735-139b915712a9,3261845537,66,Medellín,CC,4_6,familiar,false,0,casado,false,false,false,true,perro,ninguno,HOGAR-01
1612ad71-8eb6-4da4-882f-a0cf50b56967,3671947143,60,Bogotá,CC,20_30,familiar,false,0,union_libre,true,false,false,false,,carro,PET-PREP-01
b9d90021-c76f-46b6-9fb0-682396a9ceba,3433036541,67,Bogotá,CC,1_1.5,arrendada,true,4,viudo,false,true,false,false,,ninguno,ASMULT-01
e4884a5f-90e8-4824-ba52-6214bcbd17d0,3818271513,66,Zipaquirá,CC,1_1.5,familiar,false,0,union_libre,false,false,false,true,perro,moto,VIDA-01
f51ef569-d3aa-4b02-b430-5a2d3ffbdb92,3605230458,50,Bogotá,CC,8_10,arrendada,false,0,union_libre,false,false,false,true,perro,ninguno,HOGAR-01
7c444858-7b91-4b2f-a931-35b7d89863c2,3396101759,61,Bogotá,CC,2_2.5,familiar,false,0,soltero,false,false,false,true,perro,ninguno,ARRENDA-01
408f2035-b75a-4a91-a30b-9832b65c34b9,andres.perez30@hotmail.com,28,Bogotá,CC,menor_smlv,propia,true,2,union_libre,false,false,false,false,,ninguno,ARRENDA-01
99813cec-5046-4793-9522-4461d9d2c11a,,32,Bogotá,CC,menor_smlv,familiar,false,0,casado,false,false,false,true,perro,bici,ARRENDA-01
58dd4535-7cdf-483c-976e-ea7894992872,3580791065,72,Bogotá,CC,menor_smlv,arrendada,false,0,union_libre,true,false,false,false,,moto,EXEQ-01
24f10dbe-bf63-4d08-bd00-b804bd92cb79,3277689627,19,Bucaramanga,CC,2_2.5,arrendada,true,1,union_libre,false,false,false,false,,ninguno,ASMULT-01
123c8a2d-3036-4e77-a63b-494768ae56d0,3210954968,44,Soacha,CC,2.5_3,arrendada,false,0,divorciado,false,false,false,false,,ninguno,MOTO-01
34d04339-08db-4d5a-9bbd-280ff8d74ded,jorge.ortiz18@yahoo.com,72,Bucaramanga,CC,2.5_3,propia,false,0,divorciado,false,false,false,true,gato,moto,ARRENDA-01
3af5a027-1829-48a8-b587-0a3ed1e66209,sofia.martinez11@hotmail.com,68,Medellín,CC,20_30,familiar,true,2,casado,false,false,false,true,otro,carro,BICI-01
848ed74f-5d0a-44c9-b26f-4c4014685bf5,3232210912,74,Cali,CC,3_4,arrendada,false,0,union_libre,false,false,false,true,perro,bici,ASMULT-01
2bb1a307-6cb2-4095-9e38-9a1bb284f846,3359096056,48,Barranquilla,CC,1.5_2,propia,true,2,soltero,false,false,false,true,perro,ninguno,DEUDOR-VIDA-01
216a705c-4fe7-4207-a47a-2c6f86e281b8,andres.sanchez58@hotmail.com,73,Bogotá,CC,8_10,arrendada,false,0,casado,false,false,false,false,,ninguno,HOGAR-01
70c46a63-9420-40fd-ab54-f9aa2fbaaa8f,ana.lopez8@hotmail.com,23,Cali,CC,mayor_30,arrendada,true,3,casado,true,false,false,true,perro,moto,HOGAR-01
6e12328b-0b56-498f-a365-cd7f59fc94a2,3656581898,60,Bogotá,CC,10_20,propia,false,0,divorciado,true,false,false,true,perro,ninguno,HOGAR-01
f5772784-d3c8-4537-ba90-3c2340dc07d0,3336314098,29,Barranquilla,CC,2_2.5,propia,false,0,divorciado,true,false,false,true,perro,moto,ARRENDA-01
827c9dd1-24f7-4f35-be44-42ffdacfad22,3398529894,34,Bogotá,CC,4_6,propia,false,0,divorciado,false,false,false,true,gato,bici,BICI-01
0ac84635-81ab-4995-8f30-12c9938ce595,juan.rojas50@gmail.com,36,Bogotá,CC,20_30,arrendada,true,2,union_libre,true,false,false,true,perro,moto,SALUD-01
070cc2e8-82c0-4d97-9241-dbffc7ce44c9,3300352751,47,Cali,CC,20_30,propia,false,0,viudo,false,false,false,true,perro,carro,PET-SEG-01
01e58261-fd88-41d8-84dc-c71c4cab54b4,david.perez80@hotmail.com,61,Bogotá,CC,20_30,propia,true,3,divorciado,false,false,false,true,perro,carro,PET-SEG-01
89331836-2560-4533-b6d5-2c8851b4faea,,41,Medellín,PA,1_1.5,familiar,true,4,viudo,true,false,false,false,,ninguno,SALUD-01
67b63a10-55c0-4b25-8782-620b865f69e0,3945651181,20,Cali,CC,1.5_2,propia,false,0,soltero,true,false,false,true,perro,carro,PET-ASIS-01
99d2e211-aa53-4103-bfb8-3cde2cffeaf9,3694397422,38,Bogotá,CC,6_8,arrendada,false,0,viudo,false,false,true,true,perro,carro,VIDA-01
f8b54efe-fef1-459f-9135-741d2d13aca5,3629367408,59,Bogotá,CC,4_6,arrendada,false,0,divorciado,false,false,false,true,perro,carro,VIDA-01
ccb2d6cf-fc82-4e87-8d6f-2eeb50bac121,3939687186,68,Medellín,CC,20_30,arrendada,false,0,soltero,false,false,false,true,perro,moto,PET-SEG-01
7867b06c-3e88-4f46-b176-7388ab06c2a2,,55,Bucaramanga,CC,4_6,familiar,true,3,divorciado,false,false,false,true,perro,ninguno,VIDAAH-01
35c2bf79-b0a3-4ecf-b94e-16ce8bb326e3,3567600427,20,Barranquilla,CC,10_20,familiar,false,0,casado,false,false,false,false,,carro,HOGAR-01
a657f7a3-d068-4ac6-abb6-a2ff1b3016c1,3657555748,42,Soacha,CC,3_4,familiar,true,2,viudo,true,true,false,true,perro,carro,MOTO-01
d7e7dca6-6d56-4f76-87db-f128fb7160dd,sofia.florez89@yahoo.com,43,Bogotá,PA,menor_smlv,propia,false,0,soltero,false,false,false,true,gato,carro,APEXEQ-PAL-01
a79d2111-52ee-44b5-985f-5917173bdccd,,20,Bogotá,CC,2_2.5,familiar,true,4,casado,true,false,false,true,otro,moto,ASMULT-01
dd1def37-3161-4177-9fcf-1b8af0a4e467,3332276039,29,Medellín,PA,1_1.5,familiar,false,0,soltero,false,false,false,true,perro,carro,PET-SEG-01
a2514d2c-5719-42fd-992a-7f8af8afa27d,3369200912,40,Funza,CC,mayor_30,familiar,false,0,union_libre,true,false,false,true,otro,ninguno,VIDA-01
cab7136e-3066-4347-95f9-03af5940754b,,68,Medellín,PA,1.5_2,familiar,false,0,viudo,true,false,false,true,gato,ninguno,VIDA-01
d3d892dc-992c-4569-b6ca-12621c822cac,3262048240,25,Zipaquirá,CC,3_4,propia,true,1,divorciado,false,false,false,true,perro,carro,PET-SEG-01
e19722d8-3a3b-4728-a80c-30de94846df6,3856257504,28,Barranquilla,CC,4_6,arrendada,true,4,union_libre,false,false,false,false,,moto,DEUDOR-VIDA-01
8e2d9429-b5a1-4771-9e7e-359f574873bd,ana.rodriguez42@gmail.com,45,Cali,CE,3_4,arrendada,false,0,soltero,false,false,false,false,,moto,ASMULT-01
0789f553-b57a-4ea8-b019-4693b0e4567c,3167349928,71,Bogotá,CC,2.5_3,propia,false,0,divorciado,false,false,false,false,,ninguno,BICI-01
54ecf4bd-d234-425e-86be-83db69f97616,3681809788,66,Bogotá,CC,3_4,arrendada,false,0,casado,false,false,false,true,perro,bici,EXEQ-01
6b259dde-5e8f-4449-8da8-0a3bf6af4c89,3754182771,68,Barranquilla,CC,20_30,arrendada,false,0,viudo,false,false,false,true,gato,moto,HOGAR-01
b4e8e491-cf24-4ff8-85b3-c469005f112a,3131528547,58,Bogotá,CE,menor_smlv,familiar,false,0,soltero,false,false,false,true,perro,moto,ARRENDA-01
1822bb27-20ad-4296-aafa-65f66a6fe602,felipe.gomez18@gmail.com,45,Bogotá,CC,8_10,arrendada,true,4,divorciado,false,false,false,true,gato,ninguno,PET-SEG-01
854a2617-59d4-444a-a31c-2a705a6cfec1,3843988939,19,Bucaramanga,CC,2_2.5,familiar,true,1,divorciado,false,false,false,true,perro,moto,PET-SEG-01
25634cda-a8fd-49f1-b84b-24841baf74c6,3793919474,32,Medellín,PA,menor_smlv,propia,false,0,viudo,false,false,false,false,,moto,APEXEQ-PAL-01
d3938f0a-90f4-4c4e-ac68-5a542c3174a8,3159054248,36,Bogotá,CC,6_8,familiar,true,3,soltero,false,false,false,true,gato,ninguno,VIDAAH-01
75389835-d3d1-4cbb-8d33-f50fc6bf9f26,3272878184,61,Mosquera,CC,1_1.5,familiar,false,0,union_libre,false,false,false,false,,moto,VIDA-01
82cccd59-bc4d-4921-ad73-137ed53165a1,3203886217,40,Mosquera,CC,1_1.5,propia,false,0,viudo,true,false,false,false,,ninguno,ARRENDA-01
e710aeb0-8b7f-467d-819b-19d66882a5c7,carolina.rojas87@hotmail.com,31,Bogotá,CC,20_30,familiar,false,0,union_libre,true,false,false,true,perro,ninguno,HOGAR-01
f96bf69f-2372-4eb3-8768-1184ff3af1af,daniela.rodriguez87@hotmail.com,65,Bogotá,CC,4_6,propia,false,0,soltero,false,false,false,false,,ninguno,DEUDOR-VIDA-01
62e9c520-192c-4971-9d7b-bb32ae77175d,diego.ortiz79@yahoo.com,34,Bogotá,CE,8_10,familiar,false,0,casado,false,false,false,false,,ninguno,BICI-01
803cf87b-9336-4781-8d8d-6df3d9cca1db,3297980134,49,Bogotá,CE,1.5_2,familiar,false,0,soltero,false,false,false,true,gato,ninguno,PET-SEG-01
207e2ec0-fc1e-4cb1-ba38-ae169a17e392,3906516512,43,Bogotá,CE,3_4,arrendada,true,4,casado,false,false,false,false,,ninguno,DEUDOR-VIDA-01
bc94e3b5-3f09-4c0e-aa46-eca30763d9ef,3008973036,40,Barranquilla,CE,10_20,familiar,true,1,divorciado,false,false,false,true,otro,ninguno,HOGAR-01
427df228-4036-4b36-912f-7960c87591b7,laura.gomez84@hotmail.com,29,Funza,CC,2_2.5,familiar,true,1,casado,false,false,false,true,perro,carro,MOTO-01
b2ae4d31-8de5-4853-b69c-2346ab3e75fe,sofia.lopez93@outlook.com,27,Soacha,CC,1.5_2,familiar,false,0,union_libre,true,false,false,false,,ninguno,MOTO-01
56bd8d59-8365-488d-8fac-3e622b9ae526,ana.rodriguez42@outlook.com,21,Bogotá,CC,mayor_30,arrendada,false,0,casado,false,false,false,false,,carro,HOGAR-01
5511fb09-1aae-4a57-bccd-781b996120b6,3124433749,40,Medellín,CC,4_6,familiar,true,4,viudo,true,false,false,true,gato,ninguno,BICI-01
f8ba79a4-7f6b-4e3b-8dba-09701ba26b94,3199410137,69,Medellín,CC,1.5_2,propia,true,3,soltero,true,false,false,true,perro,moto,PET-PREP-01
3970ccbe-0fee-4dcb-8f94-79df9f451403,daniela.sanchez12@outlook.com,70,Medellín,CC,20_30,arrendada,false,0,soltero,true,false,false,true,otro,ninguno,EXEQ-01
91ffb76c-7dee-47c1-b383-fa3c429ac21a,3463866432,24,Bogotá,CC,2_2.5,propia,true,4,casado,false,false,false,true,gato,moto,BICI-01
49fed496-9b90-45bd-9b93-cdcc31ae93dc,3878865385,61,Bogotá,CC,1.5_2,propia,true,4,divorciado,false,false,false,true,perro,carro,DEUDOR-VIDA-01
1bf73236-a139-4ef0-b123-84ad2bc95df5,3186692552,56,Medellín,CC,20_30,propia,true,3,soltero,true,false,false,true,perro,moto,SALUD-01
5abc65cb-a16d-4a94-b923-e2695bd4f048,paula.garcia6@gmail.com,34,Bogotá,CC,1_1.5,propia,true,1,viudo,false,false,false,false,,ninguno,DEUDOR-VIDA-01
bfa47cf9-c53c-41fa-bace-80939762e17c,,41,Bogotá,CC,4_6,arrendada,false,0,divorciado,false,false,false,false,,ninguno,VIDAAH-01
8319a327-d20a-4898-9036-b26638112eac,3592063041,42,Bogotá,CC,3_4,propia,false,0,divorciado,true,false,false,true,otro,carro,PET-SEG-01
7731b234-15cd-48a9-9b59-fa689f2d0b77,camila.castro90@gmail.com,63,Barranquilla,CC,2_2.5,familiar,false,0,soltero,false,false,false,true,perro,carro,DEUDOR-VIDA-01
74187104-9809-45fb-9ba6-992f34be64c1,3847040227,34,Bogotá,CC,10_20,propia,true,1,soltero,false,false,false,true,otro,ninguno,ASMED-01
c10da3f8-01fc-4281-82f8-f2fce9325dc4,3557464333,21,Medellín,CC,20_30,propia,false,0,casado,false,false,false,true,gato,ninguno,HOGAR-01
8754482f-bacf-438d-aa15-da490aede815,3672530815,51,Medellín,CC,menor_smlv,familiar,false,0,divorciado,false,false,false,true,perro,moto,PET-PREP-01
3488e989-6c5e-47d6-b07d-79f1b9e0abd9,,37,Bucaramanga,CC,3_4,familiar,true,4,divorciado,true,false,false,true,perro,moto,BICI-01
28aa3519-46b2-46d3-8343-4eb2951a8ac5,3975744510,24,Zipaquirá,CC,20_30,familiar,true,3,viudo,false,false,false,false,,ninguno,DEUDOR-VIDA-01
773328a9-e85d-4cfc-beb5-924138688a77,3307248764,24,Bogotá,CC,10_20,arrendada,false,0,soltero,false,false,false,true,otro,moto,HOGAR-01
a130da58-b919-4716-9b4e-72ea2a299967,,28,Barranquilla,CC,20_30,propia,true,1,divorciado,true,false,false,false,,moto,HOGAR-01
26e6af39-a605-4360-9ad4-13c7d83a58c8,3771568539,18,Medellín,CC,10_20,propia,true,4,union_libre,true,false,false,true,perro,ninguno,SALUD-01
e457d7a1-4c8b-4372-b6b1-1386c05f28bf,3450883068,70,Barranquilla,CC,1.5_2,familiar,true,3,viudo,true,false,false,true,perro,ninguno,HOGAR-01
05423d24-7022-4769-b91f-2beb8cd4496b,3062359169,31,Cali,CC,1_1.5,familiar,false,0,casado,false,false,false,false,,bici,VIDAAH-01
196043e9-541b-44fe-8cf5-27c75dc2c9e1,3472642612,64,Mosquera,CC,1.5_2,propia,true,1,casado,false,false,false,false,,carro,MOTO-01
9aa097fe-9d94-4805-a6c8-f0b143c48f5e,3100668904,23,Bogotá,CC,1_1.5,arrendada,true,2,viudo,true,false,false,false,,moto,BICI-01
10a46fbe-b949-4838-bd2d-00e78548d492,,32,Cali,CE,1.5_2,propia,false,0,soltero,false,false,false,true,gato,ninguno,ARRENDA-01
3b266e38-622d-46d9-80b7-aa4a7d4cb863,ana.rojas34@outlook.com,41,Medellín,CC,3_4,familiar,true,3,union_libre,true,false,false,true,perro,carro,PET-SEG-01
81a84778-b844-4800-b8ab-39b99c4b8dc4,juan.perez79@gmail.com,62,Bogotá,CC,1_1.5,propia,false,0,union_libre,true,false,false,true,perro,moto,ASMULT-01
c6e2ffc3-6aaf-4ba6-b027-3982b7dbf62e,paula.ramirez46@gmail.com,68,Bogotá,CC,1_1.5,arrendada,true,2,soltero,true,false,false,true,otro,ninguno,ASMED-01
a5174de5-25a3-4d22-8048-392908ef6a53,3389252914,59,Bogotá,CC,1.5_2,propia,false,0,divorciado,false,false,false,false,,moto,DEUDOR-VIDA-01
57ca7935-ebf3-4591-9dab-6235bace19a3,maria.garcia72@yahoo.com,42,Bogotá,CC,20_30,propia,false,0,divorciado,true,false,false,true,perro,ninguno,DEUDOR-VIDA-01
a8c9f2ef-aae6-4290-86c9-538472c247ab,,54,Bogotá,CC,6_8,familiar,true,4,divorciado,false,false,false,true,otro,carro,VIDAAH-01
92bb8146-cff2-43c8-ab48-cd9bfcc605de,3150520535,30,Bogotá,CC,20_30,propia,false,0,soltero,false,false,false,false,,ninguno,HOGAR-01
57f8406b-0ba7-4b2d-b661-ba9ec4e5db98,3747529148,33,Mosquera,CC,2.5_3,arrendada,false,0,divorciado,false,false,false,true,perro,moto,ARRENDA-01
19d901a8-d663-40d3-b483-00cbb786796c,3616420595,39,Bogotá,CC,4_6,familiar,true,3,divorciado,false,false,false,true,gato,moto,HOGAR-01
ae35f78c-8af4-4372-9173-59f49bf3ad38,paula.gomez96@outlook.com,38,Bogotá,CE,6_8,propia,false,0,viudo,false,false,false,true,perro,moto,VIDAAH-01
ea5bbe70-c6f2-4978-bab6-1fe3a6bd1419,3674049506,68,Medellín,CC,20_30,familiar,false,0,casado,false,false,false,false,,moto,DEUDOR-VIDA-01
b49938dd-cd65-4431-a717-5b75953af876,jorge.sanchez28@outlook.com,22,Cali,CC,mayor_30,propia,false,0,soltero,true,false,false,false,,ninguno,PET-SEG-01
94cb1a54-d147-4c7d-9303-5163dd603a39,3134074918,73,Medellín,CC,1_1.5,arrendada,false,0,soltero,false,false,false,true,perro,moto,APEXEQ-PAL-01
d7f3aefe-6ffa-4c96-b14f-e7e822ab0d82,3470810148,28,Bogotá,CC,1_1.5,propia,true,4,soltero,false,false,false,false,,ninguno,BICI-01
71f7cd18-743a-4247-ab47-2614fb10d0fc,3341000665,52,Cali,CC,2.5_3,familiar,false,0,union_libre,false,false,false,true,gato,ninguno,PET-SEG-01
ab3a6c78-4c64-4a78-b211-b17570eccde3,laura.perez69@gmail.com,24,Bogotá,CC,1.5_2,familiar,true,2,divorciado,false,false,false,true,perro,ninguno,PET-SEG-01
aa34e79b-f6d1-4cc2-8c7f-6f4d9b27c7a2,3714891255,26,Soacha,CC,10_20,propia,true,4,union_libre,true,false,false,false,,ninguno,HOGAR-01
4ef0ffd5-af61-4aff-bf0c-c11fe25992a9,3154660241,27,Bogotá,CE,4_6,propia,false,0,casado,false,false,false,false,,carro,BICI-01
ee46bba1-6ef1-4dc4-9366-8b5c3cee9454,3844263333,67,Medellín,CC,4_6,familiar,false,0,viudo,false,false,false,true,perro,ninguno,HOGAR-01
a0acb13f-4ecc-4656-aa82-79999d43f59b,3214073730,74,Medellín,CC,20_30,arrendada,false,0,soltero,false,false,false,false,,ninguno,EXEQ-01
9b069eb1-22bc-4df3-be72-5f614eee6b5c,,75,Bogotá,CC,1_1.5,familiar,false,0,casado,true,false,false,true,perro,moto,PET-PREP-01
22785167-f52a-4fab-b49d-aead4f3104d4,3534192832,47,Bucaramanga,CC,4_6,arrendada,false,0,viudo,true,false,false,false,,carro,SALUD-01
a0e6de9f-74c1-44f6-9b40-5843ac74d463,3525637448,35,Bogotá,CC,2.5_3,arrendada,false,0,union_libre,false,false,false,false,,bici,DEUDOR-VIDA-01
ba8743b0-f6d4-4192-9c85-3b082ad75cf6,3147660728,32,Zipaquirá,CC,2_2.5,familiar,true,4,viudo,false,false,false,false,,moto,DEUDOR-VIDA-01
e3cf9140-9071-4a2e-beee-91f2bb04e7cb,maria.perez2@hotmail.com,58,Zipaquirá,CC,4_6,propia,true,3,casado,false,false,false,true,perro,bici,DEUDOR-VIDA-01
002de1da-b1a4-4ed2-8541-aca6e0a04472,3823316716,26,Mosquera,CC,10_20,familiar,true,4,viudo,true,false,false,true,perro,carro,PET-SEG-01
af9c3266-75fb-466d-a0f6-51d2aef2aebd,3431212558,50,Soacha,CC,2.5_3,familiar,false,0,casado,false,false,false,true,gato,moto,MOTO-01
16ac55c3-1cad-48b4-ad6b-736ae804c65b,andres.vargas62@hotmail.com,38,Medellín,CC,4_6,familiar,false,0,union_libre,false,false,false,false,,ninguno,HOGAR-01
f4bbdca6-b574-4e11-a072-5d38fe7e9b87,3424426078,22,Bogotá,CC,2_2.5,arrendada,false,0,union_libre,false,false,false,true,otro,moto,ASMULT-01
dc47df7c-edb5-4655-9fd7-fa3ee6a16021,camila.castro65@outlook.com,51,Cali,CE,4_6,familiar,true,4,casado,false,false,false,false,,ninguno,VIDAAH-01
afd2bb65-ba1b-4849-8d58-20134de019f6,sebastian.perez77@outlook.com,57,Soacha,CC,3_4,familiar,true,3,soltero,true,false,false,true,gato,bici,VIDA-01
1ad0e994-bd61-45a7-b4ef-ced243ed5a82,3649607265,28,Funza,CE,1_1.5,propia,true,1,union_libre,false,false,false,true,perro,carro,MOTO-01
7f3d147d-4d31-4e19-a630-811a8e54f5fa,3845776004,56,Medellín,CC,4_6,familiar,true,2,union_libre,true,false,false,true,perro,carro,HOGAR-01
0f798edf-a573-459d-84c6-8c6abb50eff7,3692239407,71,Soacha,CC,1_1.5,arrendada,false,0,casado,true,false,false,true,perro,ninguno,ASMED-01
e41106bd-4368-4ca6-973c-720392c4e3ba,3597573368,67,Soacha,CC,6_8,propia,true,4,divorciado,false,false,false,true,gato,moto,HOGAR-01
4fb205d9-3603-44a1-84e2-ca2bfeb9ccf8,3666020005,46,Bogotá,CC,4_6,propia,false,0,viudo,false,false,false,true,perro,ninguno,VIDAAH-01
02f0e67c-6500-42ff-b5b2-b9f2c718ca01,3574430349,25,Bogotá,CC,20_30,familiar,false,0,viudo,true,false,false,true,otro,bici,PET-PREP-01
50083386-7ac3-4452-b210-a32ab477e29f,3798552414,61,Bogotá,CC,4_6,propia,true,2,viudo,false,false,false,true,gato,bici,EXEQ-01
b374d9b9-3339-4725-a2e6-ee3a1f80e69d,3465217073,18,Medellín,CC,mayor_30,propia,false,0,casado,false,false,false,true,perro,moto,HOGAR-01
a156c855-3869-492e-a10d-59f35633dffc,,58,Cali,CC,mayor_30,arrendada,true,1,divorciado,false,false,true,true,perro,ninguno,HOGAR-01
0a9e754d-dd3e-4ee1-b33b-b7f310b70878,3468629661,29,Zipaquirá,CC,2_2.5,arrendada,false,0,divorciado,false,false,false,true,perro,ninguno,BICI-01
0483f0a1-fc53-4917-8fa3-f4c0b186bbf3,3046998117,27,Bogotá,CC,1_1.5,familiar,false,0,casado,false,false,false,false,,bici,DEUDOR-VIDA-01
61b88eb8-042b-438f-a4dc-6c2d82045dad,3170364237,50,Bogotá,CC,6_8,propia,false,0,soltero,true,false,false,true,perro,bici,VIDAAH-01
3f375496-0ff4-44b8-9dad-d7f34f3e0796,3022017545,44,Mosquera,CC,4_6,arrendada,true,3,viudo,false,false,false,false,,carro,VIDAAH-01
24f65fb7-b063-4035-a374-4935d26f8549,3333601078,45,Medellín,CC,6_8,arrendada,true,1,union_libre,true,false,false,true,gato,ninguno,VIDA-01
aa423646-7cad-49cb-9c09-0a0319130061,valentina.rojas86@outlook.com,44,Cali,CE,4_6,familiar,true,4,soltero,false,false,false,true,perro,moto,VIDA-01
b9c330ea-37ab-4c5b-8801-b5cc05c028b3,daniela.gomez82@yahoo.com,18,Barranquilla,CC,1_1.5,propia,false,0,casado,false,false,false,true,otro,moto,APEXEQ-PAL-01
4f9ea6eb-d553-4513-a0c3-a0cf7d1e0d05,3058775222,68,Medellín,CC,menor_smlv,familiar,false,0,casado,false,false,false,true,gato,ninguno,ASMULT-01
241f064e-551d-417d-8ec0-985f13bb4605,3113635431,32,Medellín,CC,2_2.5,propia,false,0,soltero,false,false,false,false,,ninguno,DEUDOR-VIDA-01
d2b7dee0-7752-498f-94cf-da0d1ae7c8a4,,58,Soacha,CC,menor_smlv,arrendada,false,0,casado,true,false,false,true,perro,carro,SALUD-01
1f3876d7-8a83-435b-82db-ba11e9adeade,sebastian.vargas69@yahoo.com,41,Zipaquirá,CC,2_2.5,arrendada,false,0,divorciado,false,false,false,true,perro,carro,MOTO-01
1c13f1cf-5a5f-4366-a382-7f9765a6488a,3721458683,55,Bogotá,CC,6_8,familiar,false,0,soltero,true,false,false,false,,carro,VIDAAH-01
5f9ac186-d5a8-40bf-98e8-a5dd19544cf3,sofia.suarez52@hotmail.com,32,Bogotá,CC,mayor_30,arrendada,true,1,soltero,false,false,false,true,perro,moto,BICI-01
bca3a2f2-e22c-4092-b24a-68bdd1c07b3c,3933546817,59,Soacha,CC,mayor_30,arrendada,false,0,union_libre,false,false,false,true,perro,moto,PET-PREP-01
25d513ed-e2b0-4257-8268-c596abfb2735,3151807783,31,Bogotá,CC,4_6,familiar,false,0,casado,false,false,false,false,,ninguno,HOGAR-01
2a38916e-d306-4ffd-8a0a-ce58e85c04d2,,25,Mosquera,CC,6_8,propia,false,0,casado,false,false,false,true,perro,moto,VIDA-01
67b27910-d9dd-498c-89b8-6330cf9ac83b,3196537670,33,Bogotá,CC,10_20,familiar,false,0,casado,false,false,false,true,perro,carro,HOGAR-01
b24efbe4-fd98-421a-b41e-ea7819434c7c,,39,Medellín,CC,20_30,familiar,true,3,divorciado,false,false,false,true,perro,moto,PET-ASIS-01
2b6686ac-9838-4ff6-957d-528b4a30c5a4,3209283534,27,Bucaramanga,CC,20_30,arrendada,false,0,viudo,false,false,false,true,otro,moto,VIDA-01
cf3ab141-7082-417d-a35f-526b83819001,maria.vargas69@hotmail.com,54,Bogotá,CC,mayor_30,familiar,true,4,union_libre,false,false,false,true,perro,moto,HOGAR-01
06b1762c-c5ec-404e-a20e-94bc763c6044,,59,Bogotá,CC,1_1.5,familiar,false,0,union_libre,false,false,false,false,,moto,DEUDOR-VIDA-01
2b321cce-9f54-4823-b5fb-44e3823f8a1c,sofia.garcia33@gmail.com,29,Bogotá,CC,menor_smlv,familiar,false,0,divorciado,true,false,false,false,,ninguno,APEXEQ-PAL-01
2391db17-300d-42d7-9c5e-24a7702b5eb9,3656841546,39,Cali,CC,6_8,arrendada,true,1,divorciado,false,false,false,true,gato,carro,VIDAAH-01
a37ec1b7-5408-4d91-ac0b-544c7b0b96fd,3781496355,52,Medellín,CC,6_8,familiar,true,2,union_libre,true,false,false,false,,moto,VIDAAH-01
4a9500a3-7dc2-441b-b5b0-771d8fa6523c,santiago.torres10@hotmail.com,46,Bogotá,CC,1_1.5,familiar,false,0,union_libre,false,false,false,true,gato,carro,ASMULT-01
b6209101-2417-4633-9e41-b3239324ca4d,diana.torres40@gmail.com,31,Medellín,CC,10_20,propia,true,3,soltero,false,false,false,false,,ninguno,HOGAR-01
9272ace7-85a0-42fe-ba61-d4d6a7100776,3056553400,69,Medellín,CC,1.5_2,arrendada,true,4,soltero,false,false,false,false,,carro,BICI-01
0b13cf0f-68fe-435e-a559-e454e13828c5,carlos.martinez50@yahoo.com,30,Bogotá,CC,mayor_30,familiar,false,0,casado,false,false,false,false,,ninguno,BICI-01
30e4d568-5b45-4bf3-ae34-0756196916f6,daniela.perez11@outlook.com,56,Bogotá,CC,8_10,familiar,false,0,divorciado,false,false,false,true,gato,bici,ASMULT-01
b06bb8c4-0e72-419d-b425-0e01f5c2f24c,carolina.jimenez33@yahoo.com,29,Bogotá,CC,6_8,familiar,true,1,soltero,false,false,false,true,perro,ninguno,SALUD-01
42d49395-4e6c-4850-b33d-2e4063f1bd84,diana.rodriguez7@yahoo.com,68,Bogotá,CC,4_6,familiar,false,0,viudo,false,false,false,true,perro,ninguno,HOGAR-01
4308577a-0d65-4f72-b6e1-88901519372c,,64,Medellín,CC,3_4,familiar,true,4,casado,true,false,false,true,perro,bici,SALUD-01
665f2630-ad8b-4126-887c-1120648cd8ac,,18,Medellín,CC,2.5_3,familiar,true,2,casado,true,false,false,true,otro,carro,ASMED-01
e0a86a25-b56e-4a79-9116-85783d96e957,3416826597,20,Medellín,CC,menor_smlv,arrendada,true,2,casado,false,false,false,true,perro,carro,VIDA-01
677b76a7-c320-4ee6-bdbb-5f8db249a878,3145501290,34,Cali,CC,2_2.5,propia,false,0,casado,false,false,false,false,,ninguno,ARRENDA-01
64bec330-a8c5-49e1-9961-33cca674e62d,luis.moreno80@hotmail.com,64,Medellín,CC,2.5_3,familiar,true,2,soltero,false,false,false,true,perro,ninguno,PET-ASIS-01
e9a2d73e-213e-49ce-b043-b549025376d4,camila.perez32@hotmail.com,45,Mosquera,CC,2_2.5,familiar,true,2,union_libre,false,false,false,true,gato,moto,ASMULT-01
2c7ff8c6-2212-41ba-b6fd-a247e7b3fbad,carlos.suarez85@outlook.com,56,Bogotá,CC,1_1.5,propia,true,3,casado,false,false,false,true,gato,carro,DEUDOR-VIDA-01
1f610f79-2165-4f56-841f-4a85f4bc0ce9,diego.martinez11@gmail.com,23,Soacha,CC,1.5_2,propia,false,0,soltero,false,false,false,true,otro,moto,MOTO-01
2452b952-fa53-4f7d-8ad4-d7816990f6d4,3341065729,64,Bogotá,CC,menor_smlv,familiar,false,0,divorciado,false,false,false,true,gato,carro,APEXEQ-PAL-01
3e68b27b-de42-4447-a983-717890821a97,,57,Barranquilla,CE,2.5_3,propia,false,0,casado,false,false,false,true,perro,ninguno,EXEQ-01
d7c78845-44bf-4008-861f-8dfb8a740e2f,,44,Bogotá,CC,10_20,familiar,false,0,casado,false,false,false,true,otro,moto,HOGAR-01
81ce7668-3c3d-49bf-b52c-81fa0854ace8,david.florez43@yahoo.com,27,Medellín,CC,4_6,propia,true,3,casado,true,false,false,false,,ninguno,DEUDOR-VIDA-01
365a5a57-5fc0-4344-bf92-7295b5f4b9e5,3726877938,74,Medellín,CC,2_2.5,familiar,true,3,viudo,true,false,false,false,,moto,ARRENDA-01
f34e1ff9-27d2-4dc9-a7be-aef36143c501,david.perez23@outlook.com,23,Soacha,CC,6_8,familiar,true,2,union_libre,false,false,false,true,perro,ninguno,BICI-01
e5f1d401-d495-402f-aa13-e334e750f8f2,3762602356,33,Cali,CC,menor_smlv,familiar,false,0,viudo,true,false,false,false,,bici,BICI-01
c8182268-0f04-465f-bcaa-8751024dc8ed,3377504480,43,Bogotá,CC,2_2.5,propia,true,2,union_libre,false,false,false,false,,ninguno,ASMULT-01
4c47e173-55c9-4834-ae01-5bbce4c8ae2c,3717751401,71,Cali,CC,3_4,familiar,false,0,soltero,false,false,false,true,gato,ninguno,EXEQ-01
8c8f2fca-6ebb-447b-b103-fcb3c66a5b07,3599108771,49,Medellín,CC,3_4,arrendada,true,4,casado,false,false,false,true,otro,moto,PET-SEG-01
4f987364-1e4f-4f3c-856c-345e549ef7f9,3492460128,58,Bogotá,CC,1_1.5,arrendada,false,0,viudo,false,false,false,false,,ninguno,APEXEQ-PAL-01
688b84ea-a08a-4acc-adbb-41f4bf452d3b,juan.rodriguez92@outlook.com,49,Mosquera,CC,mayor_30,arrendada,false,0,union_libre,false,false,false,true,perro,ninguno,HOGAR-01
494327b2-1082-4dde-8ba6-8ac54183d2ae,natalia.rodriguez62@hotmail.com,32,Cali,CC,2_2.5,arrendada,false,0,divorciado,false,false,false,true,gato,ninguno,PET-PREP-01
52ecd5e7-17b9-45f4-a9dc-395c53d45135,carlos.jimenez30@yahoo.com,74,Soacha,CC,2_2.5,propia,true,3,soltero,false,false,false,true,gato,moto,MOTO-01
2e0816cf-0ecb-4418-b8a8-f7812fa61088,3107382322,38,Bucaramanga,CC,4_6,familiar,true,2,casado,false,false,false,true,perro,carro,DEUDOR-VIDA-01
adc04501-f219-436f-a3f7-e371e055bfe7,3820790779,49,Bogotá,PA,6_8,familiar,true,4,soltero,false,false,false,true,gato,carro,VIDAAH-01
2c843dd7-e099-4229-a720-427216bee8dd,3455877169,36,Barranquilla,CC,3_4,familiar,false,0,casado,false,false,false,true,gato,moto,ARRENDA-01
496405c3-bb50-455c-9720-fcc43f327136,diego.florez39@outlook.com,28,Bogotá,CE,20_30,familiar,true,4,casado,false,false,false,false,,ninguno,VIDA-01
e71e663e-09a8-47e7-8dfa-ad62b6fbe19d,carlos.suarez70@gmail.com,45,Bogotá,CC,mayor_30,arrendada,false,0,casado,true,false,false,true,perro,carro,HOGAR-01
021704a4-474c-4763-9fa3-7c574a3c836d,valentina.gomez66@yahoo.com,39,Bogotá,CC,4_6,familiar,true,4,soltero,true,false,false,true,perro,bici,PET-PREP-01
fe2095f8-160b-4877-bf10-5008eb75fbbc,3911030897,73,Bogotá,CC,3_4,familiar,false,0,divorciado,true,false,false,true,perro,moto,HOGAR-01
470c237f-6406-46eb-b12f-2f2b20468599,3553921811,61,Cali,CC,1.5_2,arrendada,true,4,union_libre,false,false,false,true,perro,moto,HOGAR-01
63deb606-c492-488d-9de0-25c4f52c9c70,sofia.perez21@outlook.com,65,Bogotá,CC,2_2.5,arrendada,false,0,viudo,false,false,false,false,,ninguno,ARRENDA-01
63e2b114-3a0a-443e-8fa0-14dc38f883d6,3730024471,59,Barranquilla,CC,20_30,arrendada,false,0,divorciado,true,false,false,true,perro,carro,SALUD-01
fbf45c63-cd50-447c-ac3e-fd1dd4d1bbc6,3848420941,51,Medellín,CC,2.5_3,arrendada,false,0,union_libre,false,false,false,true,gato,ninguno,SALUD-01
4d3debae-9725-4815-9a8d-69a5674bd828,3950657313,29,Zipaquirá,CC,8_10,arrendada,false,0,soltero,false,false,false,true,gato,ninguno,PET-PREP-01
03c43aa8-9311-416e-84c0-19b04a261a7b,sebastian.gomez58@outlook.com,68,Cali,CC,menor_smlv,propia,false,0,casado,false,false,false,true,perro,ninguno,DEUDOR-VIDA-01
4a4b93d1-8324-4926-a369-e509b9665bd3,3081971408,71,Medellín,CC,2_2.5,arrendada,true,4,viudo,true,false,false,false,,ninguno,ASMED-01
647e6547-6d0a-49be-9e55-c576ced98e51,3522815515,43,Medellín,CC,1.5_2,familiar,false,0,union_libre,false,false,false,false,,ninguno,PET-ASIS-01
54f38135-22d8-4fdc-a9e5-b2efea9151e8,3498749320,35,Bogotá,CC,mayor_30,familiar,false,0,casado,true,false,false,false,,ninguno,BICI-01
cac83f16-36e9-4845-aef3-5d3ef232bffc,3346557922,55,Bogotá,CC,4_6,propia,true,1,union_libre,false,false,false,false,,moto,VIDAAH-01
19733f50-44b4-4249-b909-1f3e6fa1a7da,3327021648,63,Medellín,CC,menor_smlv,familiar,true,1,casado,false,false,false,false,,ninguno,APEXEQ-PAL-01
c74e9a2a-328b-43d0-b9ad-f528aa9d66d2,santiago.florez26@yahoo.com,65,Bogotá,CC,1_1.5,arrendada,false,0,casado,false,false,false,true,perro,ninguno,ARRENDA-01
c2f97710-2f59-4a16-8216-d71a047f71c4,,70,Bogotá,CC,menor_smlv,arrendada,false,0,soltero,false,false,false,true,perro,ninguno,ARRENDA-01
945a9c06-cdf4-4413-abbd-40ad06ab1c78,3754691373,25,Barranquilla,CC,4_6,familiar,false,0,divorciado,false,false,false,true,gato,carro,BICI-01
83fff403-f260-4a7c-91f3-13b9d1784bbc,natalia.ramirez55@yahoo.com,30,Bogotá,CC,6_8,familiar,true,2,soltero,false,false,true,true,perro,moto,BICI-01
beb24475-48e0-449c-a0be-e3c8b23c8235,,25,Zipaquirá,PA,1_1.5,familiar,false,0,soltero,true,false,false,false,,carro,PET-SEG-01
be1f0e5d-043a-4c37-b9a5-7418ba75c137,3751862109,50,Medellín,CC,menor_smlv,familiar,true,4,casado,false,false,false,true,perro,carro,APEXEQ-PAL-01
40aab36f-7e54-4635-acea-86febafa5a84,3321119787,64,Bucaramanga,PA,4_6,familiar,false,0,soltero,false,false,false,false,,carro,DEUDOR-VIDA-01
ace23d52-7b03-4d5a-989e-f08e4a63eca8,3699016272,21,Mosquera,CC,1.5_2,arrendada,false,0,union_libre,true,false,false,false,,ninguno,ARRENDA-01
4195d99c-73b6-4498-af18-325743d68484,,32,Zipaquirá,CE,4_6,propia,false,0,viudo,false,false,false,true,perro,carro,BICI-01
2dbf3bf1-e2cf-4ec8-80c0-fc9aa08aab3c,,32,Soacha,CC,20_30,arrendada,true,4,divorciado,true,false,false,true,perro,moto,ASMED-01
ce798270-8926-43ea-9d2d-0e46752668a6,3660474733,53,Zipaquirá,CC,1.5_2,propia,true,3,divorciado,false,false,false,true,perro,carro,MOTO-01
d4c8ff3a-ae6c-4f4e-ad7e-dd2ed999a84b,david.rodriguez3@yahoo.com,41,Bogotá,CC,2.5_3,arrendada,true,3,casado,false,false,false,true,perro,carro,ARRENDA-01
daba4c5c-7755-4499-ad20-509f61efe451,andres.florez36@hotmail.com,54,Cali,CC,4_6,familiar,true,4,union_libre,false,false,false,false,,ninguno,VIDAAH-01
4128b579-5659-4c36-9729-003a9a11d0c7,3022963165,72,Bogotá,CC,menor_smlv,propia,false,0,casado,false,false,false,true,perro,carro,DEUDOR-VIDA-01
318f1f05-6de9-49ba-b8d0-a1e12d4d4d0d,felipe.rodriguez21@yahoo.com,33,Medellín,CC,8_10,familiar,true,3,viudo,false,false,false,false,,carro,BICI-01
70ce9d60-54f5-45f2-b4fa-9ec2b6edb86f,3588742109,35,Zipaquirá,CC,2_2.5,familiar,false,0,soltero,false,false,false,true,perro,carro,PET-SEG-01
c407c4e8-00b4-476d-8792-726594edb2f6,3766983451,58,Bogotá,CC,2_2.5,familiar,true,1,casado,false,false,false,false,,moto,ASMULT-01
54a54888-ed7d-47ef-b84e-478a89024fe3,sofia.garcia42@gmail.com,31,Cali,CC,8_10,arrendada,true,3,casado,false,false,false,false,,bici,PET-SEG-01
f9f44449-ed7d-4135-a7cf-da7f03114c0d,,60,Cali,CC,1.5_2,arrendada,false,0,viudo,true,false,false,true,gato,moto,ASMED-01
9edc0e99-3086-4661-bb8f-c8113aca7291,3447626393,70,Bogotá,CC,1_1.5,familiar,true,2,divorciado,true,false,false,false,,moto,ASMULT-01
3a2012e0-2f63-4343-a701-39c5bb376ef5,3269927287,19,Bogotá,CC,1.5_2,propia,true,3,soltero,true,false,false,false,,ninguno,DEUDOR-VIDA-01
adfcd99e-08a7-4dd0-9928-a31b9d6ad1d5,3599572634,51,Bogotá,CE,mayor_30,arrendada,false,0,union_libre,false,false,false,true,perro,moto,SALUD-01
dc35a2a4-69fb-48c9-a6ab-f5d376711f7b,daniela.torres68@yahoo.com,48,Medellín,CC,10_20,propia,true,4,soltero,false,false,false,false,,ninguno,BICI-01
32b400eb-ba8a-48ab-bdcb-35ea4a5a8199,maria.gonzalez65@outlook.com,25,Barranquilla,CC,10_20,arrendada,true,3,casado,true,false,false,true,perro,ninguno,SALUD-01
6db300b9-53f0-4967-928d-329b732364f8,3465012357,51,Bogotá,CC,1.5_2,propia,false,0,casado,false,false,false,true,perro,ninguno,BICI-01
a6fb0a6b-a4ec-4fcf-916b-b4cc3054d437,paula.jimenez18@outlook.com,65,Medellín,CC,2.5_3,arrendada,false,0,divorciado,true,false,false,true,gato,bici,ASMED-01
3a868a62-170d-44c0-ad21-27970ac6437a,,29,Medellín,CC,1_1.5,familiar,true,1,divorciado,false,false,false,false,,carro,BICI-01
e97e885d-4c6e-4383-9f2c-aa9932a6523e,3315027439,33,Cali,CE,10_20,familiar,false,0,soltero,false,false,false,true,perro,bici,HOGAR-01
241b86c9-258d-4389-9e86-43d0684b6ba3,3465592189,73,Bogotá,CC,4_6,familiar,true,4,union_libre,false,false,false,false,,carro,EXEQ-01
2063a5a0-2059-4c3d-ab34-05596c4e9d13,jorge.torres34@gmail.com,59,Bogotá,CC,3_4,familiar,true,2,soltero,false,false,false,true,gato,carro,DEUDOR-VIDA-01
ef27da3e-765a-4821-8db1-b3703730c489,andres.moreno31@gmail.com,22,Bogotá,CC,6_8,familiar,true,3,union_libre,false,false,false,true,perro,carro,PET-SEG-01
938d3adc-5874-4114-87e4-d9f5cc6f483e,3947199038,19,Cali,CC,mayor_30,arrendada,true,1,union_libre,false,false,false,false,,ninguno,HOGAR-01
5eba7356-cd4b-4e69-b897-fede5e98d822,3642304120,35,Bucaramanga,CC,6_8,propia,false,0,divorciado,true,false,false,true,perro,carro,BICI-01
fb2eb5c6-6f58-4b9a-944b-a25e091acd4a,3330559782,68,Bogotá,CC,1.5_2,arrendada,true,4,union_libre,false,false,false,false,,moto,DEUDOR-VIDA-01
4dc9b247-ac69-4b4b-8b74-6a67d9ab37f9,3144661995,34,Manizales,CC,10_20,arrendada,false,0,soltero,true,false,false,false,,carro,HOGAR-01
4353ca03-35f1-4b83-817a-2d934d1a8406,camila.jimenez10@outlook.com,29,Bucaramanga,CC,1.5_2,propia,false,0,casado,false,false,false,true,perro,carro,DEUDOR-VIDA-01
45a1b737-6992-4381-8b76-1057cc13d7b8,3331380049,38,Zipaquirá,CC,4_6,familiar,true,2,soltero,false,false,false,true,otro,ninguno,VIDAAH-01
1d529112-4c9d-447e-af7e-76d4fb99d60a,3934764995,29,Bogotá,CC,mayor_30,propia,false,0,casado,false,false,false,false,,moto,HOGAR-01
25fd62e3-cbb5-4e3b-a9c3-e2a28c7c6c8f,ana.lopez83@outlook.com,34,Zipaquirá,CC,1_1.5,arrendada,false,0,casado,false,false,false,false,,carro,DEUDOR-VIDA-01
a8560962-7469-41e5-b34c-ee969aa3ad18,3305865483,70,Cali,CC,2_2.5,familiar,true,1,divorciado,false,false,false,true,perro,moto,VIDA-01
0bda567f-52a5-4259-aeb7-4f594548f482,felipe.lopez76@yahoo.com,32,Barranquilla,CE,2.5_3,familiar,false,0,divorciado,true,false,false,false,,carro,MOTO-01
68280e05-0209-4d4c-9603-316a6446333f,,28,Bogotá,CC,mayor_30,arrendada,false,0,divorciado,true,false,true,true,perro,ninguno,BICI-01
68747a06-1258-4651-bc1c-73bd10022c56,carolina.florez91@gmail.com,33,Medellín,CC,2.5_3,familiar,true,1,divorciado,false,false,false,true,perro,moto,ARRENDA-01
5d88d51d-844a-4733-ae80-8cf7e3540c9c,3494514754,69,Bogotá,CC,1_1.5,propia,false,0,soltero,false,false,false,false,,ninguno,APEXEQ-PAL-01
7a641d6b-e7f4-4d38-b524-5ca0867f3186,3970119080,71,Bogotá,CC,2.5_3,arrendada,false,0,viudo,false,false,false,true,gato,moto,APEXEQ-PAL-01
361674fb-45eb-40c4-b730-44c785b3c966,3642255922,49,Medellín,CC,1_1.5,familiar,false,0,casado,false,true,false,true,perro,carro,DEUDOR-VIDA-01
641c734a-7055-4480-89fc-6ad942b37bd5,3829221699,63,Bucaramanga,CC,3_4,familiar,false,0,divorciado,false,false,false,true,perro,moto,EXEQ-01
52969623-2aaa-4157-831d-34215a002191,3106011303,26,Barranquilla,CC,1.5_2,propia,false,0,casado,true,false,false,true,perro,moto,BICI-01
8e341316-b514-43e4-860d-8e3ecd033ca1,sebastian.rojas39@outlook.com,72,Funza,CC,menor_smlv,arrendada,true,3,viudo,true,false,false,true,perro,carro,ASMULT-01
da6a9a5a-dff5-4937-b468-ac2af08e3b48,3766027168,55,Bogotá,CC,4_6,arrendada,true,3,divorciado,false,false,false,true,gato,ninguno,VIDAAH-01
8e8cac3f-5483-4762-8c6a-dff5c9c50188,3861941183,56,Bogotá,CC,3_4,propia,false,0,viudo,false,false,false,true,otro,carro,ASMULT-01
4b71f32c-99d6-433a-8eed-cf6cb552d52f,,73,Soacha,CC,2.5_3,arrendada,false,0,viudo,false,true,false,false,,moto,MOTO-01
a4f981eb-5eb1-49a5-a089-33db665f7911,diego.torres13@outlook.com,72,Cali,CC,1.5_2,propia,true,4,divorciado,false,false,false,false,,moto,VIDA-01
f10e062c-2fb4-4148-9123-1a84b3e52150,julian.perez22@outlook.com,26,Bogotá,CC,1.5_2,propia,false,0,divorciado,true,false,false,true,perro,moto,DEUDOR-VIDA-01
45e63f9c-3118-4f4d-9f0e-ddf91881fc26,3468341465,72,Bogotá,CC,1_1.5,familiar,false,0,soltero,true,false,false,true,perro,moto,PET-SEG-01
d1b7bcab-ac49-4df6-9a07-54fb03ee2368,3536018117,67,Medellín,CC,menor_smlv,propia,false,0,casado,false,false,false,true,otro,ninguno,HOGAR-01
8a94cbe1-0a28-4d94-aaa5-cbc0606626ae,3766608112,45,Bogotá,CC,10_20,propia,false,0,casado,false,false,false,false,,ninguno,HOGAR-01
e8494b3e-0605-46dc-9e37-48094d504b40,3858240497,49,Funza,CC,mayor_30,familiar,true,3,divorciado,true,false,false,false,,moto,SALUD-01
c6915f63-64eb-4ee6-be4d-3e9a1801eabb,3262316750,22,Soacha,CC,1_1.5,arrendada,false,0,casado,true,false,false,true,perro,carro,SALUD-01
c216605b-c164-4390-9d84-029b12bb338b,andres.ortiz98@gmail.com,59,Bogotá,CC,8_10,arrendada,false,0,viudo,false,false,false,true,otro,moto,DEUDOR-VIDA-01
c796e274-0c65-4162-8006-6b5178a19e64,3861595285,70,Funza,CC,10_20,familiar,true,3,divorciado,false,false,false,true,gato,moto,EXEQ-01
b6511791-7eca-4e94-b672-e94663dfaa10,3805014171,75,Medellín,CC,1_1.5,arrendada,false,0,divorciado,false,false,false,true,gato,bici,APEXEQ-PAL-01
258839b7-fe28-4918-be3b-bc3471608a78,3590251762,60,Bogotá,CC,10_20,familiar,true,2,casado,false,false,false,false,,moto,EXEQ-01
5b4cccdb-c3d8-48d7-a074-2e7422453f97,3392407581,24,Bucaramanga,CC,8_10,propia,false,0,union_libre,true,false,false,true,perro,carro,BICI-01
c14d77be-fdcc-411a-afd1-f7605b225a89,carlos.rodriguez6@gmail.com,65,Soacha,CC,3_4,familiar,true,1,soltero,false,false,false,true,perro,ninguno,ASMULT-01
982a8429-f2f4-4d7a-bbc7-673352b92189,,48,Mosquera,CC,1.5_2,propia,false,0,casado,true,false,false,true,perro,moto,MOTO-01
b8f9ead1-36cf-40a4-8fa6-8a674fe6e193,3833494374,49,Bogotá,CC,3_4,propia,false,0,divorciado,true,false,false,false,,ninguno,VIDA-01
6c90d147-a10d-44ea-bc65-5e4df33f7ff1,,27,Bogotá,CC,menor_smlv,arrendada,true,4,soltero,false,false,false,true,gato,carro,ASMULT-01
635b07da-0a93-4e35-8006-e505e8c92e3d,3037810103,58,Bogotá,CE,1.5_2,propia,true,2,casado,true,false,false,true,perro,ninguno,SALUD-01
1f27600a-a984-4e36-8372-215344afd3da,3285041627,39,Soacha,CC,menor_smlv,familiar,false,0,casado,true,false,false,true,perro,moto,APEXEQ-PAL-01
39cba0e1-d25d-4b34-8fbf-e8e13e12958a,daniela.florez75@outlook.com,41,Cali,CC,8_10,propia,true,2,soltero,false,false,false,false,,ninguno,DEUDOR-VIDA-01
862969c6-2cd5-41ef-82f2-ea581024ed9f,3005937775,43,Medellín,CC,10_20,propia,false,0,viudo,true,false,false,true,perro,ninguno,SALUD-01
1de0f839-99bd-4d9a-bbac-706d2a646ecb,3766017829,42,Bucaramanga,PA,1_1.5,arrendada,true,4,casado,true,false,false,true,perro,moto,SALUD-01
57738ba9-20fc-4303-bdba-932d39b41d6f,sebastian.sanchez37@hotmail.com,67,Cali,CC,1_1.5,propia,true,1,viudo,false,false,false,true,gato,ninguno,ASMULT-01
c916fee4-44e0-4fb4-b76b-b93bd51c1961,luis.sanchez44@gmail.com,67,Cali,CC,2.5_3,arrendada,true,3,casado,false,false,false,true,perro,carro,HOGAR-01
4af7977e-5877-48ef-a494-5bb3dfb9b8ae,3378584712,55,Medellín,CC,menor_smlv,propia,true,1,casado,true,false,false,true,gato,ninguno,ARRENDA-01
03897709-5bff-4b1e-b663-60d0df66a78c,3895349102,69,Soacha,CE,4_6,propia,false,0,viudo,false,false,false,false,,ninguno,HOGAR-01
919c3611-5fc6-43f5-aaba-042b006c47a8,3394506989,39,Bogotá,CC,8_10,familiar,true,2,viudo,true,false,false,false,,carro,ASMED-01
3354c2c9-dcdf-43ea-bcd0-21393b6540c5,3640470420,60,Bogotá,CC,8_10,arrendada,false,0,divorciado,false,false,false,false,,ninguno,VIDA-01
ebc6cece-e45c-4a19-919c-73f3009237b5,3730534289,18,Bogotá,CC,6_8,familiar,false,0,viudo,true,false,false,true,perro,moto,PET-SEG-01
720f74a2-fbe8-40f0-bf52-5fa80868e2ff,carlos.ortiz29@outlook.com,47,Medellín,CC,6_8,propia,true,1,union_libre,false,false,false,true,perro,bici,VIDAAH-01
57775e1c-5482-4645-ac60-f9c61857598e,3332959452,32,Bucaramanga,CC,1_1.5,arrendada,true,2,viudo,false,false,false,true,perro,carro,APEXEQ-PAL-01
d462612a-c253-480c-b3b1-c27c2440c013,3700251906,75,Bogotá,CC,20_30,arrendada,false,0,casado,false,false,false,true,otro,carro,PET-PREP-01
fc7ab457-e519-479b-bf04-2672356d792c,3201861626,58,Bogotá,CC,2.5_3,arrendada,false,0,divorciado,true,false,false,false,,carro,HOGAR-01
6f644c80-fd71-48d3-bc53-6eafbea3f51f,david.suarez19@hotmail.com,51,Bogotá,CE,4_6,familiar,true,2,union_libre,false,false,false,true,perro,moto,HOGAR-01
76d799ce-2592-40fa-b823-6544528d3235,3084298507,71,Mosquera,CC,6_8,propia,false,0,casado,true,false,false,true,gato,bici,HOGAR-01
e7ddcc2d-bde4-43a6-be16-2cbe678f7d09,3209117911,67,Bogotá,CC,2.5_3,arrendada,false,0,casado,true,false,false,true,perro,ninguno,EXEQ-01
4e54bf94-c1ec-4a16-a82e-57aa4a3828dd,juan.castro88@hotmail.com,38,Bogotá,CC,menor_smlv,propia,false,0,viudo,false,false,false,true,perro,bici,PET-SEG-01
20d0b648-eb85-4b52-89d3-08f93f142adc,3397951962,62,Cali,CC,2.5_3,arrendada,false,0,casado,false,false,false,false,,carro,BICI-01
d02cea68-a7c7-446c-8fa2-3cb6f5881356,3042887892,38,Medellín,CC,10_20,familiar,false,0,divorciado,false,false,false,false,,ninguno,DEUDOR-VIDA-01
1f41c5dd-4a2a-41d6-bb0a-0a712ac2375f,3672946671,47,Bogotá,CE,6_8,arrendada,true,3,union_libre,false,false,false,true,perro,moto,VIDAAH-01
fed86c88-8b55-4b8c-8af4-4b89a197c322,3177666505,22,Medellín,CC,20_30,arrendada,false,0,divorciado,true,true,false,false,,ninguno,BICI-01
615e504f-be25-4e76-8685-73df7a3cc20c,3062945026,43,Cali,CC,6_8,arrendada,true,3,divorciado,true,false,false,true,perro,ninguno,VIDAAH-01
87e565e1-67e9-47cd-bca3-990e898b7bff,3191611955,65,Bogotá,CC,1_1.5,propia,true,2,divorciado,true,false,false,false,,ninguno,DEUDOR-VIDA-01
0336197b-03fd-4d47-b070-c8d5a3e06dc3,3859400489,69,Bogotá,CC,4_6,arrendada,false,0,divorciado,true,false,false,true,otro,moto,HOGAR-01
d2944bc0-fa25-42f4-977a-779f223682ad,3716420743,47,Bucaramanga,CC,3_4,familiar,false,0,soltero,false,false,false,true,perro,bici,MOTO-01
e7fea3b1-e3d8-48d0-86ca-d6da413c5b20,3435748352,44,Mosquera,CC,1_1.5,propia,true,4,union_libre,false,false,false,false,,moto,MOTO-01
2ac6b5f5-2a9a-4bae-b569-ca5575714229,3226594152,49,Medellín,CC,4_6,propia,true,3,soltero,false,false,false,true,otro,ninguno,VIDAAH-01
084aade0-4527-411d-9acf-c5457d526ade,paula.vargas48@gmail.com,44,Bucaramanga,CC,2_2.5,arrendada,false,0,viudo,false,false,false,false,,moto,BICI-01
bdcd786a-7fe6-443c-8438-33b873e9bd1f,3606231438,48,Medellín,CC,2.5_3,arrendada,true,2,divorciado,false,true,false,true,perro,carro,HOGAR-01
69a2ea53-e241-40d5-b263-8b7fd4083a47,3223943129,73,Barranquilla,CC,menor_smlv,familiar,true,4,viudo,true,false,false,true,perro,carro,EXEQ-01
53d36ee0-8cac-4857-b89f-694211a8997f,ana.gonzalez41@hotmail.com,44,Medellín,CC,1_1.5,familiar,true,3,union_libre,true,false,false,false,,carro,APEXEQ-PAL-01
9cb1eebb-46d8-44a5-ab8c-a90a01af5534,3000818670,48,Soacha,CE,6_8,arrendada,true,1,casado,false,false,false,true,perro,moto,VIDAAH-01
8765cd80-75f6-4054-a715-96637b3451c7,felipe.gomez29@gmail.com,38,Bogotá,CC,4_6,propia,true,3,casado,false,false,false,true,otro,moto,DEUDOR-VIDA-01
0b3dbb2e-94da-4518-bc89-9c9143ac4f61,3626228225,74,Medellín,CC,2.5_3,propia,false,0,soltero,false,false,false,true,perro,ninguno,ASMULT-01
4f619ec7-e8d5-49e2-ad90-d22397d2739b,3540054530,37,Medellín,CC,1.5_2,propia,false,0,union_libre,false,false,false,false,,carro,PET-SEG-01
8045d4b5-0766-4f48-b0f7-f9b4c7c08c95,3332130193,53,Bogotá,CC,4_6,familiar,true,2,casado,false,false,false,true,otro,bici,BICI-01
6266171f-21fc-43b6-9b9c-a83377fee4a8,3379572381,45,Zipaquirá,CC,4_6,propia,true,2,viudo,true,false,false,false,,bici,DEUDOR-VIDA-01
e6a6e625-9ad8-42b6-a9b7-0630d5a4c804,3618495931,20,Barranquilla,CC,1.5_2,propia,false,0,union_libre,false,false,false,false,,ninguno,ARRENDA-01
c0a82a63-571e-491d-bf8d-f813f6d5b96b,3101278969,39,Manizales,CC,6_8,familiar,true,2,soltero,false,false,false,true,perro,bici,HOGAR-01
4077ebd5-9285-4a9c-9bf0-7f019e268e02,3031392804,43,Bogotá,CC,4_6,propia,true,2,casado,true,false,false,true,perro,carro,VIDAAH-01
97555e96-a4f2-405a-b041-509a15599f97,3452607569,62,Cali,CC,1.5_2,familiar,true,1,casado,false,false,false,true,perro,moto,ARRENDA-01
b3b35759-3c7d-4756-b662-1f2d266a2479,3851403696,58,Mosquera,CC,1_1.5,familiar,true,4,divorciado,false,false,false,true,perro,ninguno,MOTO-01
27165b0b-6855-4df1-a605-6b3c243c3014,3181181405,23,Cali,CC,1_1.5,familiar,true,2,casado,false,false,false,true,perro,ninguno,DEUDOR-VIDA-01
26bdcd46-e9cd-4ac7-a501-abd0ce1fd718,3106089170,20,Cali,CC,2_2.5,propia,false,0,casado,false,false,false,true,gato,carro,DEUDOR-VIDA-01
06e25cd4-b9b7-41d0-bf86-6c3d69eea2f2,sebastian.suarez27@gmail.com,18,Medellín,CC,1_1.5,arrendada,false,0,soltero,false,false,false,true,gato,ninguno,DEUDOR-VIDA-01
9d065e4f-f383-4a1a-b397-23cb677f6932,juan.sanchez92@gmail.com,47,Bogotá,CC,20_30,familiar,true,3,union_libre,false,false,false,true,perro,ninguno,DEUDOR-VIDA-01
c2b78a51-4ec7-4aa5-ba2c-e45a3dbae963,3009893687,20,Cali,CC,1_1.5,arrendada,true,2,soltero,false,false,false,true,otro,ninguno,HOGAR-01
89e8cd2b-1618-4f85-9160-915c7e32c47a,3657285353,33,Funza,CC,3_4,familiar,true,2,union_libre,true,false,false,true,gato,ninguno,MOTO-01
e5e88b0c-e890-4021-8913-0d84c9d32e0c,,75,Medellín,CE,10_20,familiar,false,0,divorciado,false,false,false,true,perro,bici,PET-SEG-01
7dafbda8-84d3-48b2-a72c-17076947d97b,3571171321,55,Cali,CC,menor_smlv,arrendada,true,1,casado,false,false,false,true,gato,carro,APEXEQ-PAL-01
8bb10e8b-b7c1-4d0e-9533-f8fd74068159,3576039610,33,Barranquilla,CE,2.5_3,familiar,true,2,viudo,false,false,false,false,,moto,BICI-01
6327cf26-f55e-4fd1-9627-2b447252d72a,3561621736,57,Medellín,CC,1_1.5,propia,true,4,casado,true,true,false,false,,ninguno,EXEQ-01
e57d2dd4-8496-4273-9bea-23121e3c7a41,3989628674,31,Bucaramanga,CC,2_2.5,propia,false,0,viudo,false,false,false,true,gato,ninguno,MOTO-01
8f5c1986-e5fd-45d4-b317-c9da14f40f6a,santiago.garcia38@outlook.com,47,Bucaramanga,CC,menor_smlv,familiar,false,0,soltero,false,false,false,true,otro,carro,APEXEQ-PAL-01
0b96356a-2768-4041-9d78-5d9a4777faa4,3770071910,32,Bogotá,CC,menor_smlv,propia,false,0,casado,false,false,false,true,perro,ninguno,APEXEQ-PAL-01
916b381f-f5a1-4150-8e95-404bc4216841,paula.castro60@yahoo.com,25,Barranquilla,CE,1.5_2,propia,true,1,soltero,false,false,false,true,perro,ninguno,ASMULT-01
9c13ce01-efa5-42eb-8817-43f1fb8a166e,sofia.castro49@gmail.com,68,Bogotá,CC,8_10,propia,false,0,soltero,false,false,false,false,,ninguno,VIDA-01
97cc0856-0efa-4f2b-8d9d-0261cb54c17b,3445684467,54,Bogotá,CC,menor_smlv,propia,false,0,casado,false,false,false,false,,moto,ASMULT-01
b8258db3-dadd-48d2-b74b-305469c22bd5,carlos.rodriguez4@gmail.com,67,Medellín,CC,3_4,familiar,true,1,soltero,true,false,false,true,gato,ninguno,DEUDOR-VIDA-01
e651f823-e9f9-4cbd-a9ca-2e6a61438989,3266329563,35,Bogotá,CC,20_30,arrendada,false,0,divorciado,false,false,false,true,perro,carro,HOGAR-01
d8079897-c528-46cc-b6a1-b1353813992a,3541423861,37,Mosquera,CC,3_4,propia,true,3,soltero,true,false,false,true,perro,carro,HOGAR-01
c774fd9b-c09e-4412-8ba6-aae6dd011c45,3418493784,45,Medellín,CC,1_1.5,familiar,true,1,viudo,false,false,false,false,,bici,DEUDOR-VIDA-01
ef5c58e0-f9b9-45d7-b7fa-a9fc6a7a645e,3772797280,57,Medellín,CC,1.5_2,arrendada,true,4,soltero,false,false,false,false,,moto,HOGAR-01
d212b914-e5ba-415c-a22f-d26fff6a57ee,3625827390,26,Soacha,CC,menor_smlv,familiar,true,4,casado,true,false,true,true,gato,moto,APEXEQ-PAL-01
042d5013-e245-417b-963b-0db3e8084889,,34,Bogotá,CC,10_20,arrendada,false,0,viudo,false,false,false,true,perro,ninguno,PET-SEG-01
fdef23e7-a7d8-4bb9-beeb-262b3aa721a6,3755984142,21,Medellín,CC,4_6,arrendada,true,3,casado,false,false,false,true,perro,moto,HOGAR-01
9ddfc4fe-7dcf-4377-8b21-8da583bac3fd,,21,Bogotá,CC,menor_smlv,arrendada,false,0,union_libre,false,false,false,true,otro,ninguno,BICI-01
09f77da0-b408-44de-b446-16f36709107d,3624843379,46,Cali,CC,4_6,arrendada,true,4,casado,false,false,false,true,perro,ninguno,VIDAAH-01
215f1c2a-4803-4ce7-a89e-f5115bcc92d5,diego.gonzalez97@hotmail.com,63,Bogotá,CE,2_2.5,familiar,true,3,soltero,false,false,false,false,,moto,ARRENDA-01
b4bcbf6c-bd88-4921-b8ed-55b336d21f00,3658833987,72,Bogotá,CC,2.5_3,propia,true,1,casado,true,false,false,true,perro,carro,PET-PREP-01
881b73a5-73a6-4324-8656-0b76d508782a,3948400273,39,Barranquilla,CC,4_6,familiar,false,0,viudo,false,false,false,true,gato,ninguno,VIDAAH-01
f690617d-1405-427f-a93a-14c5f0122267,3899940364,20,Barranquilla,CC,1.5_2,familiar,false,0,viudo,false,false,false,false,,moto,VIDA-01
ff281c81-7a06-43aa-8e41-87ce1d81f5d0,3200738654,32,Bucaramanga,CE,6_8,propia,true,1,soltero,true,false,false,true,otro,carro,VIDA-01
6da74c38-d107-414a-aa70-93b84c282ed1,ana.moreno92@outlook.com,56,Manizales,CC,mayor_30,arrendada,true,2,divorciado,true,false,false,false,,ninguno,PET-ASIS-01
5a6970d7-c77a-4435-ae71-0bfb6d1299da,,40,Medellín,CC,4_6,arrendada,true,1,divorciado,false,false,false,true,gato,ninguno,VIDAAH-01
14b02bfa-4d8c-415c-a5d6-70af3e057a7b,3220673231,51,Cali,CC,10_20,familiar,false,0,divorciado,true,false,false,true,otro,carro,HOGAR-01
89089bee-881f-42d8-8a4d-8b442d9460e8,3887815141,47,Bogotá,CC,8_10,familiar,true,2,divorciado,false,false,false,false,,moto,VIDA-01
7d9e1e2d-5cf1-43f1-8dc4-50c6ab3c21cb,3276365564,72,Barranquilla,CC,1.5_2,familiar,true,2,viudo,false,false,false,false,,carro,EXEQ-01
dace5d78-4f4d-42cb-bc34-2842257870a1,3460700144,25,Medellín,CC,1_1.5,propia,false,0,divorciado,false,false,false,true,perro,ninguno,APEXEQ-PAL-01
63878485-6bb1-46b2-b9ed-0cd3339e34b3,juan.sanchez81@yahoo.com,65,Bogotá,CC,20_30,familiar,false,0,soltero,false,false,false,true,gato,ninguno,PET-SEG-01
95bb45d8-8497-42b7-a6c4-9b3bed0b263f,3834987789,65,Medellín,CC,2.5_3,propia,false,0,union_libre,false,false,false,true,perro,ninguno,PET-PREP-01
6552ed26-08e0-4c34-8286-cf54cd9bde3e,sebastian.martinez49@hotmail.com,57,Bogotá,CC,20_30,familiar,false,0,divorciado,false,false,false,true,perro,ninguno,EXEQ-01
0d4379b3-a0ba-4a14-9f10-f0f4852a53b0,,22,Mosquera,CC,1.5_2,arrendada,false,0,union_libre,false,false,false,true,gato,moto,HOGAR-01
cd555dad-fff6-49e1-8649-c85404797eef,daniela.martinez46@outlook.com,38,Bogotá,CC,8_10,arrendada,false,0,soltero,true,false,false,true,gato,moto,ASMED-01
b91e2dc2-7767-4f8b-abb0-8e911f10121e,3027679918,26,Medellín,CC,2.5_3,arrendada,true,1,union_libre,false,false,false,true,perro,moto,ASMED-01
7324a9f2-7b2a-4914-98ab-26c9d0abf261,,24,Bogotá,CE,3_4,arrendada,false,0,casado,false,false,false,false,,carro,DEUDOR-VIDA-01
71bbe02b-2a54-4c41-a0f2-ed29292c3025,paula.torres57@hotmail.com,71,Bogotá,CC,8_10,familiar,false,0,union_libre,true,false,false,false,,moto,ASMED-01
30df8e8a-698e-46dc-a37f-6961dba6450f,,66,Zipaquirá,CC,1_1.5,arrendada,false,0,union_libre,false,false,false,false,,bici,ARRENDA-01
7f139c69-dfe5-494b-b715-cd7328833262,3971771703,44,Bogotá,CC,4_6,arrendada,false,0,viudo,false,false,false,true,gato,carro,VIDAAH-01
92027f54-60bc-46e4-a550-7ad34acd2b7d,valentina.ramirez67@hotmail.com,66,Medellín,CC,2_2.5,propia,false,0,viudo,false,false,false,true,gato,moto,ASMULT-01
cd5b7971-0348-4bab-a1d4-ab2db449d3cf,3159591945,26,Bogotá,CC,3_4,familiar,false,0,divorciado,false,false,false,false,,moto,BICI-01
1e15e09c-2896-46df-ae5d-bf6fff1f3fda,paula.perez91@outlook.com,69,Bogotá,CC,8_10,arrendada,true,1,casado,false,false,false,true,perro,bici,EXEQ-01
0af64f1f-8a43-4230-b745-4695cd47620d,andres.moreno2@gmail.com,58,Bogotá,CC,10_20,arrendada,false,0,union_libre,false,false,false,true,perro,bici,EXEQ-01
c7357dc6-9b99-4762-bf9e-a2e72da2d4f5,maria.rodriguez32@yahoo.com,35,Cali,CC,1_1.5,arrendada,false,0,union_libre,false,false,false,true,perro,ninguno,ASMULT-01
543a4026-9dfc-40d4-b7bf-47bef5307f8b,sebastian.ortiz92@hotmail.com,50,Zipaquirá,CC,2_2.5,propia,true,4,soltero,false,false,false,true,perro,carro,MOTO-01
e796c122-9a7d-4d50-b335-2744dd50fba8,maria.rojas1@outlook.com,39,Soacha,CC,menor_smlv,familiar,true,1,divorciado,false,false,false,false,,ninguno,MOTO-01
f6bd8242-a9de-4939-be21-5fd703330a58,juan.gomez92@yahoo.com,48,Cali,CC,6_8,propia,false,0,casado,false,false,false,false,,carro,HOGAR-01
b60e0b26-4ea7-4be6-afe9-6e72b1b13c74,,67,Medellín,CC,1_1.5,propia,true,1,soltero,false,false,false,true,gato,bici,APEXEQ-PAL-01
ed91ce8d-3f95-48c0-a4c8-0dd93268d2c0,maria.ortiz26@hotmail.com,21,Bogotá,CC,menor_smlv,arrendada,false,0,divorciado,false,false,false,true,perro,ninguno,EXEQ-01
416d3d7e-e7de-4048-9d40-a24b449b98cf,3627573320,19,Zipaquirá,CC,4_6,propia,false,0,soltero,false,false,false,false,,ninguno,BICI-01
4d41204c-5c28-427a-83f4-fc1779176002,carlos.lopez74@hotmail.com,25,Medellín,CC,1_1.5,propia,true,4,soltero,false,false,false,false,,carro,ASMULT-01
0297e738-8704-4e6a-872f-1044de97ab99,3476570412,21,Barranquilla,CE,3_4,propia,false,0,viudo,false,false,true,true,perro,bici,ARRENDA-01
1129e0db-7d90-47b7-960f-67245ad7af91,3887402234,60,Funza,PA,1_1.5,propia,true,3,union_libre,false,false,false,true,gato,carro,ARRENDA-01
836b7e50-b96a-4b78-951a-5645f02783e8,juan.vargas68@yahoo.com,37,Soacha,CC,3_4,arrendada,true,1,divorciado,false,false,false,true,gato,moto,MOTO-01
ce04942d-5c5d-46da-b4cf-c3f2bc32727d,3036726847,32,Medellín,CC,menor_smlv,familiar,false,0,soltero,false,false,false,true,otro,moto,DEUDOR-VIDA-01
fbc1cca7-687a-4b33-a7be-aa440f36bf9e,3906169185,31,Bogotá,CC,4_6,propia,true,1,divorciado,false,false,false,true,perro,carro,PET-ASIS-01
20081b2e-3dc5-4309-a5a0-56947e855111,3385036059,38,Bogotá,CC,1.5_2,familiar,false,0,viudo,true,false,false,false,,ninguno,ASMED-01
86cc1cf9-5a80-40e1-805e-5437d485af16,3419199949,52,Bogotá,CC,1_1.5,arrendada,true,1,soltero,false,false,false,false,,carro,ASMULT-01
fc315b01-6617-4cbe-919b-408ca98c8bc4,3040324044,19,Bogotá,CC,1.5_2,propia,true,1,divorciado,false,false,false,true,gato,ninguno,DEUDOR-VIDA-01
1ca54601-de73-4a55-b42e-11c4d335035c,camila.suarez50@outlook.com,74,Bogotá,CC,3_4,familiar,false,0,divorciado,false,false,false,false,,carro,EXEQ-01
3a884db1-c082-4b4c-b77f-256c3c4aefae,3483034857,31,Bogotá,CC,2.5_3,arrendada,false,0,union_libre,false,true,false,true,otro,carro,ASMULT-01
7b2df2eb-0f21-4539-8160-8cceaa4e979a,3605869427,44,Bogotá,CC,2_2.5,arrendada,true,2,soltero,false,false,false,true,perro,ninguno,ARRENDA-01
f0d3e198-b8b8-4801-aa27-6cf774693709,3275063622,56,Cali,CE,8_10,propia,false,0,casado,false,false,false,true,gato,ninguno,DEUDOR-VIDA-01
fac65494-fe40-440d-839d-116689f5bc02,,50,Cali,CE,20_30,arrendada,false,0,soltero,true,false,false,true,perro,carro,SALUD-01
2f77c967-40fc-4f2b-b778-aabb7be7c3bf,3242106378,61,Barranquilla,CC,1.5_2,arrendada,false,0,soltero,false,false,false,false,,ninguno,ARRENDA-01
07b627cf-9e41-45a1-bcb7-3670ef29a493,3767201911,25,Bucaramanga,CE,4_6,arrendada,false,0,soltero,true,false,false,true,perro,moto,ASMED-01
6b7a5dda-1cfb-424a-b466-a08831309c3b,3720376388,59,Barranquilla,CC,3_4,propia,false,0,union_libre,false,false,false,true,otro,ninguno,ASMULT-01
a55324c7-4d24-4eb5-95d1-d1ca7be8a057,3518647048,41,Bucaramanga,CC,mayor_30,arrendada,false,0,soltero,true,false,false,true,perro,ninguno,HOGAR-01
f67bf38b-4080-4d56-a002-e6a2ddf9a422,3009256835,35,Medellín,CC,20_30,arrendada,false,0,casado,false,false,false,true,otro,carro,BICI-01
4ccf9e35-8852-44af-8576-1aa43a4cf2b2,3890028772,22,Bogotá,CC,2.5_3,arrendada,true,2,union_libre,false,false,false,false,,ninguno,DEUDOR-VIDA-01
d838f04c-0448-4d3d-b188-8b4760077fd7,3830186080,67,Bucaramanga,CC,mayor_30,arrendada,false,0,union_libre,false,false,false,true,otro,moto,VIDA-01
ed7b1a53-f641-428c-95d2-3218d5a4af2d,,64,Medellín,CE,8_10,arrendada,true,1,soltero,true,false,false,true,perro,ninguno,EXEQ-01
41563c7b-26ea-4f9d-b38f-3954af2ab97f,sebastian.gonzalez83@yahoo.com,44,Bucaramanga,PA,20_30,propia,false,0,soltero,true,false,false,false,,ninguno,ASMED-01
9f50d0c9-bbb3-422d-93c7-631e9dab2608,,54,Barranquilla,CC,10_20,familiar,true,1,soltero,false,false,false,true,gato,ninguno,VIDA-01
010caa81-5545-4562-9eae-665844db3db8,carlos.lopez65@hotmail.com,47,Cali,CC,4_6,arrendada,false,0,union_libre,false,false,false,true,perro,moto,VIDAAH-01
e37fce21-cd4b-497f-85b7-e1d495b1fd9b,carolina.moreno90@yahoo.com,20,Medellín,CC,20_30,familiar,true,1,soltero,false,false,false,true,perro,ninguno,BICI-01
87e27b82-3036-40d9-a659-35853a22c2f0,david.florez14@outlook.com,26,Bogotá,CC,1_1.5,familiar,false,0,divorciado,true,false,false,false,,ninguno,SALUD-01
eb03dabe-ccd3-43ac-9c40-b4b503701251,3937772424,28,Bogotá,CC,2.5_3,familiar,false,0,union_libre,false,false,false,true,otro,ninguno,DEUDOR-VIDA-01
a523ed11-bf50-46ce-a6b6-1c0046f09a37,3321658087,27,Medellín,CE,4_6,familiar,false,0,divorciado,false,false,false,true,perro,ninguno,DEUDOR-VIDA-01
f1259333-8f92-423c-b335-30f630235de9,3113759648,52,Bucaramanga,CC,6_8,familiar,false,0,casado,true,false,false,false,,moto,PET-PREP-01
3f7c2be0-f1f0-4ecb-9791-52bdd5d57493,3888610158,27,Medellín,CE,10_20,familiar,true,3,divorciado,true,false,false,true,otro,carro,BICI-01
753c38ae-48df-478a-9dcd-1d906c8a035f,3286307078,23,Medellín,CC,2.5_3,propia,false,0,soltero,false,false,false,true,otro,carro,ASMULT-01
f63733d8-d59d-47e2-ac4c-0ed7456398c3,3095071519,57,Zipaquirá,CC,1_1.5,familiar,false,0,casado,true,false,false,true,perro,moto,MOTO-01
50f9dbd4-e159-4124-880e-2cacf51d58a4,3030438177,57,Medellín,CC,10_20,familiar,false,0,viudo,false,false,false,true,perro,moto,PET-SEG-01
b76515c9-dbf6-461e-add7-7e33c023012e,andres.perez12@outlook.com,58,Bogotá,CC,1_1.5,propia,true,1,casado,false,false,false,true,otro,bici,EXEQ-01
e824ec88-8f21-43b0-b15b-b8707fcde4a4,carolina.suarez56@hotmail.com,66,Medellín,CC,6_8,arrendada,true,1,soltero,false,false,false,false,,ninguno,HOGAR-01
074b2789-0963-4251-ac3a-ba0ab4138d61,3522946209,30,Medellín,CC,1_1.5,arrendada,true,3,divorciado,false,false,false,true,perro,ninguno,DEUDOR-VIDA-01
29c7cd92-dd39-4148-b32d-2aca64391f2d,3697794477,36,Bogotá,CC,10_20,propia,false,0,soltero,false,false,false,true,perro,ninguno,SALUD-01
b1c53a30-7018-418f-a14b-9f68c47c4300,3845184894,62,Soacha,CC,2.5_3,arrendada,true,4,casado,false,false,false,true,perro,bici,MOTO-01
beff0eb5-6d3d-4253-b430-0a9d8583a992,,47,Cali,CC,1_1.5,familiar,true,1,divorciado,false,false,false,false,,moto,HOGAR-01
30aab56b-d671-48e3-abb5-8914fee1b7ea,santiago.perez53@outlook.com,40,Bogotá,CE,4_6,propia,false,0,casado,false,false,false,true,perro,moto,HOGAR-01
30066275-7349-47aa-8642-0dc5e7fa822e,camila.martinez13@gmail.com,55,Soacha,CC,mayor_30,familiar,true,4,casado,false,false,false,true,perro,ninguno,EXEQ-01
d1797caa-8544-4e4e-be0d-53411c4e73bc,3069522233,44,Mosquera,CC,3_4,propia,true,1,viudo,true,false,false,true,perro,bici,MOTO-01
482fef4a-12cf-4697-8072-0009b886fa33,3605233027,64,Cali,CC,2.5_3,arrendada,false,0,casado,false,false,false,true,gato,moto,DEUDOR-VIDA-01
7840e1a8-64d4-4993-9900-d4caeee5acf2,3537380882,30,Bogotá,CC,2_2.5,propia,false,0,viudo,false,false,false,true,otro,carro,PET-ASIS-01
9a7d9cb9-233b-4a8a-a312-f213c1a869f1,jorge.castro96@yahoo.com,74,Medellín,CE,4_6,propia,false,0,union_libre,false,false,false,true,perro,moto,DEUDOR-VIDA-01
1542564d-a043-4ca5-b596-4f4e3f50dec8,valentina.gomez92@hotmail.com,57,Bogotá,CC,2.5_3,arrendada,false,0,casado,false,false,false,true,perro,carro,EXEQ-01
8c930f37-46ae-473a-afd6-d2b39d35b726,3685513127,58,Cali,CC,20_30,arrendada,true,2,soltero,false,false,false,true,gato,moto,VIDA-01
6faf1aa5-48f8-4a0f-8185-7a20f2525acc,3207632713,39,Soacha,CC,1_1.5,familiar,false,0,viudo,false,false,false,true,perro,carro,APEXEQ-PAL-01
59bf6c35-2b9d-48d9-9c67-8f9fd11dabe2,,75,Medellín,CC,10_20,arrendada,false,0,viudo,false,false,false,false,,carro,EXEQ-01
0d67834a-5faf-457c-89af-26345e95b8f9,luis.suarez79@hotmail.com,37,Bogotá,CC,3_4,propia,true,2,union_libre,false,true,false,true,perro,carro,DEUDOR-VIDA-01
28afe890-191a-4231-9fd4-f18beb391230,3222931778,45,Soacha,CC,1.5_2,propia,false,0,casado,false,false,false,true,gato,ninguno,MOTO-01
22d0955f-a490-4986-babd-d52a37874429,3932480861,32,Zipaquirá,CC,2.5_3,arrendada,false,0,soltero,false,false,false,true,perro,carro,ASMULT-01
4ca665e7-e9a1-41db-98d6-0db25c21141a,3557932770,25,Funza,CC,3_4,familiar,false,0,union_libre,false,false,false,true,perro,bici,MOTO-01
64b27da5-af7a-4758-af3f-84e166614aad,3177732643,50,Bogotá,CC,4_6,arrendada,true,3,union_libre,false,false,false,false,,ninguno,VIDAAH-01
97d135f8-665a-4f5e-b0c3-68a740354639,carolina.gomez80@hotmail.com,73,Bogotá,CC,3_4,arrendada,true,2,viudo,false,false,false,true,perro,moto,EXEQ-01
a39b819d-d193-4aaa-8f75-0b4d15347d9a,3506890255,64,Bogotá,CC,1.5_2,familiar,true,4,casado,false,false,false,true,perro,carro,DEUDOR-VIDA-01
44462172-6b73-4501-97d5-71b57b0657b5,juan.suarez46@outlook.com,26,Bogotá,CC,3_4,familiar,true,2,viudo,false,false,false,false,,moto,HOGAR-01
cbbb695e-a46f-4776-9af2-082897058923,andres.rodriguez73@hotmail.com,71,Medellín,CC,menor_smlv,arrendada,false,0,viudo,false,false,false,false,,carro,APEXEQ-PAL-01
86a521ed-2022-4de4-abac-4c09f575730b,3532501699,30,Bogotá,CC,1.5_2,familiar,false,0,divorciado,false,false,false,true,gato,ninguno,ARRENDA-01
d3889eef-a213-4063-9404-8bc4d0c32daf,,55,Bogotá,CC,menor_smlv,propia,false,0,soltero,true,false,false,false,,ninguno,VIDA-01
b4619fad-ac5f-418c-aa74-61e97bd76a82,3388193927,55,Bucaramanga,CC,6_8,propia,false,0,viudo,false,false,false,true,otro,carro,VIDAAH-01
66b58684-4c51-400f-a62b-3b7ca6229e71,3505415667,75,Medellín,CC,menor_smlv,arrendada,true,2,divorciado,false,false,false,false,,moto,ASMULT-01
31350fd2-32e4-4426-b7de-a3b9bb18d732,3026270664,53,Bogotá,CC,1.5_2,propia,false,0,soltero,false,false,false,true,perro,moto,ASMULT-01
0f54ab3b-0861-4945-8b1b-de2dc2745370,,59,Medellín,CC,1.5_2,propia,false,0,viudo,true,false,false,true,perro,ninguno,PET-PREP-01
128156de-8a32-48ef-b1e6-3a148f1e0196,daniela.rodriguez82@outlook.com,49,Bogotá,CC,20_30,propia,false,0,union_libre,false,false,false,false,,carro,BICI-01
fc6b9fd0-2197-48b3-be4f-1f0d35cb2571,,26,Medellín,CC,2.5_3,propia,true,4,union_libre,false,false,false,true,gato,ninguno,DEUDOR-VIDA-01
d50cd241-7b06-430d-9fef-ce16803f90fd,3355916491,71,Mosquera,CC,20_30,arrendada,false,0,divorciado,true,false,false,true,perro,carro,EXEQ-01
6e895f65-fbe7-4c44-bea7-99cd83cce2a6,ana.moreno16@yahoo.com,65,Barranquilla,CC,3_4,arrendada,false,0,divorciado,false,false,false,false,,carro,PET-ASIS-01
c92a5c1e-92ea-4629-b904-9a4bbcbb5fb4,3779017154,70,Bogotá,CC,8_10,familiar,false,0,union_libre,false,false,false,true,perro,carro,ASMULT-01
31807769-e251-449b-917f-e8496fdda512,sebastian.ramirez40@outlook.com,73,Soacha,CC,1_1.5,familiar,false,0,soltero,false,false,false,true,perro,ninguno,MOTO-01
8e4ab4ee-4ed3-4cc8-8214-c91f9a3cdd39,3429851448,43,Bogotá,CC,2.5_3,familiar,false,0,casado,true,false,false,true,otro,moto,ARRENDA-01
31c75281-a933-48cc-a848-124fb5879a24,diana.rojas37@yahoo.com,44,Bogotá,PA,6_8,arrendada,true,3,viudo,false,false,false,true,perro,carro,VIDAAH-01
2f3ad88a-aa95-4990-97bc-e74b9c1b524a,3412503834,66,Soacha,CC,1_1.5,propia,false,0,union_libre,false,false,false,true,gato,moto,MOTO-01
2d29cb43-0ad3-4b04-83f7-98d3d2f6623f,3468927047,29,Bogotá,CC,2_2.5,familiar,true,2,union_libre,false,false,false,false,,ninguno,ARRENDA-01
d5c0dbd3-0554-40e5-b560-4b0f293b3219,3465184788,35,Barranquilla,CC,mayor_30,familiar,true,4,viudo,false,false,false,true,perro,moto,BICI-01
5df67ae3-fb3c-43a5-b2bf-9983229f6d9e,natalia.torres76@outlook.com,19,Bogotá,CC,3_4,propia,false,0,casado,true,false,false,true,perro,ninguno,DEUDOR-VIDA-01
d50456b9-9d6f-4bb4-8025-132f0588e9cd,3886465089,74,Bogotá,CC,menor_smlv,arrendada,true,2,soltero,false,false,false,false,,carro,EXEQ-01
70cfef60-592b-4baa-ad9f-a15a62d3fe7d,3919863708,41,Medellín,CC,menor_smlv,arrendada,false,0,casado,false,true,false,true,gato,moto,APEXEQ-PAL-01
332e6a2d-4a68-404a-a037-54a5f5b9191f,felipe.gonzalez38@yahoo.com,42,Bogotá,CC,1_1.5,propia,true,4,viudo,false,false,false,true,perro,moto,PET-SEG-01
4ebafb53-c571-4392-bb3f-5a79bdf91e2b,felipe.ortiz38@yahoo.com,65,Bogotá,CC,8_10,arrendada,true,1,soltero,false,false,false,false,,carro,BICI-01
ae59b242-31ff-4a0b-bc01-0ac5aea7aa87,3021444155,29,Zipaquirá,CC,10_20,arrendada,false,0,divorciado,false,false,false,false,,bici,BICI-01
760fe07a-7ed5-4362-945b-e0aa45d62790,3037161608,74,Bogotá,CC,8_10,propia,false,0,viudo,false,false,false,false,,carro,EXEQ-01
468de552-e464-4ab6-aa43-f8fe7d6d0c76,paula.sanchez7@yahoo.com,70,Funza,CC,mayor_30,propia,true,2,soltero,true,false,false,true,perro,ninguno,HOGAR-01
9784bbbd-f604-44ab-a42c-efada88b3d36,3313678377,46,Zipaquirá,CC,menor_smlv,propia,false,0,union_libre,true,false,false,true,perro,ninguno,PET-PREP-01
7ac81ceb-f59a-4ebd-91e1-de776f69b48b,3358496200,31,Medellín,CC,1.5_2,propia,true,1,casado,true,false,false,false,,ninguno,BICI-01
b961beb4-bd74-45f0-9c16-0b50998f41d5,3696944391,63,Soacha,CC,3_4,arrendada,true,4,soltero,false,false,false,true,perro,carro,ASMULT-01
44f35de8-e6fe-417c-8ef6-f87a74eb671e,3543321259,62,Bogotá,CC,3_4,familiar,true,3,casado,true,false,false,false,,bici,VIDA-01
1e5dc3cc-865e-4faf-ba65-59864755ea30,paula.sanchez19@hotmail.com,73,Bogotá,CC,menor_smlv,arrendada,false,0,union_libre,false,false,false,true,gato,carro,APEXEQ-PAL-01
b85d7d55-da84-48fe-9ff2-af5995c5641c,3056100679,21,Bogotá,CC,menor_smlv,familiar,false,0,soltero,false,false,false,false,,ninguno,BICI-01
a9ffe7d1-0564-4f65-a93d-3d07168a5695,3901722240,74,Soacha,CC,3_4,propia,true,4,divorciado,false,false,false,true,gato,carro,MOTO-01
b2d84e48-2823-4a09-866c-dc059b61dc31,valentina.torres50@hotmail.com,29,Bogotá,CC,menor_smlv,arrendada,false,0,union_libre,false,false,true,true,perro,bici,APEXEQ-PAL-01
205b7d05-f7ce-4c95-9657-fd5ee77bc457,david.gonzalez81@yahoo.com,48,Cali,CC,3_4,familiar,true,3,viudo,true,false,false,true,gato,ninguno,DEUDOR-VIDA-01
fd65e98e-eb98-4697-aa5d-38aa9d6e3b7c,3207279999,36,Barranquilla,CC,10_20,familiar,true,3,soltero,false,false,false,true,perro,carro,PET-ASIS-01
d36d14ad-cd90-4b81-a380-5a64a364bf3b,3912812126,31,Medellín,CC,1_1.5,familiar,false,0,viudo,true,false,false,false,,ninguno,APEXEQ-PAL-01
3a31a833-ba0e-4d3f-9128-c3a25aa35e60,3541084297,56,Bogotá,CC,mayor_30,arrendada,true,4,divorciado,false,false,false,false,,carro,PET-SEG-01
53a274f5-fd6b-4a6b-9172-cf66f1877e5d,3621815997,63,Barranquilla,CC,6_8,arrendada,false,0,casado,false,false,false,true,perro,moto,HOGAR-01
5ba4d9f4-88d1-4977-9c11-f672e22c1316,santiago.gomez97@yahoo.com,28,Bogotá,CE,menor_smlv,familiar,false,0,union_libre,false,false,false,true,gato,ninguno,ARRENDA-01
c690197c-7faa-4e99-a285-028142bab16c,,70,Bucaramanga,CC,8_10,familiar,false,0,divorciado,true,false,false,true,otro,moto,PET-ASIS-01
7eb0f41d-e9cd-4ab0-a35a-bee1697c938d,,23,Medellín,CC,6_8,arrendada,false,0,soltero,true,false,false,true,perro,moto,BICI-01
eb41cfa1-8a59-42bb-bb1d-23fb63cad224,3015269744,26,Bogotá,CC,menor_smlv,propia,true,4,soltero,false,false,false,true,gato,ninguno,BICI-01
141c915b-d874-43b0-853b-f4547a739ca3,3243625854,35,Medellín,CE,1.5_2,propia,false,0,viudo,false,false,false,true,perro,moto,BICI-01
9636eda6-c83e-4497-8b72-19fcbbc51fbb,luis.sanchez71@gmail.com,65,Barranquilla,CC,8_10,arrendada,false,0,divorciado,false,false,false,true,gato,carro,EXEQ-01
616d0f2f-94e8-4eb1-b809-86d9b2debf27,felipe.suarez97@hotmail.com,39,Bogotá,CC,menor_smlv,familiar,true,2,casado,false,true,false,true,perro,carro,HOGAR-01
12b08606-97ff-42f7-9420-b32213e89371,diana.ramirez97@outlook.com,28,Cali,CC,menor_smlv,propia,false,0,soltero,false,false,false,true,gato,moto,ARRENDA-01
66048c6e-e0c8-4877-bd22-2c1106a29308,3428168362,39,Zipaquirá,CC,menor_smlv,arrendada,true,2,soltero,true,false,false,true,perro,carro,ASMULT-01
f8540a98-0cc5-4058-92fd-374b2bc4072b,3588704919,30,Bogotá,CC,1_1.5,familiar,false,0,divorciado,true,false,false,true,gato,moto,DEUDOR-VIDA-01
9a852371-09eb-4427-b937-acac61e902e4,3079077045,51,Bogotá,CC,4_6,propia,true,1,soltero,false,false,false,true,perro,moto,VIDAAH-01
8561b1ca-cc89-4d33-8508-d70a3afabaf0,3257852352,69,Bogotá,CC,8_10,propia,false,0,soltero,false,false,false,true,otro,carro,EXEQ-01
a4492307-37f7-4252-9cdb-0704e56bcfd5,3265088997,41,Soacha,CC,2.5_3,familiar,false,0,union_libre,true,false,false,false,,moto,MOTO-01
2791cc83-4b9c-46c0-98f2-bfd1b0b9f2af,3870909590,27,Cali,CE,20_30,arrendada,false,0,viudo,false,false,false,true,perro,moto,PET-SEG-01
f68114da-571f-4a26-9692-e180e2c3f88d,3481105027,66,Cali,CC,1.5_2,arrendada,true,4,divorciado,false,false,false,true,perro,moto,PET-ASIS-01
68131811-2eb9-48c4-aa2b-9651cfdabdfe,3039240514,28,Bogotá,CC,6_8,propia,false,0,union_libre,true,false,false,false,,carro,BICI-01
6d74a346-08cf-486f-a821-5caf042e7880,3819135053,64,Bogotá,CE,mayor_30,arrendada,false,0,viudo,false,false,false,true,gato,bici,PET-ASIS-01
90e71a72-2c3e-452b-bafb-881adf017113,,56,Barranquilla,CC,2.5_3,arrendada,false,0,viudo,false,false,false,true,perro,ninguno,DEUDOR-VIDA-01
bb84349f-3f69-4efa-8842-0cd3c322f30f,david.ramirez5@yahoo.com,74,Bucaramanga,CC,2.5_3,arrendada,false,0,divorciado,false,false,false,true,perro,ninguno,EXEQ-01
0db9abfb-241a-4622-a1e9-ab708324671b,3795196149,72,Soacha,CC,8_10,propia,true,1,union_libre,true,false,false,false,,ninguno,HOGAR-01
356db823-0e5f-40f6-b97b-f3ca91a11e5b,3458569771,18,Cali,CC,2.5_3,arrendada,true,4,viudo,false,false,false,false,,ninguno,BICI-01
d2262019-00fb-4b08-bf8f-e5615e5dd927,felipe.garcia18@yahoo.com,21,Medellín,CC,20_30,arrendada,false,0,casado,false,false,false,true,gato,carro,PET-ASIS-01
c7934baa-ceea-429d-8084-9fe67fe4bb5e,3032664214,26,Cali,CC,4_6,familiar,true,3,viudo,true,false,false,false,,ninguno,BICI-01
7b600e71-9097-4fb0-9854-f02088197714,3688772753,53,Bogotá,CC,4_6,arrendada,true,4,soltero,false,false,false,true,gato,moto,VIDA-01
07946d4a-ffb4-4633-84db-b538fa07be82,felipe.ramirez34@outlook.com,45,Bogotá,CC,1_1.5,arrendada,false,0,casado,false,false,false,true,otro,ninguno,APEXEQ-PAL-01
78e27312-c00b-4370-aba7-be34b087c147,,67,Bogotá,CC,1_1.5,familiar,false,0,union_libre,true,true,false,true,perro,ninguno,ASMULT-01
6cf245d2-1067-43fd-9881-7e39c18915b6,,65,Soacha,CC,mayor_30,familiar,false,0,viudo,false,false,false,true,perro,ninguno,DEUDOR-VIDA-01
78ce483c-9451-4d2e-a2c2-d5a51724c6ac,3249371041,47,Mosquera,CC,4_6,propia,false,0,viudo,false,false,false,true,otro,moto,DEUDOR-VIDA-01
5ab18157-27d4-4290-af61-f5f85bc8f232,,44,Bogotá,CC,2.5_3,arrendada,false,0,union_libre,false,false,false,true,perro,ninguno,DEUDOR-VIDA-01
aee350da-8ac0-403e-adb8-9f698cd52d55,,49,Bucaramanga,CC,6_8,familiar,false,0,union_libre,false,false,false,true,perro,carro,VIDAAH-01
e179215f-1d7d-4162-88f8-11fc27e3cde9,3737260720,24,Bogotá,CC,2.5_3,familiar,false,0,viudo,true,false,false,true,perro,ninguno,SALUD-01
38e1325e-d972-4ebf-96f2-e9da6168797e,3156670191,50,Soacha,CC,6_8,propia,true,4,soltero,true,false,false,true,gato,moto,PET-ASIS-01
9eacb322-2ec1-418d-acd4-00dcaff3fd59,,35,Cali,CC,2_2.5,arrendada,false,0,soltero,false,false,false,true,perro,bici,ARRENDA-01
671e12b2-4c4d-4a01-8e45-878e79160a10,3034910740,24,Bogotá,CC,3_4,familiar,true,1,soltero,false,false,false,false,,ninguno,BICI-01
d2d922b9-0fed-47ad-b4f3-ac505a6b146d,daniela.ortiz78@yahoo.com,39,Barranquilla,CC,4_6,arrendada,false,0,soltero,false,false,false,true,perro,ninguno,VIDAAH-01
39c88d69-90bc-41b8-b4d5-0ba9e639d7a1,3889155939,52,Mosquera,CC,10_20,arrendada,false,0,divorciado,false,false,false,false,,ninguno,DEUDOR-VIDA-01
36f794da-9201-42de-8214-15ac52077cdd,julian.perez51@outlook.com,24,Bogotá,CC,6_8,familiar,false,0,viudo,false,false,false,true,gato,ninguno,BICI-01
e65642c9-f90a-4dd1-bc79-9a2b9ab84b58,3603079843,66,Medellín,CC,4_6,propia,false,0,union_libre,false,false,false,true,perro,moto,HOGAR-01
e178dce6-ef83-46da-befb-36c09e95addf,3893475978,39,Manizales,CE,4_6,propia,true,3,union_libre,false,false,false,true,perro,carro,VIDAAH-01
c19fa66d-daae-42f9-ba5c-c8191711326d,3775130610,69,Medellín,CC,1.5_2,propia,true,1,divorciado,false,false,false,false,,moto,EXEQ-01
6e2ba467-b1e8-4741-8b3f-b2b8b4df401a,3141939606,46,Barranquilla,CC,4_6,arrendada,true,4,soltero,false,false,false,true,otro,moto,VIDAAH-01
139f6d09-766f-4f90-9f8a-3f062aa4bd74,3455436233,23,Bogotá,PA,10_20,familiar,false,0,casado,true,false,false,false,,carro,DEUDOR-VIDA-01
4345b0a0-9562-46d4-8427-805ca281355d,maria.sanchez10@yahoo.com,69,Soacha,CC,10_20,familiar,false,0,soltero,false,false,false,true,perro,ninguno,PET-SEG-01
2b8f5283-b0ae-4487-9aad-ae0eb298d2ee,3271810631,56,Cali,CC,8_10,arrendada,true,3,union_libre,false,false,false,false,,moto,BICI-01
39cdc9d6-f315-4ca5-929a-b298705d8bf3,felipe.perez98@gmail.com,48,Medellín,CC,6_8,familiar,true,3,casado,true,false,false,true,perro,moto,SALUD-01
d4fc493a-38ce-4b29-acf6-bae764ad8765,david.suarez66@gmail.com,46,Zipaquirá,CE,3_4,arrendada,false,0,casado,false,false,false,true,otro,ninguno,MOTO-01
5956bcc5-435b-4573-b1d1-48e65f656981,julian.vargas99@gmail.com,34,Bogotá,CC,20_30,propia,true,3,union_libre,false,false,false,false,,carro,HOGAR-01
a5565a1a-9b23-48d0-ae8c-a1d2f2031eab,3839992192,65,Bogotá,CC,1_1.5,propia,false,0,union_libre,false,false,false,true,perro,carro,ASMULT-01
6efd7211-51b6-4e2a-afb0-4aea4264741a,3212813309,36,Manizales,CC,2_2.5,familiar,true,1,soltero,false,false,false,true,otro,carro,BICI-01
60e59571-5b7b-4db8-90a9-65400644f4b0,,37,Barranquilla,CC,6_8,propia,false,0,union_libre,false,false,false,false,,moto,VIDAAH-01
013449c2-eb22-484d-9882-e65f9f6277ef,,18,Bucaramanga,CC,3_4,propia,true,1,viudo,false,false,false,true,perro,ninguno,SALUD-01
5befa133-fbac-4188-b2a6-90f0d4228e04,jorge.torres40@outlook.com,59,Mosquera,PA,8_10,arrendada,true,1,casado,true,false,false,false,,carro,SALUD-01
ebf011ce-fe41-4df7-bcd3-c87eb8d088cf,3514382552,47,Bogotá,CC,4_6,propia,true,4,union_libre,false,false,false,true,gato,carro,VIDAAH-01
a8b46502-ff45-4c55-bbf4-cd387e5c274d,julian.florez29@gmail.com,32,Funza,CC,2.5_3,familiar,true,3,casado,true,false,false,true,perro,ninguno,MOTO-01
3c502a26-5c0a-4b1b-8448-dda905a39720,3278005608,52,Medellín,CE,4_6,propia,true,3,soltero,false,false,false,true,perro,ninguno,HOGAR-01
58b5fad4-1a77-4b9a-adcb-81da986084c1,david.gonzalez93@outlook.com,63,Bogotá,CC,20_30,familiar,false,0,viudo,false,false,false,true,otro,ninguno,HOGAR-01
c4f20634-4b6f-45a0-8062-d7fcbf503ad7,natalia.torres11@hotmail.com,68,Bogotá,CC,10_20,arrendada,false,0,union_libre,true,false,false,true,perro,ninguno,PET-ASIS-01
2607608b-e079-4b73-b3c0-5555e3bd9316,3300976325,26,Bucaramanga,CE,6_8,familiar,false,0,casado,false,false,false,true,otro,moto,HOGAR-01
17110461-6a67-4e44-95a0-9427b8876b90,juan.castro68@outlook.com,27,Cali,CC,4_6,arrendada,false,0,viudo,true,false,false,true,perro,carro,BICI-01
385aee7d-da5d-492a-b888-d703ce33166b,3540231342,61,Bogotá,CC,4_6,familiar,false,0,casado,false,false,false,false,,ninguno,PET-SEG-01
4c39d118-f695-4865-bc51-0600cf7ea82e,carolina.rodriguez12@gmail.com,58,Zipaquirá,CC,2.5_3,propia,true,1,casado,false,false,false,true,gato,ninguno,EXEQ-01
5e814959-fb0a-4ed5-9885-bf0eb0fc6d31,sofia.garcia3@outlook.com,41,Bogotá,CE,2.5_3,familiar,false,0,divorciado,false,false,false,true,perro,ninguno,HOGAR-01
a6a88dce-6153-42ae-b6ee-d12b9b05f55b,3275027192,42,Soacha,CC,1_1.5,propia,false,0,soltero,false,false,false,true,perro,carro,MOTO-01
da04f65e-9f6d-4ece-ae40-b320a39307c6,3132613542,70,Bogotá,CC,menor_smlv,propia,true,1,viudo,true,false,false,true,perro,carro,APEXEQ-PAL-01
4510419b-63d0-4ce4-ae73-90a0c8dd5267,3269278297,28,Funza,CC,mayor_30,arrendada,false,0,casado,false,false,false,true,gato,ninguno,BICI-01
83df2530-22df-48ee-ab21-ad907182fd14,3495962413,67,Soacha,CC,1.5_2,arrendada,true,3,viudo,false,false,false,false,,moto,DEUDOR-VIDA-01
7c8802e0-1bdb-4c3f-b543-0dbbc81bcf74,3488966997,27,Barranquilla,CC,3_4,familiar,false,0,casado,false,false,false,false,,ninguno,ASMULT-01
e50e273e-ceb6-4800-8ece-e44acfc30f6c,andres.torres81@gmail.com,34,Cali,CC,8_10,arrendada,false,0,viudo,false,false,false,false,,ninguno,DEUDOR-VIDA-01
325856be-2615-40a2-94c3-cd807f85a22f,,37,Medellín,CE,2_2.5,arrendada,true,1,casado,true,false,false,true,perro,carro,SALUD-01
fd1ee4a4-ff9f-4d34-8f24-e4802b3e6350,diana.sanchez15@yahoo.com,52,Medellín,CC,1_1.5,arrendada,false,0,divorciado,false,false,false,true,perro,ninguno,VIDA-01
b7f7ddc7-6a80-4f00-94e2-39e662568432,,51,Medellín,CC,1.5_2,propia,false,0,union_libre,true,false,false,true,perro,carro,MOTO-01
170b634b-9e05-47c8-9622-759ba52bc7c9,3585757903,69,Bogotá,CE,mayor_30,propia,false,0,divorciado,false,false,false,true,gato,carro,PET-ASIS-01
ecfbbd29-ced5-43e5-aaed-7396a9ebc0fe,,18,Cali,CE,6_8,propia,false,0,casado,false,false,false,true,perro,bici,PET-SEG-01
3babe793-f04d-4e61-84c9-6ab4e0f650ca,3205600642,18,Medellín,CC,10_20,propia,false,0,casado,false,false,false,true,perro,moto,PET-SEG-01
5b2cf0c2-1054-490b-b591-3bfb6ba01151,3609600750,47,Bucaramanga,CE,mayor_30,familiar,false,0,divorciado,false,false,false,true,perro,bici,DEUDOR-VIDA-01
d04fc5cf-5ef2-4aa7-9c5d-a67ce5130524,,45,Medellín,CC,10_20,familiar,true,2,soltero,false,false,false,true,perro,ninguno,HOGAR-01
a317d10f-cc2b-42b1-90a0-c21f0fb1d0f4,carlos.vargas4@yahoo.com,25,Bogotá,CC,1_1.5,arrendada,true,3,union_libre,false,false,false,true,perro,ninguno,DEUDOR-VIDA-01
01307a3f-e46f-4ded-8cf7-b7fec84ba983,3858663565,63,Bogotá,CE,6_8,propia,true,1,casado,false,false,false,false,,ninguno,HOGAR-01
3e18ba23-c924-4747-8f2c-49fbfd92d241,3891271773,68,Bogotá,CC,1.5_2,arrendada,true,3,divorciado,false,false,false,false,,carro,DEUDOR-VIDA-01
78cc34e1-f636-43f8-a5be-c9fb89348941,valentina.ortiz66@gmail.com,64,Barranquilla,CC,4_6,arrendada,true,3,soltero,true,false,false,true,perro,carro,PET-ASIS-01
70d6f25a-cee3-4ef5-8751-f0dd5e75ad78,,39,Bogotá,CC,6_8,arrendada,false,0,divorciado,false,false,false,true,perro,moto,VIDAAH-01
dac047a7-ebfd-44df-a754-cd6adaf0782a,3360549469,26,Barranquilla,CC,menor_smlv,familiar,false,0,union_libre,true,false,false,false,,ninguno,SALUD-01
36fdf881-2969-4ada-ba4d-8f807d6637df,,46,Medellín,CC,10_20,arrendada,false,0,soltero,false,false,false,false,,bici,APEXEQ-PAL-01
3b3567b5-639e-40ba-9087-ca0f725dfc13,3867811080,27,Barranquilla,CC,1.5_2,familiar,true,2,divorciado,false,false,false,true,gato,carro,DEUDOR-VIDA-01
04391023-d065-4263-a06e-1078f5445cab,3565960402,53,Medellín,CC,20_30,arrendada,false,0,union_libre,false,false,true,true,perro,bici,HOGAR-01
62018315-b30e-4029-bd51-2d8641d3d87e,3577545847,34,Barranquilla,CC,4_6,propia,false,0,viudo,false,false,false,true,gato,bici,BICI-01
df09d218-39c7-4b30-8002-d38823b190ec,daniela.ortiz98@gmail.com,43,Medellín,CC,6_8,arrendada,false,0,viudo,false,false,false,false,,carro,VIDAAH-01
60c1be08-819d-490c-8bef-f826bd84c945,3134631078,56,Funza,PA,3_4,propia,true,4,viudo,false,false,false,false,,ninguno,MOTO-01
4639ca85-3bfb-417c-b415-2154a24eb748,,21,Bogotá,CC,2.5_3,familiar,true,1,casado,false,false,false,true,gato,moto,VIDA-01
5fd2bb90-9c37-4f9a-8333-662849b00711,3801099973,34,Medellín,CC,8_10,familiar,true,2,viudo,true,false,true,false,,bici,DEUDOR-VIDA-01
16ddd8ef-198c-4f35-af8b-5391f95a4d6a,3459908027,22,Bogotá,CC,8_10,propia,true,2,soltero,false,false,false,false,,ninguno,HOGAR-01
d9cfa6e7-d92f-4e8d-8ae1-2a014db39e0f,3183762950,40,Bogotá,CC,6_8,familiar,false,0,divorciado,false,false,false,true,perro,ninguno,VIDAAH-01
ae1fa1a4-c971-4239-ac08-b234f116e9e2,3408926870,40,Bogotá,CC,1_1.5,familiar,false,0,divorciado,false,false,false,true,otro,carro,APEXEQ-PAL-01
2497f7a7-323f-4658-adfd-2425bdcb4c37,3200003901,25,Cali,CC,menor_smlv,familiar,true,1,soltero,false,false,false,false,,carro,ASMED-01
74072be2-2758-4da0-98f1-76b6a8f0990b,3004108479,69,Funza,CE,1_1.5,propia,true,3,soltero,true,false,false,true,perro,moto,ASMED-01
22a8e87d-c895-4884-ba13-3b6a6695f5e5,jorge.perez62@outlook.com,71,Medellín,CC,6_8,arrendada,true,4,union_libre,true,false,false,true,perro,carro,EXEQ-01
dc23d21e-75a6-42ff-8923-06d971808c78,,20,Mosquera,CC,3_4,familiar,false,0,viudo,false,false,false,true,otro,ninguno,MOTO-01
e7d72b59-4443-4f87-9d30-549c5dc0bebd,3781219657,32,Mosquera,CC,3_4,propia,false,0,union_libre,false,false,false,true,otro,carro,APEXEQ-PAL-01
74742d77-acd2-45d7-8c2c-b5fab1a916cc,,64,Bucaramanga,CC,3_4,arrendada,false,0,casado,false,false,false,true,otro,ninguno,PET-SEG-01
21a82276-aa03-4a2b-bd4b-599313d55dad,carolina.sanchez40@yahoo.com,21,Medellín,CC,6_8,familiar,true,4,casado,true,false,false,true,otro,carro,PET-SEG-01
daf0c2d5-6642-4b27-bda0-3ba1b9c31774,3088081726,27,Bogotá,CE,2.5_3,propia,true,4,viudo,true,false,false,true,perro,moto,ASMULT-01
018fd47b-1ef9-4036-a227-2d13ac013b4c,3732798059,61,Bogotá,CC,1.5_2,familiar,true,1,casado,false,false,false,false,,carro,ARRENDA-01
75b72fd5-1cc3-444e-9255-a382412d37a2,ana.torres23@gmail.com,29,Bogotá,CC,4_6,familiar,false,0,union_libre,false,false,false,true,perro,carro,PET-ASIS-01
f2435eba-2bff-48ff-8e4e-7b247263f104,ana.lopez36@outlook.com,69,Soacha,CE,2_2.5,familiar,true,1,divorciado,false,false,false,true,perro,ninguno,HOGAR-01
f64c6f70-9de2-41fd-863c-fd67bfbaf2e6,3071492360,29,Medellín,CC,4_6,familiar,false,0,soltero,false,false,false,true,gato,moto,BICI-01
1da94aea-64b5-4121-a600-9befc53bb143,3031538882,71,Cali,CC,4_6,arrendada,false,0,casado,false,false,false,false,,ninguno,HOGAR-01
d9fd53f9-e911-46da-bb12-2c46dd191213,camila.moreno6@outlook.com,41,Medellín,CC,1_1.5,propia,true,2,viudo,true,false,false,false,,ninguno,ASMED-01
86fd6000-19a2-4553-8013-62dc86d28776,3931963039,56,Bogotá,CC,mayor_30,propia,true,4,divorciado,false,false,false,true,perro,ninguno,HOGAR-01
b8867f67-4396-4db7-8d37-732ad413f9b6,,22,Soacha,PA,6_8,arrendada,false,0,casado,false,false,false,true,gato,ninguno,ASMED-01
04405ad6-6821-4447-8f88-c7e31945dde3,sebastian.sanchez17@hotmail.com,32,Medellín,CC,2.5_3,arrendada,false,0,union_libre,true,false,false,true,gato,moto,DEUDOR-VIDA-01
178427f2-fc58-464c-a252-0ca08893e5de,julian.martinez12@outlook.com,69,Soacha,CC,1.5_2,propia,true,4,viudo,false,false,false,true,perro,ninguno,ARRENDA-01
b0949821-3e3b-48ce-ab47-08421f5dfc25,julian.lopez79@yahoo.com,44,Bogotá,CC,4_6,propia,false,0,union_libre,true,false,false,false,,ninguno,HOGAR-01
b62fc51e-0050-4d3a-b13b-4564671f8ee6,laura.garcia50@outlook.com,39,Bogotá,CC,menor_smlv,familiar,false,0,viudo,false,false,false,false,,ninguno,PET-PREP-01
0ab466d5-bb27-43f2-80e0-12601c0ff3de,,39,Bucaramanga,CC,2_2.5,propia,false,0,union_libre,true,false,false,false,,moto,ARRENDA-01
b3bdca28-c034-4cee-9573-972f1910bd00,3965959656,18,Bogotá,CC,1_1.5,familiar,false,0,casado,false,false,false,false,,bici,APEXEQ-PAL-01
0b579e1a-a413-4d1b-bb1b-fc5147b3ece9,sebastian.sanchez90@hotmail.com,61,Bogotá,CC,3_4,propia,false,0,union_libre,false,false,false,true,gato,moto,EXEQ-01
e8cfab58-147b-4fc7-8a8e-33db3ef31732,,64,Medellín,CE,1.5_2,familiar,true,4,union_libre,false,false,false,true,gato,bici,ARRENDA-01
d219f712-aa8f-4294-b87e-ae4c36a26598,,59,Cali,CC,8_10,arrendada,false,0,viudo,false,false,false,true,perro,moto,PET-SEG-01
0c3b2b19-881b-44b2-8f33-d671b02ccbab,santiago.vargas39@yahoo.com,57,Soacha,CC,10_20,arrendada,true,4,union_libre,true,false,false,true,perro,carro,SALUD-01
63687dcb-3544-48d4-9575-d667cf500fc0,3018364723,22,Bucaramanga,CC,8_10,arrendada,false,0,union_libre,true,false,false,true,gato,carro,BICI-01
30df3b61-b88f-4152-b125-bf4dbb2ece18,juan.lopez99@hotmail.com,41,Mosquera,CC,mayor_30,propia,false,0,union_libre,false,false,false,false,,ninguno,HOGAR-01
5df7a7b5-381e-480f-8bfc-816a524f21a4,3529367562,47,Medellín,CC,2.5_3,arrendada,false,0,union_libre,false,false,false,true,otro,bici,ASMULT-01
ee924371-f352-42c6-888e-0129d2d686a3,3091639750,41,Bogotá,CC,4_6,familiar,false,0,viudo,false,false,false,false,,moto,HOGAR-01
2ea83ad0-d789-4c3e-b32e-b09bf97b01ed,juan.jimenez79@yahoo.com,75,Medellín,CC,3_4,familiar,false,0,soltero,true,false,false,true,perro,ninguno,DEUDOR-VIDA-01
a94685bf-ec5f-4c9d-ac25-cbabd5b82e77,3641009538,73,Zipaquirá,CC,1_1.5,familiar,true,3,divorciado,false,false,false,true,perro,carro,ASMULT-01
ee9f20ff-4ec2-465c-aef0-c469077f5001,3118803467,20,Medellín,CC,mayor_30,propia,true,4,soltero,false,false,false,true,otro,ninguno,HOGAR-01
4cba8eed-d052-4ab8-ba05-505c33c21a17,jorge.florez93@gmail.com,68,Bogotá,CC,2.5_3,familiar,true,3,divorciado,false,false,false,true,gato,ninguno,EXEQ-01
02718101-6b17-4d14-ae90-4e5b7347c951,sofia.jimenez53@outlook.com,33,Bogotá,CE,1.5_2,propia,true,2,divorciado,false,false,false,true,perro,bici,BICI-01
383b4bbd-6a5c-4f0b-abe3-0f418f3e5ef7,,65,Cali,CC,menor_smlv,arrendada,false,0,casado,false,false,false,true,perro,moto,HOGAR-01
4b92f248-7623-46a6-a4cf-d1ff317b81d9,natalia.perez31@hotmail.com,66,Bogotá,CC,1.5_2,familiar,true,4,viudo,false,false,false,true,perro,moto,EXEQ-01
a5ecdf80-ee87-4a6a-94ea-24306fe1cf93,3728986832,25,Medellín,CC,1_1.5,propia,true,4,soltero,false,false,false,true,gato,carro,APEXEQ-PAL-01
4ff31366-2a3f-4b72-ac4d-7136ceb139ed,maria.lopez30@yahoo.com,50,Bogotá,CC,3_4,arrendada,false,0,union_libre,false,false,false,false,,carro,PET-SEG-01
b7b6b7c6-9b34-4958-ba45-d9f4c7cbedee,3923057824,38,Medellín,CC,1.5_2,propia,false,0,soltero,true,false,false,true,perro,ninguno,ARRENDA-01
17f22891-07b7-4128-a7a8-c10860a168e9,3747069531,29,Bogotá,CC,4_6,arrendada,false,0,viudo,false,false,false,true,gato,ninguno,DEUDOR-VIDA-01
2c9b6fa4-1bb7-43a1-a5b1-eff16ba3e01d,3918149836,49,Zipaquirá,CC,2_2.5,arrendada,false,0,viudo,true,false,false,true,gato,ninguno,MOTO-01
a0474c1b-0c5c-4c5c-a3da-4e5607df355e,3278888189,31,Barranquilla,CC,2.5_3,arrendada,true,4,soltero,false,false,false,true,perro,carro,ARRENDA-01
9d36d623-c6fa-4ca1-8b78-2f45c8ee9383,3303879426,31,Soacha,PA,20_30,arrendada,false,0,soltero,false,false,false,false,,bici,HOGAR-01
b3e9cf45-0a89-4c5c-bd53-eb0c82081e2a,3230391114,25,Bogotá,CC,1.5_2,familiar,true,1,divorciado,false,false,false,true,perro,carro,BICI-01
c8738aa5-7b91-4691-8da7-164cfc8d5cce,,72,Soacha,CC,1_1.5,familiar,true,3,casado,false,false,false,false,,moto,PET-SEG-01
2af01572-7369-4e63-bbd3-d5c12b5220a8,natalia.rodriguez45@yahoo.com,30,Zipaquirá,CC,2.5_3,familiar,true,2,soltero,false,false,false,true,gato,carro,MOTO-01
4d598445-ff10-4646-b9a2-27c9df2d4a52,3144920749,69,Bogotá,CC,1.5_2,arrendada,false,0,viudo,false,false,false,true,perro,carro,PET-ASIS-01
15a24906-8d5c-4acb-ad1e-eb73fc36d6af,3569420184,34,Medellín,CE,1.5_2,arrendada,false,0,divorciado,false,false,false,false,,ninguno,DEUDOR-VIDA-01
2a1c187f-8d5f-4299-9df2-79078a1ee532,3563481415,47,Medellín,CE,menor_smlv,familiar,true,1,viudo,true,false,false,false,,ninguno,APEXEQ-PAL-01
c74a581b-6304-428f-9cdd-f365bc0a8307,3670386256,59,Medellín,CC,menor_smlv,arrendada,true,1,soltero,true,false,false,true,perro,ninguno,APEXEQ-PAL-01
dc862b60-d2ff-4a06-be87-05d6e605d405,3197014262,19,Bucaramanga,CC,menor_smlv,arrendada,false,0,soltero,false,false,false,true,perro,moto,APEXEQ-PAL-01
75d37937-256a-41cd-b677-ee2f45d7fcc5,luis.perez39@yahoo.com,55,Zipaquirá,CC,1.5_2,propia,false,0,casado,false,false,false,false,,carro,HOGAR-01
b44c4d8b-f0d7-438d-9da3-cb17b27f749f,3712082677,59,Bogotá,CC,2_2.5,arrendada,true,3,union_libre,false,false,false,true,gato,ninguno,PET-SEG-01
e0f993f0-a0c7-4ab7-9da2-3d6f4d3f1f05,,21,Bogotá,CC,1_1.5,familiar,false,0,divorciado,false,false,false,true,perro,ninguno,APEXEQ-PAL-01
89631c12-2b42-4b52-b1d8-5b1e28188a63,3204319274,61,Bogotá,PA,1_1.5,propia,true,4,divorciado,false,false,false,false,,bici,EXEQ-01
65e8a701-36b8-4c24-99d0-38531b8c6224,3354513640,26,Bogotá,CC,mayor_30,familiar,false,0,viudo,false,false,false,true,gato,carro,DEUDOR-VIDA-01
2b6a9a7a-8918-453e-81d0-9154f049dba9,3804505211,44,Bogotá,CC,4_6,propia,false,0,divorciado,true,false,false,true,otro,ninguno,VIDAAH-01
7a9be2ef-9cde-4b00-b4b2-af3bab48db43,natalia.gomez54@gmail.com,23,Bucaramanga,CC,8_10,propia,false,0,casado,false,false,false,true,perro,moto,HOGAR-01
5dd03825-ebfb-46e7-990a-f5acb42e9deb,3331812335,58,Barranquilla,CC,20_30,arrendada,true,1,divorciado,false,false,false,true,perro,carro,EXEQ-01
4882bf71-322d-417a-be81-2ac5a753fc29,3947281326,72,Bogotá,CC,3_4,familiar,true,3,union_libre,true,false,false,true,perro,moto,PET-SEG-01
680b7ff2-1712-445e-9032-8c1c165d8ca9,sofia.garcia32@gmail.com,30,Barranquilla,CC,1_1.5,arrendada,true,3,casado,false,false,false,true,perro,ninguno,ASMULT-01
205607e6-c8b9-49c7-a08a-ae962574985c,3744124043,52,Medellín,CE,2.5_3,propia,false,0,viudo,false,false,false,false,,moto,ASMULT-01
47326d36-36e3-4829-b95d-c93edcb5af8b,daniela.martinez87@gmail.com,68,Soacha,CC,1_1.5,arrendada,false,0,casado,false,false,false,true,perro,moto,MOTO-01
5251b069-76d0-472a-8b54-52fab859b44b,diego.lopez6@hotmail.com,58,Cali,CC,4_6,propia,true,1,viudo,false,false,false,true,perro,moto,HOGAR-01
5073c562-bf98-4670-b1d8-55e43fdb5b70,3461189787,61,Funza,CC,6_8,propia,true,2,divorciado,false,false,false,true,otro,carro,EXEQ-01
b64314ec-0da6-4b1c-a62b-cb3a34ca91d9,natalia.jimenez77@gmail.com,38,Bucaramanga,CC,1_1.5,propia,false,0,soltero,false,false,false,true,perro,bici,ASMULT-01
c339d229-f0fb-4e4d-9648-d02a3567310c,3657713715,30,Bogotá,CC,1_1.5,propia,false,0,divorciado,false,false,false,true,perro,carro,APEXEQ-PAL-01
5f6f76f1-3f24-4a78-ae2c-a01d926db2e3,3230506671,34,Zipaquirá,CC,menor_smlv,arrendada,false,0,casado,false,false,false,true,gato,carro,MOTO-01
cf45ed09-e782-461f-8fff-6bf67cafd76e,3904290257,74,Bucaramanga,CC,4_6,propia,false,0,union_libre,true,false,false,false,,ninguno,HOGAR-01
4b35a215-35be-4a81-ad96-2d1eb021e25d,3404207675,23,Mosquera,CC,1_1.5,familiar,false,0,divorciado,false,false,false,true,perro,ninguno,MOTO-01
484f6d7e-024b-4c38-a598-05ddea3dfe6f,luis.rodriguez53@yahoo.com,63,Bogotá,CC,2_2.5,propia,true,4,casado,false,false,false,true,perro,ninguno,ARRENDA-01
b1c607f5-33ef-4e16-87bb-c61845d3d697,3746621997,50,Bogotá,CC,2_2.5,arrendada,false,0,divorciado,false,false,false,false,,bici,DEUDOR-VIDA-01
b112ff25-c690-4dc7-baa8-eb953b1f3b5a,3732819750,47,Medellín,CC,6_8,propia,false,0,soltero,false,false,false,true,perro,moto,DEUDOR-VIDA-01
a9756132-6f96-4d8a-bb81-cdcceaec98c1,3371084257,63,Bogotá,CC,mayor_30,arrendada,true,3,casado,false,false,false,true,perro,carro,EXEQ-01
75c12952-5d1d-4ad8-9232-1c37535c92b0,3778347106,29,Medellín,PA,4_6,familiar,false,0,casado,false,false,false,true,gato,carro,DEUDOR-VIDA-01
78454af3-5ecd-4077-a78d-28ac0711bdb0,,31,Cali,CC,3_4,familiar,false,0,casado,false,false,false,false,,carro,PET-SEG-01
c8c4a26e-ce84-4403-baaf-c2355cedb665,3638124057,63,Bogotá,PA,20_30,familiar,false,0,casado,false,false,false,true,gato,carro,SALUD-01
faa47124-2bf3-4a33-86fc-7c4ce2bc77d3,3211203829,57,Bogotá,CE,8_10,propia,false,0,viudo,true,false,false,false,,ninguno,SALUD-01
de327f66-e632-4cc7-8d38-57530122c0d8,3897295505,70,Bogotá,CC,3_4,propia,true,3,soltero,true,false,false,true,perro,moto,ARRENDA-01
dc1bb1ee-fde1-4bd2-98df-ac943ce9877a,3441023873,71,Manizales,CC,2_2.5,propia,false,0,viudo,false,false,false,true,gato,ninguno,ARRENDA-01
94f1ee2c-a6e1-40c5-880e-29c2ed4b9176,david.perez69@yahoo.com,61,Bogotá,CC,2_2.5,arrendada,false,0,soltero,false,false,false,true,perro,ninguno,PET-SEG-01
855385e9-a448-4d39-ba55-e9504dd3a44c,3334704071,34,Funza,CC,3_4,familiar,false,0,divorciado,false,false,false,false,,ninguno,MOTO-01
a73a2d5d-9e1b-4f8c-8225-ae6c6bd57abd,ana.perez79@outlook.com,33,Bogotá,CC,2.5_3,propia,false,0,union_libre,false,false,false,false,,ninguno,VIDA-01
afed1206-1298-4b3e-bd2e-ee4bc45dbbbf,3105567242,46,Barranquilla,CC,2.5_3,propia,false,0,soltero,false,false,false,true,perro,ninguno,VIDAAH-01
11e0d2a8-47f0-4fee-8d47-99dbf7d969b0,sofia.jimenez58@hotmail.com,28,Soacha,CC,1.5_2,familiar,false,0,viudo,false,false,false,false,,carro,MOTO-01
a4a293aa-a557-4954-b65b-a7261c606fab,,44,Bucaramanga,CE,6_8,propia,false,0,casado,true,false,false,false,,bici,VIDAAH-01
71f58ac0-bd07-4c10-8dae-d2b29d88c441,3149764613,44,Medellín,CC,menor_smlv,arrendada,false,0,divorciado,false,false,false,true,perro,carro,ARRENDA-01
74ad1914-73cc-4333-abbd-802f3a460b9a,daniela.vargas44@hotmail.com,65,Cali,CC,1_1.5,propia,true,3,soltero,false,false,false,false,,ninguno,APEXEQ-PAL-01
b41dfe18-ecc6-471c-b790-7f0689881241,,67,Medellín,CC,10_20,familiar,true,3,casado,false,false,false,true,gato,moto,VIDA-01
d83134f3-e51d-41dd-81ff-29e03f9d9360,3785321013,32,Zipaquirá,CC,2_2.5,familiar,true,2,soltero,false,false,false,true,perro,moto,MOTO-01
1d14a205-c67e-403b-94a8-d8386720a4e1,3178076615,34,Medellín,CC,3_4,familiar,false,0,viudo,false,false,false,false,,bici,EXEQ-01
424493ec-e16b-4a1f-b60c-13d4a3cf8ce9,3727562202,25,Soacha,CC,menor_smlv,arrendada,true,2,viudo,true,false,false,false,,ninguno,MOTO-01
d88a4d0a-9471-4dbd-9c32-446c76410562,3310587686,69,Zipaquirá,CC,10_20,familiar,false,0,union_libre,false,false,false,true,perro,moto,DEUDOR-VIDA-01
48bc0591-e74b-4e76-b12f-3c40466aa95b,felipe.moreno63@outlook.com,32,Bogotá,CC,8_10,familiar,false,0,union_libre,true,false,false,false,,moto,DEUDOR-VIDA-01
03ac5220-5645-4bc8-a8aa-450c70f38586,valentina.rojas42@yahoo.com,68,Medellín,CC,4_6,arrendada,true,4,divorciado,true,false,false,true,perro,carro,SALUD-01
daf73ee9-6252-4fce-9bf3-e94d855616f1,diana.sanchez63@yahoo.com,35,Bucaramanga,CC,4_6,propia,true,3,soltero,true,false,false,true,perro,bici,ASMED-01
10fc6f01-1afb-4d5b-b0c9-ec80f08e0c01,felipe.garcia89@yahoo.com,49,Cali,CC,1_1.5,arrendada,false,0,soltero,true,false,false,false,,ninguno,APEXEQ-PAL-01
0e47682e-4634-4129-b245-a3cf31e7e202,3708053828,74,Soacha,CC,8_10,familiar,false,0,soltero,false,false,false,false,,carro,EXEQ-01
4e44d3be-673e-4b0f-97da-cc3581cc6d39,sebastian.gonzalez69@outlook.com,30,Bucaramanga,CC,8_10,familiar,false,0,divorciado,false,false,false,true,gato,moto,HOGAR-01
afe08023-0727-42aa-9631-407cf6f5fc2f,3187213983,64,Medellín,CC,menor_smlv,propia,false,0,soltero,false,false,false,false,,carro,HOGAR-01
6e14134d-43ab-42ac-b8fb-04a66747ab79,3475031681,40,Medellín,CE,6_8,propia,true,4,divorciado,false,true,false,true,perro,moto,BICI-01
1f6e1f09-dc04-49a6-ac9b-561ef437882b,3259137206,20,Cali,CC,6_8,arrendada,false,0,casado,true,false,false,true,perro,ninguno,BICI-01
7cb39a74-7f44-4c33-a832-05595bc83ab1,3989319508,61,Bogotá,CC,menor_smlv,propia,true,1,divorciado,false,false,false,true,otro,carro,APEXEQ-PAL-01
cb7fd697-c892-40ff-8a67-ba1aa530f92a,,45,Funza,CC,menor_smlv,familiar,true,4,union_libre,false,false,false,false,,moto,MOTO-01
b8f8f27c-e67f-4b50-b4ac-2515d9d2f742,3801155769,35,Cali,CC,6_8,familiar,true,3,soltero,true,false,false,false,,ninguno,HOGAR-01
233a5722-f65a-4ca2-bbef-9db2843ceee6,3916269696,48,Bucaramanga,CC,1.5_2,arrendada,true,2,casado,true,false,false,true,perro,carro,VIDA-01
e3a94e7f-1f98-41ee-b45b-ab63be3fbe11,sebastian.rodriguez27@yahoo.com,55,Bogotá,CC,1.5_2,propia,false,0,soltero,true,false,false,true,otro,ninguno,ARRENDA-01
822bf07a-33a5-45a2-b7b8-2dc236f10c84,david.rojas67@hotmail.com,24,Bogotá,CC,8_10,familiar,false,0,union_libre,false,false,false,true,otro,moto,VIDA-01
bf3a7721-4416-4a28-b9bb-1a0a854fff65,3383790238,64,Cali,CC,3_4,familiar,false,0,union_libre,false,false,false,true,gato,carro,ASMULT-01
044fc7b9-f252-4c85-bc99-d493b1ab1e7f,3193588953,73,Bogotá,PA,10_20,propia,true,2,divorciado,false,false,false,true,perro,ninguno,EXEQ-01
7f7f416e-a294-4113-84dc-697431b20a52,3520599604,62,Funza,CC,3_4,familiar,true,4,viudo,false,false,false,true,gato,bici,MOTO-01
4e5bb718-407e-4cc5-9eb4-67dd3ec87dea,camila.vargas32@outlook.com,70,Bogotá,CC,2_2.5,arrendada,true,4,divorciado,false,false,false,false,,ninguno,EXEQ-01
4855da25-17dc-459b-896e-cf0c77775fcd,3560571219,51,Bucaramanga,CC,4_6,propia,true,2,divorciado,false,false,false,true,gato,moto,HOGAR-01
59346695-3ec6-453b-a6ca-3fa1bd97e48c,3589882391,44,Medellín,CC,mayor_30,propia,true,4,soltero,false,false,false,true,perro,moto,DEUDOR-VIDA-01
008d898a-7493-41b5-a330-0f77121e8bef,,70,Bogotá,CC,3_4,propia,true,1,soltero,true,false,false,false,,carro,ASMULT-01
8231e1d3-9b03-42d4-a23b-a59be76059ed,natalia.rodriguez71@yahoo.com,40,Medellín,CC,3_4,propia,true,3,union_libre,false,false,false,false,,ninguno,DEUDOR-VIDA-01
3c7c4504-2a99-460f-b74d-ec6258221a01,3539874573,71,Barranquilla,CC,4_6,arrendada,false,0,soltero,false,false,false,true,perro,carro,PET-PREP-01
3ee2e03b-54a3-47f7-92d6-ab7c69f9bf71,carolina.vargas26@yahoo.com,54,Bogotá,CC,2.5_3,arrendada,false,0,soltero,false,false,false,false,,carro,ASMULT-01
2a036ef8-3fac-49eb-a259-fa6d0c88f2ed,3931227254,74,Bogotá,CC,2.5_3,familiar,true,3,union_libre,false,false,true,true,perro,ninguno,PET-PREP-01
cbd9d0d8-6cca-429c-8f7c-a94e5dda4bf5,3193192294,23,Bogotá,CC,1_1.5,propia,false,0,casado,true,false,true,false,,moto,ARRENDA-01
566179bb-10f6-4584-aeea-2cc4e0879bc6,3676650618,52,Medellín,CC,6_8,familiar,false,0,viudo,true,false,false,true,perro,ninguno,VIDAAH-01
81163b25-0d65-40cc-aa82-d21ec0e2bb74,jorge.martinez79@outlook.com,19,Medellín,CE,8_10,familiar,false,0,divorciado,false,false,false,false,,ninguno,HOGAR-01
7872f6ec-864c-489a-9e60-669ddeefecf6,ana.garcia80@gmail.com,44,Bogotá,CC,10_20,familiar,false,0,divorciado,true,false,false,false,,bici,HOGAR-01
956da51a-8910-4d69-8cfe-51e80662983e,3618537474,72,Bogotá,CC,6_8,propia,true,2,union_libre,false,false,false,true,perro,ninguno,HOGAR-01
5a70fcdb-66df-41fd-b16f-b4f683a1cc0c,,63,Medellín,CC,3_4,familiar,false,0,union_libre,false,false,false,false,,ninguno,ARRENDA-01
a82a96b0-a083-47ce-b835-26d69fcb989b,3062629536,37,Bogotá,CC,2.5_3,propia,false,0,union_libre,false,false,false,false,,ninguno,HOGAR-01
0ec7c1e3-8af1-4e7f-a7a6-a1e4520bbc1f,3829851652,32,Bogotá,CC,20_30,familiar,true,4,casado,false,false,false,true,gato,moto,BICI-01
07bb914e-e8b8-4fea-a03b-a96a60a6be23,3896319630,40,Bogotá,CC,menor_smlv,arrendada,false,0,soltero,false,false,false,true,gato,moto,APEXEQ-PAL-01
f3b4970b-df45-4828-b5d1-f433140f5ef5,ana.castro62@gmail.com,25,Zipaquirá,CC,menor_smlv,arrendada,true,4,soltero,false,false,false,true,perro,carro,MOTO-01
5f971b67-6aa6-4253-b1fa-ed7ab4c9e335,3621274140,63,Bogotá,CC,3_4,arrendada,true,1,divorciado,false,false,false,true,perro,moto,HOGAR-01
388df693-c971-48bd-b872-f3cf53be3ab9,ana.torres79@outlook.com,32,Bucaramanga,CC,3_4,propia,false,0,divorciado,true,false,false,false,,carro,ARRENDA-01
fa71b920-98ed-48f6-a20c-acb748e2e952,carolina.garcia48@outlook.com,54,Mosquera,CC,1.5_2,arrendada,true,3,divorciado,true,false,false,true,perro,ninguno,MOTO-01
3b8d61f4-acf9-4247-b82d-6f4ff682af3c,3512137565,51,Funza,CC,menor_smlv,familiar,true,4,casado,false,false,false,true,perro,moto,MOTO-01
9ef45836-dbe1-4e15-9cd5-7ba217d27418,3116253522,56,Medellín,CC,2_2.5,familiar,true,4,casado,false,false,false,true,perro,ninguno,BICI-01
b7dacbd3-5c87-4b02-90eb-45891c7def7f,3471334181,28,Bogotá,CC,10_20,propia,false,0,divorciado,false,false,false,true,otro,ninguno,EXEQ-01
741ff9f0-55d7-4cb6-b304-b66ca677c556,3300932206,36,Bogotá,CC,4_6,propia,true,1,divorciado,false,false,false,false,,carro,PET-SEG-01
8b9232fa-27c4-4192-820a-e2038df26f3c,3842201388,52,Mosquera,CC,6_8,propia,true,2,soltero,false,false,false,true,perro,ninguno,VIDAAH-01
690f4aec-3a59-4e8f-a8fe-1e7ee0d50df8,,45,Medellín,CE,menor_smlv,arrendada,true,2,divorciado,false,false,false,true,perro,carro,APEXEQ-PAL-01
8016c87c-7b06-4944-b0c8-cd0d710deabf,3368970283,30,Bucaramanga,CC,3_4,familiar,true,4,viudo,false,false,false,true,otro,moto,BICI-01
ca40f2c7-91d3-4c0e-9b57-e3ae6a3da69a,3964229712,38,Funza,CC,3_4,familiar,true,4,divorciado,false,false,false,true,gato,carro,MOTO-01
09e77e51-8456-4a62-b801-0206aa137f9f,3363910257,36,Zipaquirá,CC,3_4,propia,true,4,casado,false,false,false,false,,carro,MOTO-01
39a8b0f5-517d-4068-ba6d-1652404bc253,3887449562,71,Bogotá,CC,20_30,propia,false,0,casado,false,false,false,true,otro,carro,EXEQ-01
de7847cd-d8b4-4594-a8fa-320386c8cdd1,,20,Bogotá,CC,20_30,familiar,false,0,divorciado,false,false,false,true,gato,ninguno,PET-ASIS-01
6ac4a99b-55e1-489b-ae8b-b09afe9fe131,carlos.florez95@gmail.com,62,Bogotá,CE,3_4,propia,false,0,union_libre,false,false,false,false,,bici,DEUDOR-VIDA-01
1e582dd9-f6d6-4f62-ac63-e9f3a480aa2c,paula.rojas52@yahoo.com,49,Bogotá,PA,mayor_30,arrendada,true,4,soltero,true,true,false,true,perro,moto,PET-SEG-01
d5e4f6d9-a209-469e-bcf9-603ecce5c090,3172131451,30,Bucaramanga,CC,3_4,propia,true,3,soltero,false,false,false,false,,moto,BICI-01
d59f3a93-9d7a-4ef2-a472-cd21f7b17b43,julian.suarez43@gmail.com,37,Medellín,CC,20_30,propia,false,0,viudo,false,false,false,true,perro,carro,PET-PREP-01
1d4ad5c5-c6df-48b8-bd1d-277aa75b2c74,,59,Medellín,CC,6_8,arrendada,false,0,viudo,true,false,false,true,gato,ninguno,ASMED-01
a5f6c63a-0d76-4550-8daa-8b1c52a18425,ana.sanchez92@hotmail.com,42,Cali,CC,4_6,propia,true,1,soltero,false,false,false,true,otro,ninguno,VIDAAH-01
30f48596-2aa5-4d3d-b64e-d152d11d276e,3419623421,45,Medellín,CC,4_6,familiar,true,4,casado,true,false,true,false,,ninguno,VIDAAH-01
1f0dc6c2-e400-42a8-9373-cd7d024ec9d4,3201091217,70,Medellín,CC,1.5_2,familiar,false,0,soltero,false,false,false,true,gato,ninguno,EXEQ-01
2ee0db0e-10ad-4781-9036-303a897c1be3,3604655866,63,Soacha,CC,3_4,propia,true,3,union_libre,false,false,false,true,otro,ninguno,MOTO-01
bfaf9473-6fd1-4e8c-a01c-1493f1364e49,3774625916,28,Bogotá,CC,1_1.5,propia,false,0,casado,false,false,false,false,,moto,BICI-01
01f2f9ff-f5e4-4065-9fc7-2e54f893252a,3579727313,75,Cali,CC,20_30,familiar,true,2,soltero,true,false,false,false,,ninguno,VIDA-01
b1631e9c-ac9c-4f1b-9cf7-55ef51ad83d8,3213596183,21,Bogotá,CC,20_30,arrendada,false,0,casado,true,false,false,false,,moto,SALUD-01
0c1a0ed2-a8de-4db4-988d-1268e30e4803,diana.garcia78@yahoo.com,68,Bogotá,CE,menor_smlv,familiar,false,0,soltero,false,false,false,true,gato,carro,BICI-01
4bead396-31c9-4501-a805-b69e546ddffe,3550506815,24,Bogotá,CC,2.5_3,propia,true,3,divorciado,true,false,false,true,perro,moto,DEUDOR-VIDA-01
7f47ba13-f9a1-490f-92b6-c169676d36d3,3797513154,44,Bucaramanga,CC,2_2.5,arrendada,true,4,divorciado,false,false,false,true,perro,moto,DEUDOR-VIDA-01
6a4ae97e-85d1-4dc7-bac7-894821279bb4,sofia.rojas55@yahoo.com,38,Bogotá,CC,2.5_3,familiar,false,0,viudo,false,false,false,true,otro,ninguno,PET-PREP-01
b9e26f12-41cb-4c7b-bb00-6cb9b905f591,carlos.sanchez47@yahoo.com,31,Cali,CC,3_4,familiar,false,0,casado,false,false,false,true,perro,carro,ASMULT-01
f13f1721-d4b6-439e-9335-1b994f07adc6,3981099752,68,Barranquilla,CC,4_6,familiar,false,0,divorciado,false,false,false,true,otro,carro,EXEQ-01
7c2645e0-f07e-48e6-933f-2c6e1eba51f1,3413653298,38,Funza,CC,menor_smlv,familiar,true,3,viudo,false,false,false,false,,bici,MOTO-01
5462073a-59d6-47ec-aa11-22f236092878,3159805602,29,Bucaramanga,CC,1.5_2,arrendada,true,4,soltero,true,false,false,true,perro,bici,DEUDOR-VIDA-01
5852dd5f-a767-4477-b161-ae4ef08c0b48,3608587495,25,Bucaramanga,CC,1_1.5,familiar,false,0,soltero,false,false,false,true,perro,ninguno,BICI-01
2325906d-2d19-4704-a7b8-b8045e2da0f5,3409185805,40,Barranquilla,CC,8_10,familiar,true,1,soltero,false,false,false,true,otro,ninguno,PET-PREP-01
3fd1e684-e2b4-4d88-ad1d-efca5cb35681,3365401973,25,Bogotá,CC,1_1.5,propia,true,2,soltero,false,false,false,false,,carro,VIDA-01
b5d37679-f41e-4ede-a9d2-66656d0ceb56,sofia.sanchez59@gmail.com,35,Bucaramanga,CE,2_2.5,familiar,false,0,union_libre,false,false,false,false,,ninguno,PET-ASIS-01
afaa8cc2-b873-4a01-98dd-6ad75f200aa9,,64,Soacha,CC,10_20,arrendada,true,2,divorciado,false,false,false,true,gato,ninguno,HOGAR-01
fad85e86-2921-4952-b962-2e5c68f127e0,david.ortiz51@outlook.com,72,Cali,CC,20_30,arrendada,true,4,divorciado,false,false,false,true,perro,ninguno,EXEQ-01
774d13ec-959e-453c-b8de-c31b5f42c853,3001792513,43,Mosquera,CC,menor_smlv,propia,true,2,casado,false,true,false,true,otro,moto,MOTO-01
8b47e1fa-3d05-432e-9f44-3ac13a6c88ee,3748508374,72,Medellín,CC,3_4,propia,false,0,soltero,false,false,false,true,gato,ninguno,ARRENDA-01
5e50c3ee-e49e-4d07-ab7e-3020c88886f9,camila.castro47@outlook.com,50,Medellín,CC,4_6,arrendada,false,0,casado,false,false,false,true,perro,ninguno,VIDAAH-01
dca86439-3f61-4621-9712-06c5cf5c7a0e,3456035661,57,Soacha,CC,6_8,propia,true,4,union_libre,true,false,false,true,perro,ninguno,PET-PREP-01
d93d264e-55aa-4eee-9666-daf65366271d,3128403339,66,Cali,CC,1_1.5,arrendada,false,0,divorciado,true,false,false,true,gato,ninguno,DEUDOR-VIDA-01
941cc61b-36dd-4512-9c2e-2c1be0161d1f,3781109659,64,Barranquilla,CC,2.5_3,familiar,true,3,union_libre,false,false,false,true,perro,ninguno,EXEQ-01
417cd644-a44c-4144-9cb8-a3866ccca818,3579687335,28,Bogotá,CE,menor_smlv,propia,false,0,viudo,false,false,false,true,gato,ninguno,ARRENDA-01
528d2d6a-2239-4559-8f26-9ed899ae0202,ana.rojas92@gmail.com,62,Mosquera,CC,8_10,arrendada,false,0,soltero,true,false,false,true,perro,carro,ASMED-01
419f739a-7c49-42d1-8ec2-2efd7af39f4b,3201740209,32,Bogotá,CC,8_10,familiar,true,3,union_libre,false,false,false,true,perro,moto,BICI-01
6e073a62-05c2-4d29-bbee-752d90b1f23d,ana.gomez90@hotmail.com,18,Soacha,CE,6_8,arrendada,true,3,viudo,false,false,false,false,,carro,HOGAR-01
d5211c0d-df81-4521-98a8-4acbf888af61,3323590632,74,Barranquilla,CC,8_10,arrendada,false,0,divorciado,false,false,false,true,perro,ninguno,PET-SEG-01
380dbc49-bbf2-4d3f-92e3-c87da642ec38,3519950819,75,Medellín,CC,2_2.5,propia,true,1,union_libre,false,false,false,false,,moto,DEUDOR-VIDA-01
12668c45-771b-4132-851e-de6e96b29275,carolina.rojas34@outlook.com,47,Bogotá,CC,4_6,arrendada,true,2,casado,false,false,false,true,perro,bici,HOGAR-01
404439ae-1ffb-4f83-b52a-f84da1f5c04c,3498356327,48,Medellín,CC,menor_smlv,propia,false,0,divorciado,true,false,false,false,,moto,MOTO-01
17bb1ecc-4eff-4dda-9fee-625f9dcf6360,3235158501,51,Medellín,CC,6_8,familiar,false,0,soltero,true,false,false,false,,bici,VIDAAH-01
1043ff84-24ac-4e1f-9273-438ac7b57288,3288390473,32,Bogotá,CC,2.5_3,arrendada,true,3,union_libre,false,false,false,true,perro,moto,DEUDOR-VIDA-01
385c5bf9-944e-4be7-8c6f-aed56823b375,3790898436,57,Bucaramanga,CC,menor_smlv,familiar,false,0,union_libre,false,false,false,true,perro,bici,APEXEQ-PAL-01
5d3cf903-7f33-4cfe-ac5b-dcf040c353fc,daniela.ortiz57@gmail.com,26,Bogotá,CC,4_6,familiar,false,0,casado,true,false,false,true,perro,bici,DEUDOR-VIDA-01
81bb8c91-9c70-4e93-a595-eb244756ccfb,,21,Bogotá,CC,1_1.5,familiar,true,4,divorciado,false,false,false,true,perro,ninguno,BICI-01
960abc49-2f3a-4ebe-87a6-c17d382d5993,3546103399,36,Soacha,CC,6_8,familiar,true,4,soltero,false,false,false,true,gato,ninguno,VIDAAH-01
4ce98366-c96e-4a6e-9fac-80288641d890,,34,Medellín,CC,2_2.5,familiar,true,3,soltero,false,false,false,true,perro,carro,DEUDOR-VIDA-01
ede703bf-072e-43ca-8a07-70719db2227c,3919226713,24,Mosquera,CC,1.5_2,arrendada,true,2,divorciado,true,false,false,true,perro,carro,MOTO-01
e4cf119c-3905-48a1-a0b0-63bc44d0be7b,3418507113,50,Bucaramanga,CC,2_2.5,familiar,true,3,soltero,false,false,false,true,perro,ninguno,BICI-01
4ae8d900-c7aa-43d7-8218-2d61a7fe2e08,daniela.rodriguez53@outlook.com,22,Barranquilla,CC,8_10,arrendada,false,0,divorciado,false,false,false,true,perro,carro,HOGAR-01
5c274053-6b59-4e99-8397-9b92d5af32ed,3568417273,41,Medellín,PA,4_6,arrendada,false,0,viudo,false,false,false,false,,bici,VIDAAH-01
e3d5d8c7-f526-4717-998c-7b120d64a8b3,3383349415,39,Manizales,CC,1.5_2,familiar,true,2,divorciado,false,false,false,false,,moto,VIDA-01
8f21d635-3735-47f4-8dd6-6978b8920c0c,3939770411,44,Bucaramanga,CC,2_2.5,familiar,true,1,union_libre,false,false,false,true,otro,moto,ASMULT-01
b548358f-4f37-4f27-a488-e86d3ac49600,juan.gonzalez47@yahoo.com,44,Manizales,CC,1_1.5,familiar,true,1,casado,false,false,false,true,perro,moto,APEXEQ-PAL-01
9b3b2bb5-8158-4fa2-b3cc-c820827b7790,jorge.florez58@gmail.com,56,Bogotá,CC,1_1.5,arrendada,false,0,union_libre,true,false,false,true,gato,moto,SALUD-01
48d839cd-e15c-4218-a2f1-6dc431f2aec0,natalia.martinez13@yahoo.com,40,Bogotá,CC,1.5_2,familiar,false,0,viudo,true,false,false,true,perro,moto,DEUDOR-VIDA-01
4f13f20d-11ce-4703-b327-9c8d90b9d5b1,diana.torres51@outlook.com,71,Medellín,CC,1_1.5,propia,true,2,union_libre,false,false,false,false,,moto,EXEQ-01
1d3cf66c-54e1-4f01-9f2e-52bbff702964,daniela.torres52@hotmail.com,39,Bogotá,CC,4_6,propia,false,0,viudo,false,false,false,false,,carro,VIDAAH-01
576eccf5-747c-48f6-8c9a-51d377bbfd0f,3186520575,69,Bogotá,CC,4_6,propia,true,2,divorciado,false,false,false,false,,ninguno,EXEQ-01
44bd9780-24ca-40b8-8440-f5484e15c857,3991499525,30,Medellín,CE,1.5_2,familiar,false,0,union_libre,true,true,false,true,perro,moto,ARRENDA-01
97a36cdd-d2e7-48cb-97c0-c19bc9aec8f9,3989137054,25,Bogotá,CC,20_30,propia,true,3,union_libre,false,false,false,true,otro,moto,BICI-01
27229885-c9d9-479e-9451-6e4063acdc71,3894752897,25,Bucaramanga,CC,1.5_2,familiar,false,0,union_libre,false,false,false,true,perro,moto,BICI-01
5b31a345-3829-45da-b955-c0c8f0cfcba7,3621427656,39,Medellín,CC,6_8,propia,false,0,divorciado,false,false,false,false,,bici,DEUDOR-VIDA-01
18d2f7bc-9bbe-4eef-b5b0-c5481ee62803,3696806455,69,Barranquilla,CE,2.5_3,familiar,false,0,casado,true,false,false,false,,bici,EXEQ-01
b2fc8402-ea11-4983-a680-3d7127a974b1,3850719612,55,Medellín,CC,menor_smlv,propia,false,0,casado,true,false,false,true,gato,moto,APEXEQ-PAL-01
93142651-7c52-4c34-8141-5fc2bc06e8cc,sebastian.castro69@hotmail.com,38,Mosquera,CC,20_30,propia,true,3,viudo,true,false,false,true,perro,ninguno,ASMED-01
0b521814-248e-4454-abc1-20db60dea186,felipe.suarez79@yahoo.com,24,Mosquera,CC,3_4,arrendada,false,0,casado,false,false,false,false,,carro,BICI-01
52771e3d-728e-47b2-80e2-0c156e5a8298,3812248905,42,Medellín,CC,6_8,propia,false,0,viudo,true,true,false,true,gato,moto,ASMED-01
a2383bfd-43b5-4ae0-8735-f0ba16b78357,3598125597,48,Bogotá,CC,menor_smlv,propia,false,0,divorciado,false,false,false,true,perro,moto,ASMULT-01
fee8c02d-fb97-406f-a184-fd1f21530518,laura.garcia26@yahoo.com,47,Bogotá,CC,8_10,familiar,true,4,viudo,true,true,false,false,,bici,HOGAR-01
f98990ce-9c96-4b90-aa9b-0b5ef6a89a9e,3530346867,31,Bogotá,CC,menor_smlv,arrendada,true,1,soltero,true,false,false,true,gato,moto,VIDA-01
1f3832a6-bc78-493b-b64e-8f58e90b29f9,andres.gomez10@gmail.com,65,Bogotá,CE,4_6,propia,true,2,casado,true,false,false,false,,carro,SALUD-01
d7bccda4-a1d0-46c0-8b21-ced62fabca10,julian.moreno32@outlook.com,39,Medellín,CE,1_1.5,propia,true,2,divorciado,false,false,false,false,,ninguno,DEUDOR-VIDA-01
7f05405e-ba97-4631-b9a8-e48136169eef,carlos.torres9@hotmail.com,27,Cali,CC,menor_smlv,propia,true,1,union_libre,false,false,false,false,,moto,APEXEQ-PAL-01
4087fa18-2551-4af2-a6e4-c2485d514b2f,3110176602,46,Soacha,CC,10_20,propia,true,2,divorciado,true,false,false,true,perro,carro,PET-SEG-01
4d253f93-ac74-4f6c-baec-8fb7ac6ca774,3825085115,37,Zipaquirá,CC,10_20,arrendada,true,4,union_libre,false,false,false,true,otro,carro,EXEQ-01
9644446b-35e7-4077-8809-ea726f674640,3330892333,59,Cali,CC,1_1.5,propia,true,3,soltero,true,false,false,true,perro,ninguno,ASMED-01
5c22eb43-785d-4777-bed5-043535ce9754,3921299642,43,Bogotá,CC,menor_smlv,propia,false,0,casado,true,false,false,true,gato,moto,SALUD-01
5a680134-d997-4fb3-8a97-9c010b3330af,3600454579,36,Bucaramanga,CC,1.5_2,arrendada,false,0,union_libre,true,false,false,true,otro,carro,BICI-01
6aeff3c8-2f1c-434b-9288-1655a1b76b25,juan.sanchez1@gmail.com,43,Soacha,CC,2_2.5,arrendada,false,0,soltero,false,false,false,false,,carro,PET-SEG-01
d4d7c127-a73c-49a6-be0d-0e699f3dddcd,julian.castro10@hotmail.com,48,Medellín,CE,menor_smlv,familiar,true,4,casado,true,false,false,true,gato,ninguno,SALUD-01
3603ecdc-7feb-48b9-9199-831ce4316629,3407248018,48,Bogotá,CC,10_20,familiar,true,4,soltero,false,false,false,false,,carro,DEUDOR-VIDA-01
9a4e3619-b2f4-41c2-acc1-e2cb7956bff5,luis.vargas13@yahoo.com,24,Bogotá,CC,1_1.5,familiar,true,3,viudo,false,false,false,true,perro,ninguno,ARRENDA-01
dfa2b249-e70f-4ad4-bc0e-369f90d2698a,3547597113,71,Medellín,CC,1_1.5,arrendada,true,4,viudo,false,false,false,false,,ninguno,APEXEQ-PAL-01
4519637a-4d21-4702-bdce-7cbd8fafe66d,3378956235,36,Bogotá,CC,2_2.5,arrendada,true,1,casado,false,true,false,true,perro,bici,PET-PREP-01
fbb49b5e-b4c5-4d1f-9eee-6010b8167351,sebastian.florez9@hotmail.com,49,Soacha,CC,8_10,arrendada,true,4,viudo,false,false,false,true,perro,bici,DEUDOR-VIDA-01
4307b497-580a-47aa-a29f-391768cfe1cc,maria.florez91@yahoo.com,32,Barranquilla,CC,3_4,familiar,false,0,viudo,false,false,false,true,otro,moto,PET-ASIS-01
543f796b-7f4c-4c07-afbb-70f6cac76e23,luis.ramirez9@outlook.com,39,Cali,CC,mayor_30,arrendada,true,1,casado,false,false,false,false,,carro,EXEQ-01
130857a7-9f18-4245-8f76-5347dd8a0d5a,jorge.florez25@gmail.com,58,Cali,CC,1_1.5,arrendada,false,0,casado,false,false,false,true,perro,carro,ASMULT-01
f97248d6-7b9c-40a7-9f3d-caecc0618bb7,3299037191,27,Soacha,CC,3_4,arrendada,false,0,viudo,true,false,false,false,,carro,MOTO-01
6478f94d-b2a6-4b17-8167-96be377bb080,paula.jimenez89@gmail.com,31,Bogotá,CC,2.5_3,propia,false,0,union_libre,false,false,false,false,,carro,BICI-01
8d682af3-022e-4b88-99d6-6d582ff048a1,3383465787,25,Bogotá,CE,2_2.5,propia,true,1,union_libre,true,false,false,false,,ninguno,SALUD-01
c125ff42-3683-4288-a535-89e1738cfdc1,ana.torres85@hotmail.com,73,Medellín,CC,mayor_30,propia,false,0,casado,false,false,false,true,gato,ninguno,PET-SEG-01
e355baa6-ca06-4e69-8ef9-3a260aaf518e,sofia.lopez63@hotmail.com,36,Barranquilla,CC,20_30,propia,true,1,casado,true,false,false,false,,moto,HOGAR-01
78e1896a-5b1f-4fc3-9ca8-e1f0e898b229,sofia.florez24@yahoo.com,40,Bucaramanga,CC,mayor_30,familiar,false,0,viudo,false,false,false,true,perro,bici,PET-SEG-01
858b612e-cebf-49b4-8590-86bc06bbb244,3418501664,60,Medellín,CC,1_1.5,arrendada,true,1,viudo,false,false,false,false,,carro,HOGAR-01
b95d06b4-7137-44f1-a379-34b02ba1c2ac,3959881145,46,Cali,CC,2.5_3,familiar,false,0,viudo,false,false,false,true,perro,ninguno,DEUDOR-VIDA-01
4f4fc676-4898-4b60-88ae-d8182841c7f5,3539122190,34,Bogotá,CE,2_2.5,familiar,false,0,divorciado,true,false,false,true,otro,bici,BICI-01
6edeeb7f-d6a5-436c-ae91-2b7514b3bb98,3146164157,32,Medellín,CC,menor_smlv,arrendada,true,4,viudo,false,false,false,false,,moto,ASMULT-01
16cd93ea-56a3-45ec-9e72-e7d626666344,,35,Bogotá,PA,mayor_30,arrendada,true,2,soltero,false,false,false,true,perro,ninguno,BICI-01
fd70024c-6e0d-4b97-9351-00759ca3d5b2,david.ortiz11@hotmail.com,68,Bogotá,CC,mayor_30,propia,true,1,divorciado,false,false,false,true,gato,ninguno,HOGAR-01
75516065-c8f5-436b-a6f8-686b2c18f61f,carlos.ortiz47@yahoo.com,68,Barranquilla,CC,20_30,familiar,true,1,casado,false,false,false,true,gato,carro,HOGAR-01
523648b4-dd72-4951-a4cc-c5974cec2dad,maria.jimenez70@gmail.com,48,Medellín,CC,2_2.5,arrendada,false,0,union_libre,false,false,false,false,,carro,DEUDOR-VIDA-01
d815e7e3-5fa4-4716-95d3-15377b75f737,3153176602,22,Bogotá,CC,2.5_3,familiar,false,0,union_libre,false,false,false,false,,ninguno,BICI-01
f34e32f8-fcc7-4911-af99-69d465722dc0,3864067560,28,Manizales,CC,menor_smlv,familiar,true,1,soltero,true,false,false,true,perro,carro,SALUD-01
e24bc202-8223-4be3-bab8-7baaeaff6775,3729904388,58,Mosquera,CE,menor_smlv,arrendada,true,4,divorciado,false,false,false,false,,moto,MOTO-01
3ab22d69-3f15-4858-8704-347b2a1b4fc3,julian.suarez62@yahoo.com,57,Bogotá,CC,4_6,familiar,false,0,casado,false,false,false,true,gato,ninguno,SALUD-01
b783f1a0-e48e-48e2-86ab-2255530d263a,3660648588,52,Bogotá,CE,20_30,arrendada,false,0,union_libre,false,false,false,false,,moto,HOGAR-01
a623f64c-8c19-442f-9173-fadccc25f0da,3376317749,41,Medellín,PA,3_4,propia,false,0,soltero,false,false,false,false,,ninguno,ASMULT-01
d25b44a8-417c-47de-92ea-7d988f1e6a43,diana.suarez22@hotmail.com,50,Medellín,CC,mayor_30,familiar,true,1,union_libre,false,false,false,true,perro,ninguno,BICI-01
6653c6db-db60-4943-8c69-1d3f25965545,carlos.sanchez78@gmail.com,38,Soacha,CC,menor_smlv,arrendada,true,1,viudo,false,false,false,true,perro,carro,MOTO-01
1e8e525e-53db-4b4b-94c4-9f571f7566cd,paula.rojas29@outlook.com,22,Barranquilla,CC,menor_smlv,propia,true,2,divorciado,false,false,false,false,,moto,BICI-01
2f893ab8-30d9-4c52-ab6c-61930fda49d4,,64,Medellín,CC,10_20,propia,false,0,viudo,false,false,false,true,gato,ninguno,EXEQ-01
7549fc26-bf03-413c-9817-9e605f347df1,3567794668,38,Bucaramanga,CC,1_1.5,propia,false,0,union_libre,true,false,false,false,,ninguno,APEXEQ-PAL-01
5a1ebc0d-282f-4272-92a6-640f4ff6571b,santiago.lopez8@hotmail.com,42,Bogotá,CC,mayor_30,familiar,true,3,divorciado,false,false,false,false,,bici,PET-SEG-01
f5deba5b-df20-49c8-b3bb-623cec2b0577,3179838713,39,Medellín,CC,1.5_2,arrendada,false,0,divorciado,false,false,false,false,,ninguno,DEUDOR-VIDA-01
4f1e2501-7844-4694-a39d-605e20374244,,61,Bogotá,CC,6_8,propia,true,1,viudo,true,false,false,true,otro,carro,SALUD-01
c2bae298-ceef-4cfb-b5c2-fdbf7e584a88,3936660448,25,Bogotá,CC,4_6,familiar,true,4,soltero,true,false,false,true,perro,carro,BICI-01
b3892a7f-5ec9-4092-acb4-782132f37e9d,,64,Barranquilla,CC,10_20,propia,false,0,soltero,false,false,false,true,otro,carro,EXEQ-01
3db0be65-1cda-429e-a81f-22c5664e1896,3960106658,24,Bucaramanga,CE,10_20,arrendada,true,2,union_libre,true,false,false,true,gato,carro,BICI-01
8a55214d-1e80-457f-aa4b-d82b3e6f3072,luis.martinez91@hotmail.com,70,Bogotá,CC,2.5_3,familiar,true,3,viudo,true,false,false,false,,moto,ASMED-01
e5478b24-76ae-4741-98c2-07f66c3125bd,carlos.jimenez22@outlook.com,66,Medellín,CC,1.5_2,familiar,true,4,soltero,false,false,false,false,,ninguno,BICI-01
7ff4aa35-d1cc-482a-8837-1366a4db2503,3573762426,42,Bogotá,CC,mayor_30,familiar,false,0,casado,true,false,false,true,perro,ninguno,SALUD-01
e9fc980b-fcd6-4fee-af7b-8e335a202372,,50,Bucaramanga,CE,20_30,arrendada,false,0,casado,true,false,false,false,,carro,ASMED-01
aada4316-f9df-4314-a277-6266ef9c0684,3785061613,25,Medellín,CC,20_30,propia,true,1,divorciado,false,false,false,true,perro,carro,PET-SEG-01
8d5509f4-bf90-42c2-8832-75e3fb09dbc8,3548078053,68,Bogotá,CC,2_2.5,propia,true,3,divorciado,false,false,false,true,perro,carro,EXEQ-01
b5c16bdf-d1c0-4853-bced-450c564671e6,3681720313,42,Bogotá,CC,10_20,arrendada,false,0,union_libre,true,false,false,false,,carro,SALUD-01
d8470d3e-8a43-40c2-8d9a-07e623413f73,diego.gomez56@hotmail.com,40,Bogotá,CC,4_6,propia,true,3,casado,false,false,false,true,gato,moto,VIDAAH-01
92419920-1a8a-4d73-9425-c9146e65428c,3354337327,51,Barranquilla,CC,4_6,familiar,false,0,divorciado,false,false,false,true,gato,carro,HOGAR-01
bb6930e9-14db-4856-b689-a707db434804,3352595332,28,Bucaramanga,CE,1.5_2,familiar,false,0,divorciado,true,false,false,true,perro,carro,PET-ASIS-01
6eb9ad1d-e512-4bc9-82c8-7681501d36f7,3918759905,50,Barranquilla,CC,8_10,arrendada,false,0,soltero,false,false,false,true,perro,ninguno,PET-SEG-01
03089d5f-3375-46da-8f27-8dc567d83c31,carlos.florez24@yahoo.com,71,Medellín,CC,6_8,arrendada,false,0,soltero,false,false,false,true,otro,carro,EXEQ-01
709e37bb-598a-475e-a6d0-97f24762be51,3236201342,73,Medellín,CC,1_1.5,arrendada,false,0,viudo,false,false,false,true,perro,carro,PET-SEG-01
13f76f89-440c-46bc-8050-73580313a93a,camila.martinez29@outlook.com,62,Bogotá,CE,menor_smlv,propia,true,2,union_libre,true,false,false,true,perro,moto,EXEQ-01
db7c5aa6-a188-4ea9-9a65-98c5f71c0769,andres.torres30@gmail.com,68,Medellín,CC,3_4,propia,true,2,casado,false,true,false,true,perro,ninguno,PET-PREP-01
8ae71d15-38c0-49e5-8ac1-1458994b3ed9,julian.rodriguez15@yahoo.com,53,Bogotá,CC,3_4,propia,true,1,viudo,true,false,false,false,,carro,ARRENDA-01
3df8a6ef-a9d5-4efa-8e59-d060b757d92f,jorge.rojas85@gmail.com,44,Bogotá,CE,4_6,propia,true,4,divorciado,false,false,false,true,perro,carro,DEUDOR-VIDA-01
a96dc7d5-8bdb-43d8-8a92-08bdb29251d6,jorge.jimenez43@gmail.com,72,Mosquera,CC,20_30,familiar,true,1,viudo,true,true,false,true,perro,ninguno,ASMED-01
47bac4b4-8073-40f8-9709-7d038434b097,3085830684,61,Medellín,CC,2_2.5,propia,false,0,divorciado,false,false,false,true,otro,moto,ARRENDA-01
ef7e1edc-cb1e-44b4-bea1-c270be0f8268,3234132426,62,Barranquilla,CC,1.5_2,familiar,false,0,viudo,false,false,false,false,,moto,DEUDOR-VIDA-01
00a8d2de-6487-47d3-8184-0b1b988af6a6,maria.jimenez2@gmail.com,53,Bogotá,CC,1_1.5,arrendada,false,0,divorciado,false,false,false,true,perro,ninguno,APEXEQ-PAL-01
24b0c6b7-370f-4b0d-aa4b-3ef2a3866d92,ana.castro56@hotmail.com,44,Bogotá,CC,6_8,familiar,true,4,divorciado,false,true,false,true,perro,moto,VIDAAH-01
02594219-afe0-49f9-83a7-f7c0a7197c47,3481001841,50,Medellín,CC,2_2.5,propia,true,1,casado,true,false,false,true,perro,carro,DEUDOR-VIDA-01
e2ff95ba-8c22-4a8a-8411-ec7053110d62,3227166239,59,Bogotá,CC,2.5_3,arrendada,false,0,casado,false,true,false,true,perro,moto,DEUDOR-VIDA-01
cde88a77-d077-465f-ab0b-7acef9c200cf,3759088700,73,Medellín,CC,1.5_2,arrendada,false,0,soltero,false,false,false,true,otro,ninguno,ARRENDA-01
2f47d472-da66-496e-a20c-20af25e328e4,3591520177,47,Zipaquirá,CC,mayor_30,arrendada,true,1,union_libre,false,false,false,false,,ninguno,HOGAR-01
ee8f0c5a-d690-4c47-8f79-56d94b7ef14d,,21,Cali,CC,1.5_2,propia,false,0,union_libre,false,false,false,false,,ninguno,BICI-01
58c50f6d-cf8e-426a-a896-275cd7b8657b,3007773217,40,Medellín,CC,menor_smlv,propia,false,0,divorciado,true,false,false,true,perro,ninguno,SALUD-01
ed06225e-6012-4409-9d87-fb92ff08e1eb,3324715258,73,Bogotá,CC,10_20,familiar,false,0,viudo,false,false,false,false,,ninguno,VIDA-01
19c5d001-dd6c-4d14-8281-f33c4c2da361,3650305241,61,Medellín,CC,2.5_3,propia,true,1,divorciado,false,false,false,true,perro,moto,EXEQ-01
4371e752-b946-4b37-b021-96332da63e35,3022359606,40,Cali,CC,8_10,arrendada,false,0,union_libre,true,false,false,true,perro,bici,HOGAR-01
89be6dcf-1042-4d56-92fd-d51c86c1931a,3623945354,43,Zipaquirá,CC,3_4,familiar,false,0,union_libre,false,false,false,true,perro,ninguno,DEUDOR-VIDA-01
d9a358a9-27f9-4a9a-991c-d58d67cf7e34,3769539087,52,Mosquera,CC,2.5_3,familiar,true,3,divorciado,false,false,false,true,perro,moto,MOTO-01
78e54369-b484-496d-9c60-3623a7cdb22e,3205596757,49,Medellín,CC,10_20,familiar,false,0,soltero,true,false,false,true,perro,bici,PET-ASIS-01
0e90dfb6-9fff-4e91-98bc-0f2a33580a95,3509894793,57,Bogotá,CE,8_10,familiar,false,0,casado,false,false,false,true,perro,ninguno,BICI-01
a803ed8a-ece5-401c-87b0-7c44532f1c4e,ana.garcia63@gmail.com,51,Bogotá,CC,20_30,arrendada,true,1,union_libre,true,false,false,true,otro,ninguno,HOGAR-01
d7180b5f-0f77-4404-92bb-d9153a3dff3c,3185455418,57,Bogotá,CC,10_20,arrendada,true,2,soltero,false,true,false,false,,ninguno,HOGAR-01
